Date,0
2010-01-05,0.008310698103116274
2010-01-06,0.00017928823054562198
2010-01-07,-0.004149082485564688
2010-01-08,-0.0036321608917889714
2010-01-11,0.0010306220629574825
2010-01-12,-0.008259269361743081
2010-01-13,0.004577834902789114
2010-01-14,0.004407620114462448
2010-01-15,-0.002190428720166569
2010-01-18,0.00371923076057684
2010-01-19,-0.009346887929670221
2010-01-20,-0.001319877049420829
2010-01-21,-0.024661716329450786
2010-01-22,-0.01096013096848914
2010-01-25,-0.005950018020906637
2010-01-27,-0.030926228000084918
2010-01-28,0.0016841433840441727
2010-01-29,0.004213235209856097
2010-02-01,0.0013162184791932546
2010-02-02,-0.015897517194710185
2010-02-03,0.02290371945872899
2010-02-04,-0.021233342329986055
2010-02-05,-0.024956235521520074
2010-02-08,0.008737166305544646
2010-02-09,0.006983986104640069
2010-02-10,-0.00969176832147266
2010-02-11,0.014257551054675034
2010-02-15,-0.004769738498479427
2010-02-16,0.008758676549228487
2010-02-17,0.01284675189719352
2010-02-18,-0.006563141376736293
2010-02-19,-0.010249051921110633
2010-02-22,0.005137880056267696
2010-02-23,0.00021630821015783917
2010-02-24,-0.0018678305576016359
2010-02-25,3.2651894580135686e-05
2010-02-26,0.011489248502883695
2010-03-02,0.019649930357373963
2010-03-03,0.011345150552668024
2010-03-04,-0.0015878804541915328
2010-03-05,0.0017793922680250744
2010-03-08,0.0063069923414666145
2010-03-09,-0.0037764103376173243
2010-03-10,0.0015576239239725896
2010-03-11,0.004149242209407695
2010-03-12,-4.230639149636938e-05
2010-03-15,-0.002564080628381771
2010-03-16,0.014494836656503994
2010-03-17,0.004401896331483732
2010-03-18,0.0026834005759816242
2010-03-19,0.002769681936362052
2010-03-22,-0.01141575679008537
2010-03-23,0.004344193682533911
2010-03-25,0.0061620505187651225
2010-03-26,0.0035989030426791953
2010-03-29,0.002883756616677391
2010-03-30,-0.007435931978621012
2010-03-31,-0.003007902614865626
2010-04-01,0.008014982361130652
2010-04-05,0.01412469953766555
2010-04-06,-0.002242908408204141
2010-04-07,0.0019907537643314224
2010-04-08,-0.013678742169745345
2010-04-09,0.01116109738066021
2010-04-12,-0.004599548068379898
2010-04-13,-0.0038374490097375356
2010-04-15,-0.009502937516981008
2010-04-16,-0.0013941710197766122
2010-04-19,-0.01262458988204026
2010-04-20,0.005965439205801637
2010-04-21,0.0015415401825873759
2010-04-22,0.0040484228522962
2010-04-23,0.0059181096695781026
2010-04-26,0.002778372821149884
2010-04-27,-0.0032027173808612595
2010-04-28,-0.017765453092665588
2010-04-29,0.00783690621145265
2010-04-30,0.004181484991715219
2010-05-03,-0.011643426098958428
2010-05-04,-0.014625690726713277
2010-05-05,-0.003342356923714438
2010-05-06,-0.007863009286707674
2010-05-07,-0.014366958763480386
2010-05-10,0.034297725097328695
2010-05-11,-0.01299627074604868
2010-05-12,0.003135102838377747
2010-05-13,0.004129703410608484
2010-05-14,-0.015979148293699074
2010-05-17,-0.008821782850487351
2010-05-18,0.004210321723841368
2010-05-19,-0.03187936093021686
2010-05-20,0.006125440990636314
2010-05-21,-0.0018455994092780466
2010-05-24,-0.0009259268285012673
2010-05-25,-0.027188754527710846
2010-05-26,0.02337386650775453
2010-05-27,0.01470836431252049
2010-05-28,0.01305685714468
2010-05-31,-3.712509894930431e-05
2010-06-01,-0.020271446956141744
2010-06-02,0.008681939296097754
2010-06-03,0.018310052153662906
2010-06-04,0.004327805503196282
2010-06-07,-0.023237864348054915
2010-06-08,-0.005234303687254809
2010-06-09,0.0005699716835535465
2010-06-10,0.015857962962615935
2010-06-11,0.007102866948024806
2010-06-14,0.012817504866207747
2010-06-15,0.005870250590542345
2010-06-16,0.0001629140374108536
2010-06-17,0.00823835459521002
2010-06-18,-0.0018936354055149682
2010-06-21,0.015176039864771102
2010-06-22,-0.005690092331343976
2010-06-23,-0.00026883036371111164
2010-06-24,-0.0002756426491043623
2010-06-25,-0.008690401215301086
2010-06-28,0.009742698087934867
2010-06-29,-0.012515348521923984
2010-06-30,0.008474009614048664
2010-07-01,-0.011457933070171634
2010-07-02,-0.0016832901768725722
2010-07-05,-0.0031647779510825323
2010-07-06,0.013257557261092347
2010-07-07,-0.013343226713022648
2010-07-08,0.012173746009407654
2010-07-09,0.010112323375303798
2010-07-12,0.003027045294444306
2010-07-13,0.004615947028636886
2010-07-14,-0.004194905569617176
2010-07-15,-0.0012208639404053278
2010-07-16,0.0033984292466394906
2010-07-19,-0.0030077362009156092
2010-07-20,-0.002646535953580555
2010-07-21,0.005007981397783206
2010-07-22,0.007446709401420872
2010-07-23,0.0008296617095787449
2010-07-26,-0.00676186538381844
2010-07-27,0.0031361300016524672
2010-07-28,-0.007005205545901652
2010-07-29,0.0019609145758746832
2010-07-30,-0.007718951332440473
2010-08-02,0.011235363409934456
2010-08-03,0.0009755011993800981
2010-08-04,0.0045047458518074155
2010-08-05,-0.004777109419673449
2010-08-06,-0.0005901751622557803
2010-08-09,0.007211980851325456
2010-08-10,-0.004267045072101026
2010-08-11,-0.008423931162504405
2010-08-12,-0.0005088328707865285
2010-08-13,0.006961220369608019
2010-08-16,-0.008269081801604123
2010-08-17,0.00012139293699229572
2010-08-18,0.011128871257349847
2010-08-19,0.010272260413869583
2010-08-20,-0.00259010598873471
2010-08-23,0.0017114674538938157
2010-08-24,-0.006429944329873046
2010-08-25,-0.00842665428510838
2010-08-26,0.00311567271103239
2010-08-27,-0.012757208202866674
2010-08-30,0.00019996847937471052
2010-08-31,-0.0016933388287610142
2010-09-01,0.011683622785578798
2010-09-02,0.0012978504030079236
2010-09-03,-0.0008584168038329744
2010-09-06,0.015961527559158254
2010-09-07,0.005546209921826466
2010-09-08,-0.0013468650123076697
2010-09-09,0.006005179820944718
2010-09-13,0.021651575260749133
2010-09-14,0.003265375212099206
2010-09-15,0.012315984474502713
2010-09-16,-0.006905148823037922
2010-09-17,0.010052445766051528
2010-09-20,0.0161140371071105
2010-09-21,0.00328415697805457
2010-09-22,-0.003248449975829034
2010-09-23,-0.0048169829608956894
2010-09-24,0.009621036491928244
2010-09-27,0.0026483779495086687
2010-09-28,-0.0019111872306811063
2010-09-29,-0.006497542425132381
2010-09-30,0.0069483069570889285
2010-10-01,0.017441998952015127
2010-10-04,0.0020292759628557154
2010-10-05,-0.003415133121635608
2010-10-06,0.0071225897001784555
2010-10-07,-0.010902425935478278
2010-10-08,-0.0036071566685543905
2010-10-11,0.006435414275340552
2010-10-12,-0.008626248662004943
2010-10-13,0.022626041539565756
2010-10-14,-0.009053947375088172
2010-10-15,-0.02057575384842026
2010-10-18,0.0038121123332220414
2010-10-19,-0.007537614207026809
2010-10-20,-0.01017098627214684
2010-10-21,0.021989111360605947
2010-10-22,-0.00833188086898667
2010-10-25,0.005459821995188307
2010-10-26,-0.0026604293103165036
2010-10-27,-0.013308745817979806
2010-10-28,-0.0034152845696670572
2010-10-29,0.005632616066538518
2010-11-01,0.014053333698917238
2010-11-02,0.0006529823775930896
2010-11-03,0.005033322017453678
2010-11-04,0.019537451282897054
2010-11-08,-0.0016953928194330598
2010-11-09,0.0024107993112286214
2010-11-10,-0.0021064419034184773
2010-11-11,-0.014368266150390852
2010-11-12,-0.01977979934154328
2010-11-15,0.010250635716445695
2010-11-16,-0.02463565410467228
2010-11-18,0.00310273739742694
2010-11-19,-0.01927873471470096
2010-11-22,0.02020534408501132
2010-11-23,-0.013931597622962286
2010-11-24,-0.012081539221264643
2010-11-25,-0.011649857317383374
2010-11-26,-0.006809769784880425
2010-11-29,0.011105593066185835
2010-11-30,0.00621378685080308
2010-12-01,0.01443054895961389
2010-12-02,0.00737196681332002
2010-12-03,-0.002608312923021221
2010-12-06,-0.002205461733839991
2010-12-07,-0.00038241700798796133
2010-12-08,-0.014008531800751718
2010-12-09,-0.02310057564661889
2010-12-10,0.017356365014390036
2010-12-13,0.005983458570390926
2010-12-14,0.006076895281301011
2010-12-15,-0.010548104470612649
2010-12-16,0.010559631281512572
2010-12-20,-0.0012329922610943983
2010-12-21,0.008257252783724084
2010-12-22,-0.0029418100012701116
2010-12-23,-0.0011882204485892502
2010-12-24,0.0049429291434908
2010-12-27,-0.0021050959547588596
2010-12-28,-0.0016751120565594848
2010-12-29,0.011369196792964836
2010-12-30,0.005712543949513359
2010-12-31,0.004182607155550388
2011-01-03,0.00416226051836958
2011-01-04,-0.0029207079193129294
2011-01-05,-0.010647260111101658
2011-01-06,-0.004868649959329296
2011-01-07,-0.024396241969826763
2011-01-10,-0.023432199662717305
2011-01-11,-0.0013226382778375573
2011-01-12,0.018756785259799548
2011-01-13,-0.021710499075958595
2011-01-14,-0.01714582068994276
2011-01-17,0.0011496264711648991
2011-01-18,0.0112693356582787
2011-01-19,-0.007591139779585827
2011-01-20,0.0037263905309988833
2011-01-21,-0.0035309259979392255
2011-01-24,0.00814920761078649
2011-01-25,-0.010884068972305337
2011-01-27,-0.014503695291171294
2011-01-28,-0.016481057593137675
2011-01-31,-0.0004451290749190133
2011-02-01,-0.01724033716169083
2011-02-02,0.002704047048050982
2011-02-03,0.016720945182387214
2011-02-04,-0.025463739666077352
2011-02-07,-0.00044273041427192526
2011-02-08,-0.014393096124900789
2011-02-09,-0.01208484623425718
2011-02-10,-0.005822023045678318
2011-02-11,0.017314338770676292
2011-02-14,0.023324734816523123
2011-02-15,0.004681616075079997
2011-02-16,-0.0017865874559191315
2011-02-17,0.012062056956367325
2011-02-18,-0.015316746005537714
2011-02-21,0.008992141568720052
2011-02-22,-0.006997424073594487
2011-02-23,-0.007425231677886302
2011-02-24,-0.03301479725497779
2011-02-25,0.010829300894171986
2011-02-28,0.002086105800433367
2011-03-01,0.03619873907283936
2011-03-03,-0.0015373967778871374
2011-03-04,0.0006760115903061421
2011-03-07,-0.013514719674231956
2011-03-08,0.010581802915086211
2011-03-09,0.0017173155374810027
2011-03-10,-0.007519439868779757
2011-03-11,-0.009330030810207793
2011-03-14,0.016942587991105217
2011-03-15,-0.017129259437205727
2011-03-16,0.011750813491735476
2011-03-17,-0.012267004101037737
2011-03-18,-0.013834893802986845
2011-03-21,-0.0015964954637811605
2011-03-22,0.00983395476019539
2011-03-23,0.009549772775154149
2011-03-24,0.007802170904517854
2011-03-25,0.02230866034089062
2011-03-28,0.004566608633518874
2011-03-29,0.008654082090973994
2011-03-30,0.007703767686408099
2011-03-31,0.008825123368942412
2011-04-01,-0.0029902991842448556
2011-04-04,0.014851607531053052
2011-04-05,-0.0002695800994063264
2011-04-06,-0.004119697739020338
2011-04-07,-6.020229423289074e-05
2011-04-08,-0.007881663231300875
2011-04-11,-0.010023703106053683
2011-04-13,0.022367819134222672
2011-04-15,-0.016683308195867493
2011-04-18,-0.016683302659059443
2011-04-19,0.002935385490018718
2011-04-20,0.019049096056370427
2011-04-21,0.0030140221843639697
2011-04-25,-0.001643680295165949
2011-04-26,-0.001658937649817837
2011-04-27,-0.005746156794500763
2011-04-28,-0.008439958144601342
2011-04-29,-0.006488918962986565
2011-05-02,-0.008055940163429115
2011-05-03,-0.024910171864334807
2011-05-04,-0.004329650718640176
2011-05-05,-0.01413087716940642
2011-05-06,0.01576804532675132
2011-05-09,-0.0010341607497511254
2011-05-10,-0.002766931043168885
2011-05-11,0.0032917693793416258
2011-05-12,-0.013319066231656579
2011-05-13,0.008761259577375806
2011-05-16,-0.007314227540756451
2011-05-17,-0.012035449578542225
2011-05-18,-0.004017722150595838
2011-05-19,0.0033643835479743897
2011-05-20,0.007124884164326458
2011-05-23,-0.01712235865397711
2011-05-24,0.0006849535677338093
2011-05-25,-0.00902784441673439
2011-05-26,0.01309457614799336
2011-05-27,0.008199032907384746
2011-05-30,0.0010339844153548728
2011-06-01,0.018921679108249313
2011-06-02,-0.007197618720053131
2011-06-03,-0.006247634228116352
2011-06-06,0.0017938227488381816
2011-06-07,0.006585167374980607
2011-06-08,-0.008934620614759121
2011-06-09,0.0009922572054306916
2011-06-10,-0.0071534624571412
2011-06-13,-0.001676065164309272
2011-06-14,0.004722224361969609
2011-06-15,-0.012159795390422785
2011-06-16,-0.008452892375807338
2011-06-17,-0.005440833126960332
2011-06-20,-0.021566449026849118
2011-06-21,0.004619608422460408
2011-06-22,-0.0008135313469164503
2011-06-23,0.007198958366631748
2011-06-24,0.0269523378055039
2011-06-27,0.008735336040560295
2011-06-28,0.0018389573243026425
2011-06-29,0.010274563542482237
2011-06-30,0.008227153555374156
2011-07-01,-0.004974510922989368
2011-07-04,0.005130969438308288
2011-07-05,-0.0039206184565793705
2011-07-06,-0.001312253487267474
2011-07-07,0.01835172144864531
2011-07-08,-0.013195242781614124
2011-07-11,-0.008153650925449236
2011-07-12,-0.01538441729566168
2011-07-13,0.011029787763781456
2011-07-15,-0.0022632841193482465
2011-07-18,-0.0023870249271709244
2011-07-19,0.006905258873787559
2011-07-20,-0.00767344520464317
2011-07-21,-0.0060056973440990695
2011-07-22,0.017085452240521024
2011-07-25,0.007629166777352954
2011-07-26,-0.021306684699402206
2011-07-27,-0.0028534636350041986
2011-07-28,-0.011190819592778995
2011-07-29,-0.0014164396953705936
2011-08-01,0.006485025287950926
2011-08-02,-0.012393880832445917
2011-08-03,-0.0096832633574375
2011-08-04,-0.01303511485615819
2011-08-05,-0.023353545835176747
2011-08-08,-0.01750698531703445
2011-08-09,-0.0085256286085317
2011-08-10,0.016171022673460343
2011-08-11,-0.005633359865420786
2011-08-12,-0.014091046019981925
2011-08-16,-0.0071389843321115545
2011-08-17,0.004758957412218753
2011-08-18,-0.024629257991658982
2011-08-19,-0.018951233603612356
2011-08-22,0.01100037579061157
2011-08-23,0.009241249631408292
2011-08-24,-0.014044862798957839
2011-08-25,-0.010321738230330795
2011-08-26,-0.018195078881115073
2011-08-29,0.03484800529244257
2011-08-30,0.015169900132595643
2011-09-02,0.005584930765698789
2011-09-05,-0.005675155832599371
2011-09-06,0.011601204282064514
2011-09-07,0.008971818184120876
2011-09-08,0.006744853800002943
2011-09-09,-0.01991397721746999
2011-09-12,-0.02186789331442933
2011-09-13,0.0008946728703522252
2011-09-14,0.012660611365196375
2011-09-15,0.012075450270356463
2011-09-16,-7.821392866516098e-05
2011-09-19,-0.010768055141591373
2011-09-20,0.022192488704881958
2011-09-21,-0.0030461765046534152
2011-09-22,-0.04193483630684242
2011-09-23,-0.010278234080919072
2011-09-26,-0.004943260933164188
2011-09-27,0.025796151207760683
2011-09-28,-0.006866436847237728
2011-09-29,0.013952652181157443
2011-09-30,-0.01660464159759599
2011-10-03,-0.017012432184643506
2011-10-04,-0.01764644441347659
2011-10-05,-0.001977555241175728
2011-10-07,0.02644725282058866
2011-10-10,0.016901206293672946
2011-10-11,-0.0021562473868939674
2011-10-12,0.023246067047756468
2011-10-13,-0.0029323016777367517
2011-10-14,0.008295067245090363
2011-10-17,-0.0019382869061475953
2011-10-18,-0.015201165320439497
2011-10-19,0.01803041828231252
2011-10-20,-0.006546539385196545
2011-10-21,-0.011996383522826561
2011-10-24,0.01138331872634718
2011-10-25,0.018744006314434285
2011-10-28,0.027106283470233007
2011-10-31,-0.0039129465154008804
2011-11-01,-0.01617295787481127
2011-11-02,0.0022873971466546316
2011-11-03,0.0028856929343442413
2011-11-04,-0.0006700292040364205
2011-11-08,0.004488935056606203
2011-11-09,-0.016161599367522872
2011-11-11,-0.00919646971617432
2011-11-14,-0.002259325937301443
2011-11-15,-0.018702334424850964
2011-11-16,-0.005001273140648287
2011-11-17,-0.020838614322298717
2011-11-18,-0.005758719951365646
2011-11-21,-0.025697212821610207
2011-11-22,0.005731602906934873
2011-11-23,-0.02179160750226856
2011-11-25,-0.0001010747341630815
2011-11-28,0.028359364677363323
2011-11-29,-0.00952518400397183
2011-11-30,0.001571776667608554
2011-12-01,0.02463245253007425
2011-12-02,0.020010644377632548
2011-12-05,-0.005008414622993068
2011-12-07,0.00781940379926822
2011-12-08,-0.02704761009879406
2011-12-09,-0.012480058071137792
2011-12-12,-0.02144859957536649
2011-12-13,0.007476659860582954
2011-12-14,-0.0075802623511540485
2011-12-15,-0.005653834256113382
2011-12-16,-0.019682977252289555
2011-12-19,-0.007819271004850263
2011-12-20,-0.016475313665854315
2011-12-21,0.033842261026294514
2011-12-22,0.004969600548694079
2011-12-23,-0.004738686926257084
2011-12-27,0.007210396398359806
2011-12-28,-0.009129537565484205
2011-12-29,-0.013597395906596551
2011-12-30,-0.003999485185679913
2012-01-03,0.030346523126563607
2012-01-04,-0.006140546162555287
2012-01-05,0.00020539750679095085
2012-01-06,0.00041625804252905485
2012-01-09,-0.0019040106167244996
2012-01-10,0.020983079400982076
2012-01-11,0.0022129183524726113
2012-01-12,-0.00751091325641429
2012-01-13,0.0073630858291959585
2012-01-16,0.002505921256434409
2012-01-17,0.016526004416580736
2012-01-18,-0.0015360230255615252
2012-01-19,0.011383640646696655
2012-01-20,0.005222983258830964
2012-01-23,0.0005797482337274694
2012-01-24,0.013416551127466298
2012-01-25,0.007928613371990747
2012-01-27,0.006503013833666596
2012-01-30,-0.02283881365413164
2012-01-31,0.023762277082411583
2012-02-01,0.004266841623471011
2012-02-02,0.00763236227234807
2012-02-03,0.007943810691528936
2012-02-06,0.008265061688297203
2012-02-07,-0.006786993701768048
2012-02-08,0.006424208766531913
2012-02-09,0.009065587498399785
2012-02-10,-0.008117067797943524
2012-02-13,0.00294895667688447
2012-02-14,0.004238536640393616
2012-02-15,0.020217281463287
2012-02-16,-0.0021678871161314884
2012-02-17,0.006319614110656239
2012-02-21,0.008187570138573217
2012-02-22,-0.01872529263644998
2012-02-23,-0.004726915244967518
2012-02-24,-0.0077065513253582185
2012-02-27,-0.029447931932931288
2012-02-28,0.018687019650886868
2012-02-29,0.0020559961386193127
2012-03-01,-0.012060256311365225
2012-03-02,0.005333441296739695
2012-03-05,-0.015204798983393986
2012-03-06,-0.012852946291469703
2012-03-07,0.0021968771382700463
2012-03-09,0.019085658649805725
2012-03-12,0.003675949591121598
2012-03-13,0.012758999671741614
2012-03-14,0.004157620802466903
2012-03-15,-0.01396331628705027
2012-03-16,-0.01316935724163626
2012-03-19,-0.009546339377405273
2012-03-20,0.00307001484879922
2012-03-21,0.015328077099449508
2012-03-22,-0.025400699421555286
2012-03-23,0.007665258184411175
2012-03-26,-0.016252078265529903
2012-03-27,0.010406920305612863
2012-03-28,-0.011184161859738327
2012-03-29,-0.0005693273156821663
2012-03-30,0.01825077095112321
2012-04-02,0.0066412300073354445
2012-04-03,0.003902701020238778
2012-04-04,-0.0062977944510341066
2012-04-09,-0.015053251438697545
2012-04-10,-0.0010594037773370318
2012-04-11,0.0004296486261993874
2012-04-12,0.005897876109089572
2012-04-13,-0.013068842089466405
2012-04-16,0.004829539332955705
2012-04-17,0.00891960972109062
2012-04-18,0.004377565915300058
2012-04-19,0.0022097653033718834
2012-04-20,-0.006242171922938698
2012-04-23,-0.017259432250851515
2012-04-24,0.002945376848099653
2012-04-25,-0.001351819613337767
2012-04-26,-0.006259292577989357
2012-04-27,0.0018035353335092822
2012-04-30,0.010832367860834262
2012-05-02,-0.004747990946494772
2012-05-03,-0.007416426266425457
2012-05-04,-0.022066517702159075
2012-05-07,0.0073834553193405025
2012-05-08,-0.02325510370608961
2012-05-09,-0.006380175885567323
2012-05-10,-6.060231919584303e-05
2012-05-11,-0.009377572604019377
2012-05-14,-0.005084138051638681
2012-05-15,0.008409649114344966
2012-05-16,-0.02029161369700813
2012-05-17,0.003941671197842688
2012-05-18,0.003606541956649692
2012-05-22,-0.007676050880245713
2012-05-23,-0.004994233647379991
2012-05-24,0.017303724356158432
2012-05-25,-0.0013424664583966436
2012-05-28,0.012291650335108446
2012-05-29,0.00034216659064783314
2012-05-30,-0.008034783926893456
2012-05-31,-0.006046122626327189
2012-06-01,-0.015525106321535465
2012-06-04,0.00029870197215484725
2012-06-05,0.0035342346543509027
2012-06-06,0.02629676811424421
2012-06-07,0.007876116890204302
2012-06-08,0.004108026957260419
2012-06-11,-0.004539353551192753
2012-06-12,0.01375911742859789
2012-06-13,-0.00038944869673979187
2012-06-14,-0.0135267787315743
2012-06-15,0.017544742640473704
2012-06-18,-0.015827173681285393
2012-06-19,0.007734827047121834
2012-06-20,0.003031836616821749
2012-06-21,0.008363459870852675
2012-06-22,-0.005535015882712975
2012-06-25,-0.004695352969432883
2012-06-26,-0.0001763380410843285
2012-06-27,0.004797911260823528
2012-06-28,0.00041078184196037494
2012-06-29,0.023949545203308633
2012-07-02,-0.00020167516032178635
2012-07-03,-0.00018205646587208754
2012-07-04,0.0037504536053334066
2012-07-05,0.004680877105382474
2012-07-06,-0.0038721870766328763
2012-07-09,-0.006075391193358347
2012-07-10,0.011645675633112645
2012-07-11,-0.007072167444050803
2012-07-12,-0.013973778963868784
2012-07-13,-0.001951996185948499
2012-07-16,-0.004080920247655311
2012-07-17,-0.0035919860677940912
2012-07-18,0.005753410278456295
2012-07-19,0.003950162175630786
2012-07-20,-0.008972119058672078
2012-07-23,-0.015215633597918807
2012-07-24,0.0006339306347115216
2012-07-25,-0.0027104464270685785
2012-07-26,-0.01431892258134837
2012-07-27,0.01061616101791671
2012-07-30,0.02032663155578443
2012-07-31,0.0018822431170688182
2012-08-01,0.002714974986168126
2012-08-02,-0.0024602219967449494
2012-08-03,-0.0034357129418440416
2012-08-06,0.01404545371689143
2012-08-07,0.008276228277793606
2012-08-08,-0.000254027113965545
2012-08-09,-0.0028298444124282432
2012-08-10,-0.0009009193185787138
2012-08-13,0.005596677097096018
2012-08-14,0.004947348909889652
2012-08-16,-0.003592250050705765
2012-08-17,0.00047062139402661007
2012-08-21,0.009759373165111265
2012-08-22,-0.0018679962572592517
2012-08-23,-0.0005280053126678527
2012-08-24,-0.00489416075929979
2012-08-27,-0.0070277272498709105
2012-08-29,-0.0121684166814109
2012-08-30,0.00602076918581158
2012-08-31,-0.012146230507295836
2012-09-03,-0.0007319651655845435
2012-09-04,0.003396687917565153
2012-09-05,-0.009840501023212758
2012-09-06,0.001835524281273356
2012-09-07,0.01976817956794453
2012-09-10,0.002294128295422543
2012-09-11,0.0038064492105165625
2012-09-12,0.008104599240642952
2012-09-13,-0.0002646198307052393
2012-09-14,0.025517971460868465
2012-09-17,0.0052941923507181035
2012-09-18,-0.0034100735610944994
2012-09-20,-0.007391715167419386
2012-09-21,0.025095732937742418
2012-09-24,-0.0059383875620923
2012-09-25,0.0013900914473103485
2012-09-26,-0.002748140303166173
2012-09-27,-0.0014409324473719995
2012-09-28,0.008127725551418004
2012-10-01,0.0029334554416524106
2012-10-03,0.0012226022006344948
2012-10-04,0.009159848747964513
2012-10-05,-0.006657943648792769
2012-10-08,-0.013908112342008809
2012-10-09,0.006614396051862708
2012-10-10,-0.009923852360535695
2012-10-11,0.008663734695621476
2012-10-12,-0.004897074519127903
2012-10-15,0.0004200840519404227
2012-10-16,-0.007034610560764372
2012-10-17,0.002910197011843238
2012-10-18,0.008085264838127423
2012-10-19,-0.0049550319043207
2012-10-22,0.003745995765293404
2012-10-23,-0.003904713437861772
2012-10-25,0.002360533045592088
2012-10-29,-0.00874754320620923
2012-10-30,-0.010072383069311724
2012-10-31,0.0019450759327636806
2012-11-01,0.005545131872360836
2012-11-02,0.007775653100652108
2012-11-05,-0.00032813207714493006
2012-11-06,0.004662106569711268
2012-11-07,0.003982482119557745
2012-11-08,-0.0026936464434069002
2012-11-09,-0.01025567141960832
2012-11-12,-0.0002751724778251179
2012-11-15,-0.008592323963435082
2012-11-16,-0.011883723796533312
2012-11-19,0.0009220074544855782
2012-11-20,-0.0009598026781329599
2012-11-21,0.006517097541168843
2012-11-22,0.002607775642655457
2012-11-23,-0.002068004496548054
2012-11-26,0.002102943704119999
2012-11-27,0.01576476636009784
2012-11-29,0.015178850567910825
2012-11-30,0.009186250878771784
2012-12-03,-0.003058074737692787
2012-12-04,0.00395155529349971
2012-12-05,0.0016587921080867033
2012-12-06,0.004480096139115627
2012-12-07,-0.0037845250206069675
2012-12-10,-0.0003885731493073359
2012-12-11,-0.0015750454000363473
2012-12-12,-0.001987380846574848
2012-12-13,-0.007043992307333155
2012-12-14,0.005464450630191346
2012-12-17,-0.004913082212773044
2012-12-18,0.00651420767766912
2012-12-19,0.00499411187124538
2012-12-20,-0.003087704203219272
2012-12-21,-0.011959602361294267
2012-12-24,0.001864363697103954
2012-12-26,0.007949404496162148
2012-12-27,-0.006837428987064876
2012-12-28,0.0059284290678012184
2012-12-31,-0.0005413140518421337
2013-01-02,0.014040781579367296
2013-01-03,0.0016777500555768487
2013-01-04,0.0011362894959093732
2013-01-07,-0.005750992641698425
2013-01-08,0.0033964185469931023
2013-01-09,-0.006359959316031026
2013-01-10,-0.00020015222387045352
2013-01-11,-0.003118016807532979
2013-01-14,0.011438747234135526
2013-01-15,0.005000919360024083
2013-01-16,-0.010228244085173406
2013-01-17,0.006268213004886159
2013-01-18,0.004519792002858501
2013-01-21,0.0012735936721562078
2013-01-22,-0.005433859780578904
2013-01-23,0.0010352211386958686
2013-01-24,-0.00670693099708794
2013-01-25,0.009851833499398258
2013-01-28,-0.0015315061708149995
2013-01-29,-0.0040746511234040555
2013-01-30,0.0005261336300397199
2013-01-31,-0.0035354250235060886
2013-02-01,-0.006445460471373689
2013-02-04,-0.0021205736331032757
2013-02-05,-0.005043321546987904
2013-02-06,-0.00045802061919061193
2013-02-07,-0.0034446676330776673
2013-02-08,-0.0065425454463332155
2013-02-11,-0.0013758050773577855
2013-02-12,0.0043492572529759115
2013-02-13,0.00033798106551567817
2013-02-14,-0.006236867863776451
2013-02-15,-0.0018679719750161036
2013-02-18,0.0014491191975590418
2013-02-19,0.00680341117405854
2013-02-20,-0.0007107414507877462
2013-02-21,-0.015421021332461001
2013-02-22,-0.00029292273271530004
2013-02-25,0.0008381903322844315
2013-02-26,-0.01682090391188018
2013-02-27,0.005772580886118895
2013-02-28,-0.017548830881912794
2013-03-01,0.0034626949048434373
2013-03-04,-0.003654553119602766
2013-03-05,0.014830683034232047
2013-03-06,0.0031902882013299413
2013-03-07,0.00902754943288847
2013-03-08,0.011215156015449918
2013-03-11,0.0002545175335640751
2013-03-12,-0.005741447163216199
2013-03-13,-0.010853034610209655
2013-03-14,0.011448421325249751
2013-03-15,-0.008572495210236503
2013-03-18,-0.005393362201786963
2013-03-19,-0.01614932817990052
2013-03-20,-0.008493264317869878
2013-03-21,-0.006228416268651686
2013-03-22,-0.002072253211277766
2013-03-25,-0.003442255185229938
2013-03-26,0.0006941353237159876
2013-03-28,0.006550921872167446
2013-04-01,0.003251367049594055
2013-04-02,0.006486720428932476
2013-04-03,-0.013363738411909735
2013-04-04,-0.017573476294389084
2013-04-05,-0.0032876612526782294
2013-04-08,-0.0015324861922814364
2013-04-09,-0.010368762921952941
2013-04-10,0.01206478434414922
2013-04-11,0.005221150958931636
2013-04-12,-0.013227436786184028
2013-04-15,0.007760595060220922
2013-04-16,0.020983302439242332
2013-04-17,-0.0017995901661107651
2013-04-18,0.01589887172815477
2013-04-22,0.008719522573115257
2013-04-23,-0.0006356038944830165
2013-04-25,0.013231956705145624
2013-04-26,-0.007145789700066134
2013-04-29,0.004194158219864241
2013-04-30,0.005378803665436395
2013-05-02,0.01091393990932864
2013-05-03,-0.010992975880532831
2013-05-06,0.006337599201446109
2013-05-07,0.010230010537072398
2013-05-08,0.0046729262573310185
2013-05-09,-0.0046179852262801
2013-05-10,0.00763322204932058
2013-05-13,-0.018765691154448254
2013-05-14,0.001609338501758215
2013-05-15,0.026145959862271643
2013-05-16,0.001600590409354969
2013-05-17,0.0010542537031323156
2013-05-20,-0.0030662973465435056
2013-05-21,-0.008588865035501037
2013-05-22,-0.002444845489165798
2013-05-23,-0.020742467736915463
2013-05-24,0.0016144170356144185
2013-05-27,0.01799003906215885
2013-05-28,0.0018122116834454961
2013-05-29,-0.0021699835705660444
2013-05-30,0.004539337904373368
2013-05-31,-0.024941986800810497
2013-06-03,-0.006048923154442288
2013-06-04,-0.003449874139218015
2013-06-05,-0.00013344852666805778
2013-06-06,-0.0007692588724849168
2013-06-07,-0.007607674414547821
2013-06-10,-0.0008079265701146936
2013-06-11,-0.015367962321012734
2013-06-12,-0.00537993775847236
2013-06-13,-0.010497079955523785
2013-06-14,0.018751897454997564
2013-06-17,0.005347591086889593
2013-06-18,-0.006698758209626864
2013-06-19,0.00038363327481600804
2013-06-20,-0.0277673352469551
2013-06-21,0.0014148591150784377
2013-06-24,-0.013199552698326848
2013-06-25,0.003250128106573647
2013-06-26,-0.005847637748546874
2013-06-27,0.01851119911696953
2013-06-28,0.023902756484560576
2013-07-01,0.009927828701227801
2013-07-02,-0.008959819758973253
2013-07-03,-0.014499902624002452
2013-07-04,0.013404822187738056
2013-07-05,0.0028473622015012822
2013-07-08,-0.009018926953083088
2013-07-09,0.00722226486744236
2013-07-10,-0.007010171729852294
2013-07-11,0.0197572131493341
2013-07-12,0.01080369849673379
2013-07-15,0.0037411992079701643
2013-07-16,-0.014672266781747857
2013-07-17,0.005431414295773672
2013-07-18,0.009418104364405409
2013-07-19,-0.002115187255662749
2013-07-22,0.0003697206763656991
2013-07-23,0.0068861333559522555
2013-07-24,-0.014239834182161655
2013-07-25,-0.01475946968684819
2013-07-26,-0.002363122122081777
2013-07-29,-0.00958419640613842
2013-07-30,-0.014521987689349336
2013-07-31,-0.0009357396250666431
2013-08-01,-0.003917846211895256
2013-08-02,-0.009200877402002016
2013-08-05,0.0013204835662267928
2013-08-06,-0.02655959716561162
2013-08-07,-0.0034622154649358292
2013-08-08,0.008009363360142997
2013-08-12,0.007470512098349667
2013-08-13,0.01336150245064451
2013-08-14,0.007466247214237674
2013-08-16,-0.04318874865290789
2013-08-19,-0.015548121205207793
2013-08-20,-0.0005381813591358569
2013-08-21,-0.020375420487873303
2013-08-22,0.019505749389608855
2013-08-23,0.011572906457761932
2013-08-26,-0.0024020911456698385
2013-08-27,-0.03470598799367362
2013-08-28,0.001206240799467875
2013-08-29,0.02196158059891229
2013-08-30,0.011337523311060695
2013-09-02,0.010698685305323004
2013-09-03,-0.03707553491003876
2013-09-04,0.020032901693088856
2013-09-05,0.02573722012754082
2013-09-06,0.014889226368268626
2013-09-10,0.03303387124746608
2013-09-11,0.0056843080932132365
2013-09-12,-0.014495761371544203
2013-09-13,0.0023995317038659775
2013-09-16,0.00020730173670097
2013-09-17,-0.0024530080685338483
2013-09-18,0.012367965433724365
2013-09-19,0.03245654952412083
2013-09-20,-0.018151682295692452
2013-09-23,-0.019188667890678603
2013-09-24,-0.000640536810049845
2013-09-25,0.00025853360478965415
2013-09-26,-0.0029586338018598324
2013-09-27,-0.006473092056305455
2013-09-30,-0.017213215787266672
2013-10-01,0.006077743905740096
2013-10-03,0.024819244989394043
2013-10-04,-0.005492693773059477
2013-10-07,0.0008634542587945182
2013-10-08,0.004281474531827649
2013-10-09,0.01098893305055277
2013-10-10,0.003525918768536423
2013-10-11,0.010236718989439966
2013-10-14,0.0028868567258880924
2013-10-15,-0.003758101392898777
2013-10-17,-0.008652496282328446
2013-10-18,0.02584307210859065
2013-10-21,-0.00048036333473534375
2013-10-22,-0.00044980244023848045
2013-10-23,-0.003606474882426453
2013-10-24,-0.002755267192141407
2013-10-25,-0.002939395336830729
2013-10-28,-0.007470375856752152
2013-10-29,0.01913219685074537
2013-10-30,0.0043533437304295285
2013-10-31,0.00593768296655843
2013-11-01,0.001192018860201854
2013-11-05,-0.00839798307831439
2013-11-06,-0.007120800478037573
2013-11-07,-0.0028785703930961104
2013-11-08,-0.008966997770355993
2013-11-11,-0.00996099222078775
2013-11-12,-0.009580860109280031
2013-11-13,-0.0058900964067971125
2013-11-14,0.011754747298809537
2013-11-18,0.019797545553145886
2013-11-19,0.0008557936701523985
2013-11-20,-0.013420391239362733
2013-11-21,-0.020394081939506502
2013-11-22,0.0009341059438575539
2013-11-25,0.018741118889738968
2013-11-26,-0.010437655860824492
2013-11-27,-0.0010739810760108867
2013-11-28,0.005981618355449036
2013-11-29,0.013406634402949416
2013-12-02,0.004557968756180395
2013-12-03,-0.001838026237438865
2013-12-04,-0.007811410992768872
2013-12-05,0.013757726075002615
2013-12-06,0.002369204875521412
2013-12-09,0.014946530850065424
2013-12-10,-0.004651528044908514
2013-12-11,-0.004758980050564304
2013-12-12,-0.011184300100053817
2013-12-13,-0.009821127727220762
2013-12-16,-0.0037417699262747004
2013-12-17,-0.0012025535611968207
2013-12-18,0.01084333058628225
2013-12-19,-0.008843508640384226
2013-12-20,0.017504561518539623
2013-12-23,-0.0003350637475100658
2013-12-24,-0.0018014049377571434
2013-12-26,-2.7044600343083345e-05
2013-12-27,0.006959115240367223
2013-12-30,-0.00536843461454352
2013-12-31,0.0020147554097561205
2014-01-02,-0.012725751655913047
2014-01-03,-0.0027773771463948443
2014-01-06,-0.0021382549511623807
2014-01-07,-0.005694528946185121
2014-01-08,0.0011584253046015244
2014-01-09,-0.00015122502473107076
2014-01-10,-0.0017010854155233225
2014-01-13,0.017062316085095723
2014-01-14,-0.00627133292798298
2014-01-15,0.011372156913911734
2014-01-16,0.0006024973468892878
2014-01-17,-0.01073528771357377
2014-01-20,0.007106477221189552
2014-01-21,0.002329615822837909
2014-01-22,0.0013592557838607079
2014-01-23,0.002374471768552178
2014-01-24,-0.013606461150509164
2014-01-27,-0.021460702527440444
2014-01-28,0.0005862368991875447
2014-01-29,-0.0029124391209839106
2014-01-30,-0.007442846206232134
2014-01-31,0.0018308173738037503
2014-02-03,-0.015071417316490235
2014-02-04,7.7474377085796e-05
2014-02-05,0.00262762326089867
2014-02-06,0.0023035148632514694
2014-02-07,0.0026420071960776446
2014-02-10,-0.001192677640644782
2014-02-11,0.0005932608714502062
2014-02-12,0.0030919482716002295
2014-02-13,-0.013604826931908376
2014-02-14,0.006893210610867402
2014-02-18,0.013663944889464869
2014-02-19,0.0022792169681648045
2014-02-20,-0.01102349641118497
2014-02-21,0.0120455939392831
2014-02-24,0.0030101073265674737
2014-02-25,0.0024814129249726338
2014-02-26,0.005320591258730652
2014-02-28,0.005928607265457738
2014-03-03,-0.009394376270983022
2014-03-04,0.011910728756749978
2014-03-05,0.005069148097479165
2014-03-06,0.009951892245989517
2014-03-07,0.018871875796158222
2014-03-10,0.0013702591335581276
2014-03-11,-0.005636774216375788
2014-03-12,0.0026000904517889073
2014-03-13,-0.00447844597104334
2014-03-14,0.0012309349965738156
2014-03-18,0.0027040660776079632
2014-03-19,-0.000599356335343474
2014-03-20,-0.005822222232908107
2014-03-21,0.0013006657019784095
2014-03-24,0.013055691395111866
2014-03-25,0.0008122346710706034
2014-03-26,2.6628920534779808e-05
2014-03-27,0.006914379472562511
2014-03-28,0.007383986971079323
2014-03-31,-7.648374593268478e-05
2014-04-01,0.0033363871218244734
2014-04-02,0.003342027917630437
2014-04-03,-0.002114247859963544
2014-04-04,-0.006702291202673339
2014-04-07,-4.7054725045201924e-05
2014-04-09,0.015417739182149998
2014-04-10,-0.001886332135434816
2014-04-11,-0.002986222255122022
2014-04-15,-0.006462690708185133
2014-04-16,-0.00863718694369366
2014-04-17,0.015494730013460946
2014-04-21,0.004740874703046186
2014-04-22,-0.0015617307107591172
2014-04-23,0.0035690138866216058
2014-04-25,-0.008339072046078632
2014-04-28,-0.0041089643999708955
2014-04-29,-0.005999560119678983
2014-04-30,-0.003387086866567663
2014-05-02,-0.0008711543650379307
2014-05-05,0.0010801017353048424
2014-05-06,0.0006491643841061278
2014-05-07,-0.008956430049905179
2014-05-08,0.0005080471633716265
2014-05-09,0.02906233631435548
2014-05-12,0.021403337649397787
2014-05-13,0.010445261450783387
2014-05-14,0.0006463696940481284
2014-05-15,0.0018380528554518092
2014-05-16,0.010780041684251965
2014-05-19,0.008954347675784131
2014-05-20,-0.0003220149058960171
2014-05-21,-0.0021589931872013344
2014-05-22,0.0030324990355391408
2014-05-23,0.011726443743188644
2014-05-26,-0.0010058520253347144
2014-05-27,-0.007059970769175812
2014-05-28,0.0027178139331695684
2014-05-29,-0.013340198055934177
2014-05-30,-0.0014180508723110378
2014-06-02,0.019173281619164644
2014-06-03,0.004997360219518866
2014-06-04,-0.002767037608449682
2014-06-05,0.010287502605908494
2014-06-06,0.013315360639081496
2014-06-09,0.008829669239068659
2014-06-10,-0.0006566588821077354
2014-06-11,-0.003851077233916907
2014-06-12,0.0033962551994970026
2014-06-13,-0.014774048997033275
2014-06-16,-0.000743143506269134
2014-06-17,0.012850853710578817
2014-06-18,-0.010639856756243096
2014-06-19,-0.0031167021474496
2014-06-20,-0.003051954081565379
2014-06-23,-0.003148391896200255
2014-06-24,0.010787065347599302
2014-06-25,-0.0012882727194439187
2014-06-26,-0.012029084591117643
2014-06-27,0.003299698948918064
2014-06-30,0.013202770297717586
2014-07-01,0.00105860071482834
2014-07-02,0.012213084542348875
2014-07-03,-0.0027765962109310882
2014-07-04,0.0049016076316591535
2014-07-07,0.004249618920080534
2014-07-08,-0.021798312746828745
2014-07-09,-0.004580097982384061
2014-07-10,-0.001652662282046721
2014-07-11,-0.015242243905536865
2014-07-14,-0.0011448794876284928
2014-07-15,0.010370066130071
2014-07-16,0.010683159977640331
2014-07-17,0.0013885470153134818
2014-07-18,0.0027920708373242085
2014-07-21,0.0017079340327807876
2014-07-22,0.011375618914528141
2014-07-23,0.0019906038224276937
2014-07-24,0.004500993063179727
2014-07-25,-0.0055231343352236135
2014-07-28,-0.005605846350287887
2014-07-30,0.005919918714424184
2014-07-31,-0.009751859336969685
2014-08-01,-0.01582970983032879
2014-08-04,0.011336495372999104
2014-08-05,0.007368504374659222
2014-08-06,-0.011275250357180504
2014-08-07,-0.0027195436578711534
2014-08-08,-0.010339045554852669
2014-08-11,0.00687965442611535
2014-08-12,0.012945177920231785
2014-08-13,0.0003206831010051836
2014-08-14,0.005564049058469473
2014-08-18,0.011262110896347753
2014-08-19,0.0012006787860602938
2014-08-20,-0.002865331823058703
2014-08-21,0.002389251032467464
2014-08-22,0.0018612605980761283
2014-08-25,-0.0005840977229841502
2014-08-26,-0.0010658032730309884
2014-08-27,0.0040216282786935285
2014-08-28,0.0019092167131916087
2014-09-01,0.00822443198379335
2014-09-02,0.006841838573756309
2014-09-03,0.0027535321116451167
2014-09-04,-0.0025471506290834786
2014-09-05,-0.0008783328043816367
2014-09-08,0.01001803569002556
2014-09-09,-0.002631303974222308
2014-09-10,-0.00821695678101731
2014-09-11,-0.0005821767078582655
2014-09-12,0.0026231069106113845
2014-09-15,-0.009353129086254068
2014-09-16,-0.012901766842290918
2014-09-17,0.005075802905110399
2014-09-18,0.01692128624353134
2014-09-19,-0.0005475979324544017
2014-09-22,0.0018013550744660875
2014-09-23,-0.015147144177074995
2014-09-24,-0.002322090709575559
2014-09-25,-0.011243168166402381
2014-09-26,0.00755340592313751
2014-09-29,-0.0031339120865238688
2014-09-30,0.0015574846007572478
2014-10-01,-0.004298083118126624
2014-10-07,-0.010974531238875396
2014-10-08,-0.0017717916601314337
2014-10-09,0.014630869132315066
2014-10-10,-0.013327721481761246
2014-10-13,0.0016572387747209407
2014-10-14,-0.0013253677772624133
2014-10-16,-0.0160118661715375
2014-10-17,0.003585693895859722
2014-10-20,0.014172118321791662
2014-10-21,0.0026411713325155887
2014-10-22,0.009108326792428073
2014-10-27,-0.0010888228805684312
2014-10-28,0.003139796946066875
2014-10-29,0.009063930770480687
2014-10-30,0.0077736845264764695
2014-10-31,0.018361534240816966
2014-11-03,-0.0002467578977481875
2014-11-05,0.00027801528807814137
2014-11-07,0.0012682389234236968
2014-11-10,-1.6676734705824798e-06
2014-11-11,0.001766460292238906
2014-11-12,0.0031464830958832656
2014-11-13,-0.0048053696194250905
2014-11-14,0.004813583106922526
2014-11-17,0.003958464153196914
2014-11-18,-0.0013694628059611066
2014-11-19,-0.004913779350225364
2014-11-20,0.0016370567765160672
2014-11-21,0.009166260136083623
2014-11-24,0.005072680061147911
2014-11-25,-0.008742412277514214
2014-11-26,0.002057461989749821
2014-11-27,0.0015515164814502128
2014-11-28,0.01081932458476819
2014-12-01,-0.0048989695462405445
2014-12-02,-0.003723261201509216
2014-12-03,0.0014825807677743255
2014-12-04,0.002941990331207667
2014-12-05,-0.003973215858571915
2014-12-08,-0.011735655135949676
2014-12-09,-0.011586904786720758
2014-12-10,0.0019716890677483716
2014-12-11,-0.007976890380603566
2014-12-12,-0.009163174892164082
2014-12-15,-0.00030625239129653973
2014-12-16,-0.019129139783074723
2014-12-17,-0.005207948336428601
2014-12-18,0.016604234612371094
2014-12-19,0.006189550685242962
2014-12-22,0.010314492129266785
2014-12-23,-0.006653537340016849
2014-12-24,-0.012279914892943705
2014-12-26,0.00407439342749759
2014-12-29,0.005598908577650067
2014-12-30,-0.001796335001550759
2014-12-31,0.004934976046045806
2015-01-02,0.01243646025863161
2015-01-05,-0.002941739497410287
2015-01-06,-0.030367847833225145
2015-01-07,-0.0026682311946193836
2015-01-08,0.017462885213267262
2015-01-09,0.0035784360698867183
2015-01-12,0.0034373280708535803
2015-01-13,-0.0021097870746335356
2015-01-14,-0.004149842989149279
2015-01-15,0.026674316944336585
2015-01-16,0.0008750690858263434
2015-01-19,0.0026971601800931137
2015-01-20,0.017948979597798363
2015-01-21,0.002588656102065532
2015-01-22,0.002564363530336311
2015-01-23,0.009644834516512966
2015-01-27,0.006877252607222302
2015-01-28,0.0003454005398449718
2015-01-29,0.0043333312898889
2015-01-30,-0.017010843303025235
2015-02-02,-0.00011906594526888271
2015-02-03,-0.005263659391298557
2015-02-04,-0.003662574055530051
2015-02-05,-0.002154898932333831
2015-02-06,-0.005722161802112598
2015-02-09,-0.016381703894024956
2015-02-10,0.004899331632859081
2015-02-11,0.006924769789470686
2015-02-12,0.008012318403823078
2015-02-13,0.010106215176999287
2015-02-16,-0.00017760137298929553
2015-02-18,0.005818099086570276
2015-02-19,0.003404509795498732
2015-02-20,-0.007977744251607116
2015-02-23,-0.008851809494794796
2015-02-24,0.0016505806659716728
2015-02-25,-0.0006283808811221083
2015-02-26,-0.009501979349273838
2015-02-27,0.01790625195968009
2015-03-02,0.011801743479683928
2015-03-03,0.0031443055934781334
2015-03-04,-0.009201587033064349
2015-03-05,0.0031234292479501583
2015-03-09,-0.02178899624414053
2015-03-10,-0.004025695621690499
2015-03-11,-0.0014873776097727004
2015-03-12,0.00797232537444187
2015-03-13,-0.015759178742872772
2015-03-16,-0.0015419952368000416
2015-03-17,0.010080306951759438
2015-03-18,-0.004892533397621329
2015-03-19,-0.007363048383710047
2015-03-20,-0.006318591158357735
2015-03-23,-0.0029794589002313204
2015-03-24,-0.0015446849341897138
2015-03-25,-0.0011348669215277623
2015-03-26,-0.02393449759960539
2015-03-27,0.001209974078498831
2015-03-30,0.017387065633321843
2015-03-31,-0.0018975849808642183
2015-04-01,0.010331064512577908
2015-04-06,0.00827262736859939
2015-04-07,-0.0008655888952332225
2015-04-08,0.005601327571898936
2015-04-09,0.00785873681016914
2015-04-10,-0.0013079551126776803
2015-04-13,0.006335536815567841
2015-04-16,-0.014694812342991793
2015-04-17,-0.012064245833027943
2015-04-20,-0.017280173625602722
2015-04-21,-0.008491192470030575
2015-04-22,0.005729459638302385
2015-04-23,-0.0038584927226202118
2015-04-24,-0.013184194188104048
2015-04-27,-0.00988951059495775
2015-04-28,0.008304045543355006
2015-04-29,-0.006922018075644664
2015-04-30,-0.0069235350576456085
2015-05-04,0.017131493204585704
2015-05-05,-0.0008036092700831761
2015-05-06,-0.029759023624749695
2015-05-07,-0.0034806349325792736
2015-05-08,0.017567080084205666
2015-05-11,0.012972792561615048
2015-05-12,-0.02433200896560296
2015-05-13,0.0133127626966188
2015-05-14,-0.0015752671838340263
2015-05-15,0.004351500003760616
2015-05-18,0.011373680211226561
2015-05-19,0.0006218456817438601
2015-05-20,0.003846870562080824
2015-05-21,0.0012511240072242877
2015-05-22,0.0038847426471116967
2015-05-25,-0.012216918751768757
2015-05-26,-0.001244030689379014
2015-05-27,-0.0030035727455267093
2015-05-28,-0.0004760313000062111
2015-05-29,0.012400105034759776
2015-06-01,-0.0011655020934503142
2015-06-02,-0.023211967440017814
2015-06-03,-0.013184787742737106
2015-06-04,0.001734027650626782
2015-06-05,-0.003983225534426491
2015-06-08,-0.00940627497284718
2015-06-09,-0.0018498137795346856
2015-06-10,0.010753013602638464
2015-06-11,-0.019493690574049198
2015-06-12,0.0011589418404440825
2015-06-15,0.004205334875363754
2015-06-16,0.0038882859872192716
2015-06-17,0.0028359714266228755
2015-06-18,0.01214895348202888
2015-06-19,0.003209452982660802
2015-06-22,0.015847934093236034
2015-06-23,0.003013605150343228
2015-06-24,-0.004316384965471844
2015-06-25,0.00622593302100751
2015-06-26,-0.003307295523806568
2015-06-29,-0.007716405562686583
2015-06-30,0.006855446397322962
2015-07-01,0.008628696811375638
2015-07-02,-0.0011386686595011928
2015-07-03,0.0038258049543607
2015-07-06,0.0043795691614866164
2015-07-07,-0.001711097566200874
2015-07-08,-0.018398002463525874
2015-07-09,-0.0027541774560058715
2015-07-10,0.0031913001200879446
2015-07-13,0.011283857740071408
2015-07-14,-0.0018920656583280042
2015-07-15,0.007704531061945577
2015-07-16,0.009557580912346927
2015-07-17,-0.0007140785840887136
2015-07-20,-0.0012629341824315753
2015-07-21,-0.008144447536986264
2015-07-22,0.011676521803363718
2015-07-23,-0.005417885274565956
2015-07-24,-0.008472959064608251
2015-07-27,-0.019267520726901844
2015-07-28,-0.001393723006163825
2015-07-29,0.0030129035715736035
2015-07-30,0.005691998050299379
2015-07-31,0.011399110065533433
2015-08-03,0.0005698026140206094
2015-08-04,-0.003433897653510782
2015-08-05,0.005368092213207392
2015-08-06,0.0029565605895103455
2015-08-07,-0.004428961439755647
2015-08-10,-0.004061023474652056
2015-08-11,-0.007405382794848649
2015-08-12,-0.014186771452395086
2015-08-13,0.0018367875581344563
2015-08-14,0.018108536130726893
2015-08-17,-0.006002043421753476
2015-08-18,-0.0019957106758758873
2015-08-19,0.0034118656706813217
2015-08-20,-0.014476477558610252
2015-08-21,-0.0098054500590135
2015-08-24,-0.059422055713741186
2015-08-25,0.009927037858042978
2015-08-26,-0.011336557848587022
2015-08-27,0.01913876965069233
2015-08-28,0.0028917201830357298
2015-08-31,-0.001455871007922944
2015-09-01,-0.027925673931621757
2015-09-02,-0.004800569126308639
2015-09-03,0.012271223720048087
2015-09-04,-0.023629217913319005
2015-09-07,-0.011027688780775133
2015-09-08,0.015369670678738295
2015-09-09,0.017616705139012843
2015-09-10,-0.007649488980203798
2015-09-11,0.0008319813444445143
2015-09-14,0.011267091889743305
2015-09-15,-0.007931051131070734
2015-09-16,0.010265946213311094
2015-09-18,0.009073431464765509
2015-09-21,-0.001231172132294565
2015-09-22,-0.021085213532642772
2015-09-23,0.004815864205735882
2015-09-24,0.003218452190850102
2015-09-28,-0.01076327081593281
2015-09-29,0.00594380636613314
2015-09-30,0.013846090869937405
2015-10-01,-0.002204842399963345
2015-10-05,0.021274588993845354
2015-10-06,0.0033198667048333487
2015-10-07,0.0016026921643307905
2015-10-08,-0.00519362846439948
2015-10-09,0.0073966430443927
2015-10-12,-0.006579680945342222
2015-10-13,-0.0007225057739357512
2015-10-14,-0.004122769141158369
2015-10-15,0.009633560187235771
2015-10-16,0.00560466537970627
2015-10-19,0.00398407310888421
2015-10-20,-0.0019776081075524757
2015-10-21,-0.0016919292881443357
2015-10-23,0.005567896488932678
2015-10-26,-0.005019656369250867
2015-10-27,-0.003624628059564664
2015-10-28,-0.007337938612394866
2015-10-29,-0.0076128051984216275
2015-10-30,-0.005748463151593527
2015-11-02,-0.0019099735946505106
2015-11-03,0.0003672549122791986
2015-11-04,-0.0028092953272337473
2015-11-05,-0.011325120313535816
2015-11-06,-8.849217777297773e-05
2015-11-09,-0.005070560276857328
2015-11-10,-0.017692808070870692
2015-11-13,-0.0023084948793785994
2015-11-16,0.005653209813997889
2015-11-17,0.0024227106208819
2015-11-18,-0.0141646535728495
2015-11-19,0.01434905160971894
2015-11-20,0.0009064801670477384
2015-11-23,-0.0016935182532064256
2015-11-24,-0.002997025235318521
2015-11-26,0.0075544411861856765
2015-11-27,0.0055511036997623
2015-11-30,-0.0007729151124970426
2015-12-01,0.0017632584626022455
2015-12-02,-0.003303288964192256
2015-12-03,-0.008199101617262627
2015-12-04,-0.011299640422859969
2015-12-07,-0.0010855715933860552
2015-12-08,-0.00922116203316617
2015-12-09,-0.011905119422581937
2015-12-10,0.009590097200206678
2015-12-11,-0.010784582212412493
2015-12-14,0.004819073181215237
2015-12-15,0.006137919419022796
2015-12-16,0.005806217714003303
2015-12-17,0.010532945002560651
2015-12-18,-0.010334815679019218
2015-12-21,0.008376656999102117
2015-12-22,-0.0058714937562962186
2015-12-23,0.009958573446398819
2015-12-24,-0.002129704152019099
2015-12-28,0.00933310067639707
2015-12-29,-0.0019852425043768635
2015-12-30,-0.002804944002880693
2015-12-31,0.005230939743262693
2016-01-04,-0.01984639875307786
2016-01-05,-0.0002540646916335467
2016-01-06,-0.0064028994742625365
2016-01-07,-0.02185613527275726
2016-01-08,0.0031294951327769075
2016-01-11,-0.0036914857552020736
2016-01-12,-0.009139850956851409
2016-01-13,0.006587524131390569
2016-01-14,-0.002571111997714509
2016-01-15,-0.016333409476708506
2016-01-18,-0.009389648276844081
2016-01-19,0.010593066951414295
2016-01-20,-0.01863604436582906
2016-01-21,-0.003382606512373951
2016-01-22,0.01820899819122335
2016-01-25,0.0022024711895510204
2016-01-27,-0.0026142459118605756
2016-01-28,-0.0007086016469437871
2016-01-29,0.01857194030381871
2016-02-01,-0.0035662584964939207
2016-02-02,-0.011926638033650669
2016-02-03,-0.013992234143087949
2016-02-04,0.007613475963811773
2016-02-05,0.010076117941455328
2016-02-08,-0.015303450599015419
2016-02-09,-0.011123952858913575
2016-02-10,-0.011875047795782124
2016-02-11,-0.03293818539689332
2016-02-12,0.0005668884404136554
2016-02-15,0.02594102029432766
2016-02-16,-0.018458977899624647
2016-02-17,0.006871498595370893
2016-02-18,0.013537475800789674
2016-02-19,-0.00017770348176198705
2016-02-22,0.0025649677528207545
2016-02-23,-0.015845987406322638
2016-02-24,-0.015108073178321716
2016-02-25,-0.004145882033613482
2016-02-26,0.007218746140040543
2016-02-29,-0.007846201958953612
2016-03-01,0.03447178253912881
2016-03-02,0.016379263228819885
2016-03-03,0.01444934244136273
2016-03-04,-0.0005168624228824906
2016-03-08,0.0009613249164653887
2016-03-09,0.006056589919106329
2016-03-10,-0.006563866035506216
2016-03-11,0.0036513903012579943
2016-03-14,0.0031477278392770106
2016-03-15,-0.010427869040625096
2016-03-16,0.004579000472154697
2016-03-17,0.0021677845377877153
2016-03-18,0.011151453648802885
2016-03-21,0.011956891873475052
2016-03-22,0.001351775706454892
2016-03-23,-0.0013837108095409675
2016-03-28,-0.011970903010264827
2016-03-29,-0.0027623790089264643
2016-03-30,0.017936004062858307
2016-03-31,6.838556378768447e-05
2016-04-01,-0.005568564688871801
2016-04-04,0.007582804279747715
2016-04-05,-0.02131783083664474
2016-04-06,0.0010860030901013512
2016-04-07,-0.00742878189198163
2016-04-08,-0.0007836433960234351
2016-04-11,0.015336013717401772
2016-04-12,0.00457457941269481
2016-04-13,0.015277147433017262
2016-04-18,0.009641276853387431
2016-04-20,-0.002293259980561156
2016-04-21,-0.0002500449073912382
2016-04-22,-0.0001312293060305482
2016-04-25,-0.008074725942124156
2016-04-26,0.01574099260384732
2016-04-27,0.0002314044258499375
2016-04-28,-0.017632428919098882
2016-04-29,0.0018663912417166081
2016-05-02,-0.00666683828535408
2016-05-03,-0.007410179245061409
2016-05-04,-0.00573647339151819
2016-05-05,0.0038065095527440185
2016-05-06,-0.0011354702565879956
2016-05-09,0.016256188875894126
2016-05-10,0.0019922900301419717
2016-05-11,-0.00598986286589418
2016-05-12,0.006651161494211334
2016-05-13,-0.010680848861699312
2016-05-16,0.0047136609457785784
2016-05-17,0.004485129875731068
2016-05-18,-0.00369579094626927
2016-05-19,-0.012049561613702926
2016-05-20,-0.002609348660579214
2016-05-23,-0.004166983161934607
2016-05-24,0.0029630737495207143
2016-05-25,0.022685792388604575
2016-05-26,0.015138941232253803
2016-05-27,0.010049907435538732
2016-05-30,0.0012510272597989042
2016-05-31,-0.0012455312637086418
2016-06-01,0.0017022508332950673
2016-06-02,0.005006835464032156
2016-06-03,-0.00010936139987477149
2016-06-06,-0.003310649524742108
2016-06-07,0.008724374950228866
2016-06-08,-0.0004288321749536466
2016-06-09,-0.008714619876909968
2016-06-10,-0.003808390213954503
2016-06-13,-0.007539396146838152
2016-06-14,-0.00023135148913499683
2016-06-15,0.011403728260667535
2016-06-16,-0.008879926748585579
2016-06-17,0.002949730135614187
2016-06-20,0.008471831400130306
2016-06-21,-0.003097034798191833
2016-06-22,-0.0030483322060059796
2016-06-23,0.00918992909920813
2016-06-24,-0.023858776211709686
2016-06-27,0.001342285815631361
2016-06-28,0.004643460712916398
2016-06-29,0.00769820108560567
2016-06-30,0.009277165328611116
2016-07-01,0.0047755792472056035
2016-07-04,0.00337405790829113
2016-07-05,-0.0033246652262292303
2016-07-07,-0.0005646552422905821
2016-07-08,-0.001832916761197368
2016-07-11,0.017582967793912746
2016-07-12,0.004209664055635071
2016-07-13,7.717090725412599e-05
2016-07-14,0.004388062556684384
2016-07-15,-0.0023560707142897598
2016-07-18,-0.0044386825960734
2016-07-19,0.0022306885158345584
2016-07-20,0.00464872516207655
2016-07-21,-0.008125005537408012
2016-07-22,0.004338363553472216
2016-07-25,0.010389079808520454
2016-07-26,-0.00633222915333242
2016-07-27,0.0029100093413590477
2016-07-28,0.005555607931853456
2016-07-29,-0.0036966121898120447
2016-08-01,-0.0009067176573600838
2016-08-02,-0.0011491678063029111
2016-08-03,-0.009836579239324081
2016-08-04,0.0007102345270621725
2016-08-05,0.015486063901322174
2016-08-08,0.0014233254624646157
2016-08-09,-0.004225673717923322
2016-08-10,-0.011865953983429062
2016-08-11,0.0021272480173380234
2016-08-16,0.00563124471946335
2016-08-17,-0.003077993441825606
2016-08-18,0.0050780025186382026
2016-08-19,-0.000680873668323465
2016-08-22,-0.005356974027244627
2016-08-23,0.0005168682966533457
2016-08-24,0.00204943418879546
2016-08-25,-0.007985149632659477
2016-08-26,-0.001770604048098254
2016-08-29,0.0035336328889835353
2016-08-30,0.015164266248892775
2016-08-31,0.0037809817019882554
2016-09-01,-0.002315240178298151
2016-09-02,0.004222719310101145
2016-09-06,0.01478862546514803
2016-09-07,-0.004105543392032365
2016-09-08,0.003930280962576391
2016-09-09,-0.00990727864459873
2016-09-12,-0.016941145199122945
2016-09-14,0.0014417847397351843
2016-09-15,0.002139487595727135
2016-09-16,0.0026317056135445127
2016-09-19,0.0029285763363580655
2016-09-20,-0.003985532791387354
2016-09-21,-0.0009112359556927917
2016-09-22,0.010982800516765936
2016-09-23,-0.005646457437191442
2016-09-26,-0.0126238067242628
2016-09-27,-0.0010860702625109778
2016-09-28,0.0037381177778323654
2016-09-29,-0.018246356601896566
2016-09-30,0.002194931610040833
2016-10-03,0.014647995732072705
2016-10-04,0.0022534027565945126
2016-10-05,-0.004467010114222238
2016-10-06,-0.0027674156240655376
2016-10-07,-0.0024031731048086225
2016-10-10,0.001308881905079194
2016-10-13,-0.015839720616955707
2016-10-14,0.0004975037215211974
2016-10-17,-0.006555580478079834
2016-10-18,0.01710618679796626
2016-10-19,-0.003296610095817987
2016-10-20,0.004741194309810225
2016-10-21,-0.0024920474271358083
2016-10-24,0.0034100853582401413
2016-10-25,-0.004272791511209131
2016-10-26,-0.007776127766017457
2016-10-27,-0.000336170678221157
2016-10-28,0.0018926094822805284
2016-11-01,-0.0010041897888329713
2016-11-02,-0.014836532419537458
2016-11-03,-0.0021335044831733156
2016-11-04,-0.006662644119917353
2016-11-07,0.006813569406877202
2016-11-08,0.005279962901985867
2016-11-09,-0.014665199711735957
2016-11-10,0.011345531048786448
2016-11-11,-0.02734130588518065
2016-11-15,-0.02356515988859136
2016-11-16,0.0019839023299143108
2016-11-17,-0.004116193350142264
2016-11-18,-0.00346162974526404
2016-11-21,-0.016581735487113006
2016-11-22,0.007756518111762166
2016-11-23,0.0034952817184574323
2016-11-24,-0.008779502916230544
2016-11-25,0.01633114623222318
2016-11-28,0.0033270965417757123
2016-11-29,-0.0014496104234324816
2016-11-30,0.010864702071248431
2016-12-01,-0.0033815252400324217
2016-12-02,-0.016068024564438448
2016-12-05,0.00876231521198963
2016-12-06,-0.0006781966239208465
2016-12-07,-0.0055488064218942035
2016-12-08,0.018682000107341615
2016-12-09,-0.0007856724227540005
2016-12-12,-0.010422113009241805
2016-12-13,0.005607864607973113
2016-12-14,-0.004415689784589508
2016-12-15,-0.004307067047960274
2016-12-16,-0.0021720618510965993
2016-12-19,-0.003544038097837819
2016-12-20,-0.004533738446572769
2016-12-21,-0.0015811633035986115
2016-12-22,-0.011288662890542785
2016-12-23,0.0005089651957161736
2016-12-26,-0.009181713267265218
2016-12-27,0.014060346845015571
2016-12-28,0.00023118656454709595
2016-12-29,0.007433035824854551
2016-12-30,0.00880990236927569
2017-01-02,0.00016498962229716035
2017-01-03,-0.0009607328708313313
2017-01-04,0.0016253392568894992
2017-01-05,0.0089278586763648
2017-01-06,-0.004714791571302697
2017-01-09,0.00019971987609238582
2017-01-10,0.004459588304790162
2017-01-11,0.012270104528698932
2017-01-12,0.0010298166867341394
2017-01-13,-0.0009795272397443524
2017-01-16,0.002095947483363082
2017-01-17,-0.0031705839827244576
2017-01-18,0.0031350933247026834
2017-01-19,0.0011067433434168315
2017-01-20,-0.010553590895213679
2017-01-23,0.0053955708528022105
2017-01-24,0.009161686885706273
2017-01-25,0.014388630663418464
2017-01-27,0.002806266020561506
2017-01-30,-0.0008741495461421622
2017-01-31,-0.00865001800907081
2017-02-01,0.018287973783745113
2017-02-02,0.0013407628216366698
2017-02-03,-0.0003809153631116629
2017-02-06,0.007004162424657647
2017-02-07,-0.0037075957051173865
2017-02-08,-0.0012123249781730726
2017-02-09,0.0021642378750133476
2017-02-10,0.0006182251066739642
2017-02-13,0.0007692487742854601
2017-02-14,-0.001010404010931536
2017-02-15,-0.009146611304365913
2017-02-16,0.007092961401932725
2017-02-17,0.003984007241406455
2017-02-20,0.005506210364259443
2017-02-21,0.0031169123904402586
2017-02-22,0.0012282393712429894
2017-02-23,0.0013078454409136278
2017-02-27,-0.004996641920617955
2017-02-28,-0.0024084351309270804
2017-03-01,0.007787504973952041
2017-03-02,-0.006211452893659193
2017-03-03,-0.0005980929463813194
2017-03-06,0.007575339680613475
2017-03-07,-0.002860800980054483
2017-03-08,-0.0030368184285256786
2017-03-09,0.0005887415532701086
2017-03-10,0.00014611481529864915
2017-03-14,0.01654425826109619
2017-03-15,-0.001085270179860396
2017-03-16,0.006593569736775373
2017-03-17,0.0007657554865588289
2017-03-20,-0.003907565766800915
2017-03-21,-0.00129259909733293
2017-03-22,-0.009065282313466764
2017-03-23,0.004993102177695108
2017-03-24,0.0026840501234282298
2017-03-27,-0.007737830817622526
2017-03-28,0.005219797838644449
2017-03-29,0.005803239254684468
2017-03-30,0.0008657585258816367
2017-03-31,0.00042383699099985084
2017-04-03,0.0068853019885288524
2017-04-05,0.0013354778140479378
2017-04-06,0.0005743993497732667
2017-04-07,-0.008428144817756425
2017-04-10,-0.0009625648786243278
2017-04-11,0.005755862124806642
2017-04-12,-0.004853605510667434
2017-04-13,-0.0053764836755625664
2017-04-17,-0.0019289825787418776
2017-04-18,-0.0035323175313214136
2017-04-19,-0.0008788552166210924
2017-04-20,0.00319505318600301
2017-04-21,-0.002142863193640801
2017-04-24,0.009698975370426004
2017-04-25,0.009517458600753937
2017-04-26,0.0035142648697455187
2017-04-27,-0.0016364232290496288
2017-04-28,-0.003495730868340657
2017-05-02,0.00013833283875872493
2017-05-03,0.00031922732021332715
2017-05-04,0.004288753129723468
2017-05-05,-0.008611740817432123
2017-05-08,0.0034938750617914075
2017-05-09,-0.0007108380941473307
2017-05-10,0.009893593704629687
2017-05-11,0.0001227837918207147
2017-05-12,-0.0022551623183218144
2017-05-15,0.004310266152881862
2017-05-16,0.00679811423737349
2017-05-17,0.0006827969113721443
2017-05-18,-0.010750335287094629
2017-05-19,0.0004070051216249032
2017-05-22,0.0006909046847865903
2017-05-23,-0.005998343110691235
2017-05-24,-0.0031066304673741103
2017-05-25,0.015864268225355263
2017-05-26,0.007710638957018958
2017-05-29,-0.00015202464346025096
2017-05-30,0.002033162051943509
2017-05-31,-0.0004610700313778031
2017-06-01,-0.0011025369932413129
2017-06-02,0.003995224859166439
2017-06-05,0.0016073238091606455
2017-06-06,-0.004460515569192095
2017-06-07,0.0028169744681911624
2017-06-08,-0.0022078933803118097
2017-06-09,0.0018529379073898029
2017-06-12,-0.005832694565404391
2017-06-13,-0.001059837090764122
2017-06-14,0.0007274751826469741
2017-06-15,-0.004395139956882175
2017-06-16,0.0003507229124823095
2017-06-19,0.00724940447666857
2017-06-20,-0.0013740919781376553
2017-06-21,-0.0027424258482981714
2017-06-22,-4.887735239591536e-05
2017-06-23,-0.006457783274032227
2017-06-27,-0.006726741421536111
2017-06-28,-0.002028938063874821
2017-06-29,0.0007351601089825661
2017-06-30,0.0013729496795279713
2017-07-03,0.00909813949219377
2017-07-04,-0.0009316560836760792
2017-07-05,0.002039746439994302
2017-07-06,0.003434328008951245
2017-07-07,-0.0010656281765137688
2017-07-10,0.009980050351393332
2017-07-11,0.001485099129106988
2017-07-12,0.002121522674903382
2017-07-13,0.007405441386084886
2017-07-14,-0.0004956788164495027
2017-07-17,0.0016398207524562218
2017-07-18,-0.008181210147459777
2017-07-19,0.00677901201259061
2017-07-20,-0.0031476347994130057
2017-07-21,0.004460203399306067
2017-07-24,0.0035321252255964323
2017-07-25,0.0006830042162807836
2017-07-26,0.0038946054012673897
2017-07-27,0.00041814260562784836
2017-07-28,-0.0010722447260857319
2017-07-31,0.005308080562538068
2017-08-01,0.004482103945407226
2017-08-02,-0.0052484394802706676
2017-08-03,-0.005978934673668427
2017-08-04,0.005261924012853727
2017-08-07,-0.0020311113294972684
2017-08-08,-0.0074803658703288325
2017-08-09,-0.008069903152302209
2017-08-10,-0.008040911023605444
2017-08-11,-0.01182936641799983
2017-08-14,0.008369285640441836
2017-08-16,0.010281928887278483
2017-08-17,-0.0015204040886075405
2017-08-18,-0.0066662273604591
2017-08-21,-0.008362402658039926
2017-08-22,0.0006730496329580796
2017-08-23,0.009164511974136398
2017-08-24,-0.0011963053246813083
2017-08-28,0.00535750336807448
2017-08-29,-0.012057238735046353
2017-08-30,0.008496601498571467
2017-08-31,0.003472024774691093
2017-09-01,0.004684313070179509
2017-09-04,-0.007219030942078236
2017-09-05,0.0050608053427296535
2017-09-06,-0.005295985940901214
2017-09-07,0.002163819128538899
2017-09-08,-0.0005036462987028931
2017-09-11,0.006914254111986279
2017-09-12,0.008168597778093836
2017-09-13,-0.0025089533423832775
2017-09-14,0.0007850522410586557
2017-09-15,-0.00035826292047388833
2017-09-18,0.006335450767725952
2017-09-19,-0.0010578119067710594
2017-09-20,-0.0010536087528259723
2017-09-21,-0.0021248033274057117
2017-09-22,-0.015688577416352892
2017-09-25,-0.009410033677729997
2017-09-26,0.0005117612909316021
2017-09-27,-0.014705754522602324
2017-09-28,0.002921902766733239
2017-09-29,0.002237561718330814
2017-10-03,0.005642099844632651
2017-10-04,0.00489457428813579
2017-10-05,-0.002742997204471617
2017-10-06,0.007800182230886644
2017-10-09,0.0015899942474805113
2017-10-10,0.0013948587507918715
2017-10-11,-0.0033952937089972465
2017-10-12,0.011726096684501223
2017-10-13,0.005012801982465561
2017-10-16,0.006817213580118558
2017-10-17,-0.0011830319149805204
2017-10-18,-0.0018971189704519579
2017-10-19,-0.006388537216503425
2017-10-23,0.0033312602030412227
2017-10-24,0.0025462255100005206
2017-10-25,0.007252698831898437
2017-10-26,0.004340111272903191
2017-10-27,-0.0023757418738647746
2017-10-30,0.0030807421828815437
2017-10-31,-0.0020745458488663215
2017-11-01,0.008961827250641957
2017-11-02,-0.0017885469845610896
2017-11-03,0.002531840844702186
2017-11-06,-0.0011298181240015288
2017-11-07,-0.008827265770439565
2017-11-08,-0.005867967331361341
2017-11-09,0.0016369697285896433
2017-11-10,0.0003202315523562235
2017-11-13,-0.010538819467838731
2017-11-14,-0.002731498973543558
2017-11-15,-0.008050115144054674
2017-11-16,0.01004245529832136
2017-11-17,0.005495441855800701
2017-11-20,0.0003865747864302252
2017-11-21,0.0026024141990610584
2017-11-22,0.0009748938880105311
2017-11-23,0.00020913358177312844
2017-11-24,0.0037255826695005018
2017-11-27,0.0003971369494488082
2017-11-28,-0.0031914986166958225
2017-11-29,-0.0010429619930128655
2017-11-30,-0.013265571158865485
2017-12-01,-0.010310337356025113
2017-12-04,0.0008387533174773671
2017-12-05,-0.0014044014485214361
2017-12-06,-0.008465512723221207
2017-12-07,0.01237637283906698
2017-12-08,0.008654589863785832
2017-12-11,0.004179970180503421
2017-12-12,-0.00836711574169799
2017-12-13,-0.004423864987583338
2017-12-14,0.0056061120517116245
2017-12-15,0.007670526274522473
2017-12-18,0.003945755476486295
2017-12-19,0.006994915442228595
2017-12-20,-0.002403663193957158
2017-12-21,-0.0008418793451068262
2017-12-22,0.005370524337131173
2017-12-26,0.0028585223563647377
2017-12-27,-0.00442313776650093
2017-12-28,-0.0010878308157715613
2017-12-29,0.004601770223896918
2018-01-02,-0.008748125724097625
2018-01-03,-0.00032882510816955094
2018-01-04,0.005954551128333612
2018-01-05,0.004452418051853124
2018-01-08,0.004879338203758471
2018-01-09,0.0015071529794285071
2018-01-10,-0.001515365651865415
2018-01-11,0.0019323470093317722
2018-01-12,0.002651374505194014
2018-01-15,0.0046000475087173715
2018-01-16,-0.0036838924442139085
2018-01-17,0.007438595803999576
2018-01-18,0.002439515099008162
2018-01-19,0.006714108613549899
2018-01-22,0.005419413267056274
2018-01-23,0.011091303837475436
2018-01-24,-0.0014834570919537318
2018-01-25,-0.00100348655701408
2018-01-29,0.0052783918612861426
2018-01-30,-0.007829835082877037
2018-01-31,-0.0018037452215001067
2018-02-01,-0.0013322004452177437
2018-02-02,-0.023506271922706854
2018-02-05,-0.008903049161148365
2018-02-06,-0.015031727698244266
2018-02-07,-0.002599478938693013
2018-02-08,0.008605274774783503
2018-02-09,-0.011736079124631081
2018-02-12,0.0060893747702040965
2018-02-14,-0.0026241699956258287
2018-02-15,0.0027993110943759477
2018-02-16,-0.009910791160134692
2018-02-19,-0.005490432732890339
2018-02-20,-0.0041059590580516175
2018-02-21,0.005399920593245124
2018-02-22,-0.003623980817757536
2018-02-23,0.010087895805952117
2018-02-26,0.008921332997743983
2018-02-27,-0.005203190197717943
2018-02-28,-0.004629209239893415
2018-03-01,-0.003720442223407079
2018-03-05,-0.010004162497899
2018-03-06,-0.009882504576203939
2018-03-07,-0.01027305912068901
2018-03-08,0.009427776311666762
2018-03-09,-0.0029765910872491365
2018-03-12,0.017952849200129576
2018-03-13,-1.3323407046256707e-05
2018-03-14,-0.00275123956629386
2018-03-15,-0.004811806908755173
2018-03-16,-0.01536288510187251
2018-03-19,-0.010988182455951703
2018-03-20,0.004561141746263032
2018-03-21,0.001372289775377389
2018-03-22,-0.004936340050620897
2018-03-23,-0.011140783662274313
2018-03-26,0.0121778860590032
2018-03-27,0.0054281835993630935
2018-03-28,-0.008701802841880001
2018-04-02,0.009481704708852968
2018-04-03,0.00394006026224389
2018-04-04,-0.013937456457072887
2018-04-05,0.020732482531474073
2018-04-06,-0.00029362178726896507
2018-04-09,0.002729752799142724
2018-04-10,0.0033004057573731535
2018-04-11,0.0005092214892104359
2018-04-12,0.0031536980908839557
2018-04-13,0.0030489874136024196
2018-04-16,0.002543321601663197
2018-04-17,0.0027269712539160617
2018-04-18,-0.0029380748464627867
2018-04-19,0.0030719469454278748
2018-04-20,0.0006633815967546832
2018-04-23,0.00021561386822808656
2018-04-24,0.0033907450763890922
2018-04-25,-0.004752713769326162
2018-04-26,0.003618356825857188
2018-04-27,0.007765007819927231
2018-04-30,0.002502819389365017
2018-05-02,-0.001977516630890666
2018-05-03,-0.003526052031881627
2018-05-04,-0.006582576985550449
2018-05-07,0.010015544108599856
2018-05-08,-0.0013002395681790972
2018-05-09,0.0019434997566697564
2018-05-10,-0.002588766360687219
2018-05-11,0.007907864459570368
2018-05-14,-0.0004605156154532275
2018-05-15,-0.0009520253727032322
2018-05-16,-0.00602925809330319
2018-05-17,-0.005035946469935867
2018-05-18,-0.008845308453615069
2018-05-21,-0.007066376398659836
2018-05-22,0.0013893898052085595
2018-05-23,-0.0106588513678249
2018-05-24,0.007782852260739651
2018-05-25,0.007756935325826515
2018-05-28,0.007178168093463916
2018-05-29,-0.006683290570475467
2018-05-30,-0.000991959395179942
2018-05-31,0.010697848669895734
2018-06-01,-0.004184186028421653
2018-06-04,-0.006934853999100153
2018-06-05,-0.0032547736787186293
2018-06-06,0.00899467022589665
2018-06-07,0.006118393075390496
2018-06-08,-0.00014898488794177627
2018-06-11,0.0009567903666839895
2018-06-12,0.005149230307124123
2018-06-13,0.0009215327524302031
2018-06-14,-0.005444229977102824
2018-06-15,0.0015133160300899815
2018-06-18,-0.0023620633373471044
2018-06-19,-0.008600846715285215
2018-06-20,0.005865138697265668
2018-06-21,-0.003571073443029909
2018-06-22,0.007061505882788038
2018-06-25,-0.006237698523417774
2018-06-26,0.0006175994629848097
2018-06-27,-0.0098170159005167
2018-06-28,-0.007211139068391997
2018-06-29,0.011039379376729939
2018-07-02,-0.005544884753361975
2018-07-03,0.0027541023925285713
2018-07-04,0.006472561956658843
2018-07-05,-0.0021452758042827765
2018-07-06,0.0004909500632675999
2018-07-09,0.008759398997450991
2018-07-10,0.006759469859650643
2018-07-11,-0.0003379316155787893
2018-07-12,0.007110749088302676
2018-07-13,-0.0018251395750377482
2018-07-16,-0.006653272708498589
2018-07-17,0.0056651049287970295
2018-07-18,-0.0023068185318071703
2018-07-19,-0.0027851744050720073
2018-07-20,0.004263411094310801
2018-07-23,0.00726920000223465
2018-07-24,0.002375575113247598
2018-07-25,0.00030138975049585936
2018-07-26,0.0025672018392162432
2018-07-27,0.009244354294647225
2018-07-30,0.0037430722128706188
2018-07-31,0.0016913865605932541
2018-08-01,-0.00030235050408626075
2018-08-02,-0.009460454330183396
2018-08-03,0.010019440692670259
2018-08-06,0.0026810223675646054
2018-08-07,-0.001640869252829813
2018-08-08,0.0056998626119560475
2018-08-09,0.0016669700202456455
2018-08-10,-0.00517881287101582
2018-08-13,-0.005243666037009645
2018-08-14,0.006027557253925729
2018-08-16,-0.004655049215134258
2018-08-17,0.007327352612825011
2018-08-20,0.005777113812662913
2018-08-21,0.0019850424421194736
2018-08-23,-0.0006579627808157155
2018-08-24,-0.0013428413828301825
2018-08-27,0.010890913751074883
2018-08-28,0.003077968322102433
2018-08-29,-0.003922726518303733
2018-08-30,-0.0023704108566193704
2018-08-31,0.0014576689373322076
2018-09-03,-0.009749763056687104
2018-09-04,-0.005205440310369122
2018-09-05,-0.003298825199637368
2018-09-06,0.0039668696474209324
2018-09-07,0.004594662731560316
2018-09-10,-0.014309235786281814
2018-09-11,-0.013330253932271566
2018-09-12,0.008373833187382523
2018-09-14,0.01114666416567948
2018-09-17,-0.013018996069888714
2018-09-18,-0.008860766936457359
2018-09-19,-0.003612909061773637
2018-09-21,-0.008218538354572051
2018-09-24,-0.01691942009365872
2018-09-25,0.010091526900613457
2018-09-26,-0.002572354376540695
2018-09-27,-0.007893392341711582
2018-09-28,-0.0042054886403629374
2018-10-01,0.006938016967239472
2018-10-03,-0.01490401395340985
2018-10-04,-0.02397141496226306
2018-10-05,-0.026508736751623664
2018-10-08,0.00403640225512011
2018-10-09,-0.00580217365941304
2018-10-10,0.014368565273979794
2018-10-11,-0.02312419726531621
2018-10-12,0.02315260906084366
2018-10-15,0.002549904051176885
2018-10-16,0.006308700240917984
2018-10-17,-0.014450332296803179
2018-10-19,-0.011977884310533392
2018-10-22,-0.00745128640669571
2018-10-23,-0.008116708288993413
2018-10-24,0.006542463350962372
2018-10-25,-0.010935955084265222
2018-10-26,-0.008652841415294833
2018-10-29,0.020142253519732443
2018-10-30,-0.004535469913435924
2018-10-31,0.015725824656006922
2018-11-01,-0.0004448811206371282
2018-11-02,0.016620472056849106
2018-11-05,-0.005644698563285162
2018-11-06,0.0033619771998568485
2018-11-07,0.003510929560535733
2018-11-09,0.0004859775086341787
2018-11-12,-0.011065974038908175
2018-11-13,0.009295349030411076
2018-11-14,0.0006074922632730467
2018-11-15,0.0008793057252918955
2018-11-16,0.007544339597134718
2018-11-19,0.006625016242098334
2018-11-20,-0.011807994404985494
2018-11-21,-0.003167329790782088
2018-11-22,-0.008734328334416975
2018-11-26,0.010848377276102562
2018-11-27,0.004014733138755703
2018-11-28,0.002806447500704233
2018-11-29,0.012393868845135398
2018-11-30,0.00018603217133170494
2018-12-03,0.0004835771235375047
2018-12-04,-0.001277453000225474
2018-12-05,-0.008433511272650024
2018-12-06,-0.01676373107743345
2018-12-07,0.009063646217267404
2018-12-10,-0.02000249093742802
2018-12-11,0.0055004376432538
2018-12-12,0.017323849574284532
2018-12-13,0.004097672916513202
2018-12-14,-0.0011017959854791697
2018-12-17,0.00940757733032627
2018-12-18,4.50762560408411e-05
2018-12-19,0.005115405114030146
2018-12-20,-0.0009828088544089552
2018-12-21,-0.019732929275071698
2018-12-24,-0.006818769963315985
2018-12-26,0.00603137790139543
2018-12-27,0.0035219470748635525
2018-12-28,0.00693014750593543
2018-12-31,-0.000925228604571817
2019-01-02,-0.006452041597157769
2019-01-03,-0.01149776520399663
2019-01-04,0.005524400646424979
2019-01-07,0.003608894590733319
2019-01-08,0.0016860056513094768
2019-01-09,0.0045472083167822945
2019-01-10,-0.0034910218482006
2019-01-11,-0.0031208649086703565
2019-01-14,-0.00497817430008204
2019-01-15,0.013367475913533069
2019-01-16,-0.0005974833993984051
2019-01-17,0.0009318394820368218
2019-01-18,-0.0005365821364506343
2019-01-21,0.005571654737800946
2019-01-22,-0.005083583549957191
2019-01-23,-0.007879675276714473
2019-01-24,0.0014837547140770999
2019-01-25,-0.006780963007048642
2019-01-28,-0.011220818064677552
2019-01-29,-0.0012213134162189253
2019-01-30,0.0002722330809920376
2019-01-31,0.01526429235042374
2019-02-01,0.0050075420489833905
2019-02-04,0.0008762801998896178
2019-02-05,0.0012215718922868755
2019-02-06,0.012474953404527025
2019-02-07,-0.001297637177707437
2019-02-08,-0.011064174828947252
2019-02-11,-0.004868694359500601
2019-02-12,-0.005300468478532379
2019-02-14,-0.007856079235059906
2019-02-15,-0.0027561603895523736
2019-02-18,-0.0074972763436059985
2019-02-19,-0.0043052833836024935
2019-02-20,0.012128664220134684
2019-02-21,0.004354317211930409
2019-02-22,-0.0016122748429288423
2019-02-25,0.008744840320378023
2019-02-26,-0.005012600254764429
2019-02-27,-0.0032836632542794673
2019-02-28,-0.0005977943647592473
2019-03-01,0.005657815690770075
2019-03-05,0.010828062646683312
2019-03-06,0.005348199562064879
2019-03-07,-0.0008154179134145596
2019-03-08,-0.0014663646643405838
2019-03-11,0.011400123010365488
2019-03-12,0.011263131625041715
2019-03-13,0.002874864404972244
2019-03-14,-0.0008000044225886401
2019-03-15,0.008142699768409471
2019-03-18,0.002008323670839478
2019-03-19,0.005868240088208632
2019-03-20,-0.001166895663842676
2019-03-22,-0.006191917845928787
2019-03-25,-0.008578485629641742
2019-03-26,0.011350102404509049
2019-03-27,-0.0042385790708423365
2019-03-28,0.010486056417548111
2019-04-01,0.007640344420795494
2019-04-02,0.003523832385003769
2019-04-03,-0.00726207794281562
2019-04-04,-0.0028333536710137166
2019-04-05,0.00516370640951784
2019-04-08,-0.005620166868572342
2019-04-09,0.005595608050652546
2019-04-10,-0.00833283062777591
2019-04-11,0.0014475120700512781
2019-04-12,0.0030225165189204702
2019-04-15,0.004205430729762687
2019-04-16,0.006797919929536211
2019-04-18,-0.002973003125355827
2019-04-22,-0.014022985085800986
2019-04-23,-0.0014882655624051133
2019-04-24,0.013548336253068336
2019-04-25,-0.00928716069191316
2019-04-26,0.009737404375276178
2019-04-30,-0.0007817825530850519
2019-05-02,-0.0030338767863359196
2019-05-03,-0.0010206875282301809
2019-05-06,-0.009607184752589551
2019-05-07,-0.00962301582138056
2019-05-08,-0.011055618004806369
2019-05-09,-0.00576907770318277
2019-05-10,-0.002328206559670687
2019-05-13,-0.011716912630925795
2019-05-14,0.005391498358482648
2019-05-15,-0.0053847647970024755
2019-05-16,0.007519753087611818
2019-05-17,0.012555869123302836
2019-05-20,0.036024380154054424
2019-05-21,-0.01361275609553339
2019-05-22,0.0039656486585292255
2019-05-23,-0.00743143413088089
2019-05-24,0.01667626215148454
2019-05-27,0.005310888177445249
2019-05-28,0.0001564131186274317
2019-05-29,-0.006403329710467639
2019-05-30,0.007939268948207954
2019-05-31,-0.0028549937986189922
2019-06-03,0.013483463809085374
2019-06-04,-0.0060650951829258355
2019-06-06,-0.01542064038068632
2019-06-07,0.002793423069182054
2019-06-10,0.004772006398467472
2019-06-11,0.0016108843642775364
2019-06-12,-0.004726581477735828
2019-06-13,0.00031439796392108873
2019-06-14,-0.008345999058450146
2019-06-17,-0.012213229422479302
2019-06-18,0.0008333524504411422
2019-06-19,0.0005166744441922116
2019-06-20,0.010490022996791441
2019-06-21,-0.010051842460079816
2019-06-24,-0.0017097145883822134
2019-06-25,0.007181999837522939
2019-06-26,0.004869022775501152
2019-06-27,-0.0026957091007962734
2019-06-28,-0.0037363335018317807
2019-07-01,0.006312806668919843
2019-07-02,0.0025429507218999317
2019-07-03,0.0009491022438458943
2019-07-04,0.0010343645784560574
2019-07-05,-0.010799544235263702
2019-07-08,-0.022028944084065787
2019-07-09,0.00030074048975001883
2019-07-10,-0.00440527011642622
2019-07-11,0.005264164071916832
2019-07-12,-0.002491311566019825
2019-07-15,0.0023906371833087407
2019-07-16,0.005118480794660329
2019-07-17,0.0028990153172518563
2019-07-18,-0.010066674389486737
2019-07-19,-0.014066834210183286
2019-07-22,-0.00647387821121265
2019-07-23,-0.0018526340870755765
2019-07-24,-0.004922279362989384
2019-07-25,-0.003444363332748515
2019-07-26,0.003585512616168173
2019-07-29,-0.009703135721040675
2019-07-30,-0.00988092769419689
2019-07-31,0.003925076677421511
2019-08-01,-0.014092260253768987
2019-08-02,0.001817438402377201
2019-08-05,-0.012622480466230991
2019-08-06,0.007238725557304017
2019-08-07,-0.008934817766635622
2019-08-08,0.015801451587846314
2019-08-09,0.005442609601938795
2019-08-13,-0.016617799740565573
2019-08-14,0.008261415459069265
2019-08-16,0.003204339079397098
2019-08-19,-0.001689493060734617
2019-08-20,-0.0035958584564614884
2019-08-21,-0.007643755190505523
2019-08-22,-0.018736735355908394
2019-08-23,0.010770752646129296
2019-08-26,0.018850112967449466
2019-08-27,0.002559212058350664
2019-08-28,-0.005323081467053808
2019-08-29,-0.009783352201319267
2019-08-30,0.008221041799868684
2019-09-03,-0.022089049368697797
2019-09-04,0.004645628860113027
2019-09-05,0.0005741577649340013
2019-09-06,0.007642803389967983
2019-09-09,0.00426286620090896
2019-09-11,0.0031407053316352997
2019-09-12,-0.006603331051582546
2019-09-13,0.009771087398736363
2019-09-16,-0.007969217291174835
2019-09-17,-0.017205525327808547
2019-09-18,0.0030855878676731385
2019-09-19,-0.013328516684377529
2019-09-20,0.05158345691062863
2019-09-23,0.026368858282260377
2019-09-24,-0.0035951371569518356
2019-09-25,-0.013234955268407542
2019-09-26,0.014499190349957603
2019-09-27,-0.007804217617110268
2019-09-30,-0.002030813245842353
2019-10-01,-0.010459450994213384
2019-10-03,-0.0040964692226346765
2019-10-04,-0.011976539694480452
2019-10-07,-0.005031306523317614
2019-10-09,0.01684066361355906
2019-10-10,-0.008187713656541805
2019-10-11,0.0049179390567996775
2019-10-14,0.003942873580327659
2019-10-15,0.006426926700378433
2019-10-16,0.002035963670005953
2019-10-17,0.01145300307628142
2019-10-18,0.004242353256147824
2019-10-22,-0.005540576829445363
2019-10-23,0.0006580101018680345
2019-10-24,-0.0017644630891970787
2019-10-25,0.00027413830809351565
2019-10-29,0.01601938615857669
2019-10-30,0.0051470864411749155
2019-10-31,0.0008459280046443475
2019-11-01,0.0015108486901306741
2019-11-04,0.004550712995326297
2019-11-05,-0.0037336653113232885
2019-11-06,0.005447208833900885
2019-11-07,0.002286457233115529
2019-11-08,-0.008669377272952536
2019-11-11,0.0005636516160930131
2019-11-13,-0.0067714584361239
2019-11-14,0.0031178185548406878
2019-11-15,0.0006951187977288697
2019-11-18,-0.0007564947328410636
2019-11-19,0.0036823956252066735
2019-11-20,0.004769032230624616
2019-11-21,-0.0032092108324281703
2019-11-22,-0.005175757116923236
2019-11-25,0.01392879278011913
2019-11-26,-0.00438284329656133
2019-11-27,0.004829743150622606
2019-11-28,0.00407690271547036
2019-11-29,-0.008510668251042783
2019-12-02,-0.0009675871837626822
2019-12-03,-0.003892593008975935
2019-12-04,0.0030668435641111177
2019-12-05,-0.0022750287077260194
2019-12-06,-0.008304299183191451
2019-12-09,0.000578812580432992
2019-12-10,-0.006061602182870014
2019-12-11,0.0030943291856325747
2019-12-12,0.005184714103679978
2019-12-13,0.008988990503942824
2019-12-16,-0.004537992495019969
2019-12-17,0.010281417645013433
2019-12-18,0.0029710464020332897
2019-12-19,0.003189925565647781
2019-12-20,0.00040724964327732
2019-12-23,-0.0010505332126199698
2019-12-24,-0.0038557300799292415
2019-12-26,-0.007709752142993243
2019-12-27,0.01008927046106355
2019-12-30,2.523621901681151e-05
2019-12-31,-0.008047641034239402
2020-01-01,0.001382090190539234
2020-01-02,0.008047897926055966
2020-01-03,-0.0058378095363139475
2020-01-06,-0.01925846793463509
2020-01-07,0.005447749569505699
2020-01-08,-0.0025608580428494515
2020-01-09,0.014770080952058838
2020-01-10,0.0021955990678063026
2020-01-13,0.00574942446535389
2020-01-14,0.0012441796957502133
2020-01-15,-0.0006361225177203133
2020-01-16,-0.00038454366211400186
2020-01-17,0.00028825004748452764
2020-01-20,-0.010862322405359729
2020-01-21,-0.004972678983800515
2020-01-22,-0.004188422746534814
2020-01-23,0.00468592658106665
2020-01-24,0.005351606903072751
2020-01-27,-0.01128924963396855
2020-01-28,-0.006089029822102817
2020-01-29,0.007438270818020152
2020-01-30,-0.009579875552992332
2020-01-31,-0.0062753111804838444
2020-02-03,-0.020879024115039217
2020-02-04,0.02237108372967081
2020-02-05,0.00869805670152021
2020-02-06,0.0020631046893230726
2020-02-07,-0.004273201138740933
2020-02-10,-0.0037397177162525087
2020-02-11,0.003959696266940169
2020-02-12,0.009164732388260353
2020-02-13,-0.00406910887749248
2020-02-14,-0.005638685974379757
2020-02-17,-0.004028326355109966
2020-02-18,-0.006436880998615677
2020-02-19,0.012338528381408316
2020-02-20,-0.005178151253409107
2020-02-24,-0.022075120676375206
2020-02-25,-0.0008955245983210372
2020-02-26,-0.011142499746562501
2020-02-27,-0.00401931273203466
2020-02-28,-0.03812039240455632
2020-03-02,-0.005560038376196766
2020-03-03,0.015410298756924453
2020-03-04,-0.0062956312674507815
2020-03-05,-0.0005149734525599324
2020-03-06,-0.023666988676771722
2020-03-09,-0.051258840887059225
2020-03-11,0.002657342047520199
2020-03-12,-0.08577600615716831
2020-03-13,0.03630969084821033
2020-03-16,-0.07793812501799377
2020-03-17,-0.02628163680044812
2020-03-18,-0.05841752625950603
2020-03-19,-0.01767726445426799
2020-03-20,0.04683081286838554
2020-03-23,-0.1337042107317708
2020-03-24,0.020036204311612345
2020-03-25,0.06811427534840654
2020-03-26,0.035684066765448386
2020-03-27,-0.013391733651599146
2020-03-30,-0.02826309455280646
2020-03-31,0.02588039418018321
2020-04-01,-0.03498068653294461
2020-04-03,-0.01933183029217638
2020-04-07,0.07642722706594424
2020-04-08,0.005234113645430941
2020-04-09,0.0238066795975403
2020-04-13,-0.003471219185056263
2020-04-15,-0.007900364246911738
2020-04-16,-0.0007488315764220526
2020-04-17,0.045151964893273486
2020-04-20,-0.01780272912395216
2020-04-21,-0.021099424416901207
2020-04-22,0.02263363124229078
2020-04-23,0.007500674135378881
2020-04-24,-0.009231543633382916
2020-04-27,0.0038510044031617
2020-04-28,0.018583376168243276
2020-04-29,0.013794968407583326
2020-04-30,0.027848847762396014
2020-05-04,-0.05312020534645575
2020-05-05,-0.016676084126540213
2020-05-06,0.016333125375218017
2020-05-07,-0.011864124839596195
2020-05-08,0.0010303630356967922
2020-05-11,0.007080046242730374
2020-05-12,-0.014959098536164894
2020-05-13,0.026503300731080974
2020-05-14,-0.02836230708182192
2020-05-15,-0.004495626830100077
2020-05-18,-0.02750034169858867
2020-05-19,0.00017536093757935297
2020-05-20,0.023828676467021866
2020-05-21,0.0035918305661451952
2020-05-22,-0.014031070126866836
2020-05-26,0.006685943303223167
2020-05-27,0.024693610978561188
2020-05-28,0.019877447639788156
2020-05-29,0.00881815531351644
2020-06-01,0.0210127324653519
2020-06-02,0.020461181246656284
2020-06-03,0.0020467971247022454
2020-06-04,-0.0003968723324684867
2020-06-05,0.01218908132926368
2020-06-08,-0.0011067481720000972
2020-06-09,-0.007736129763780363
2020-06-10,0.0031820963939039964
2020-06-11,-0.018932107628313145
2020-06-12,0.006913909628493227
2020-06-15,-0.018104721538243575
2020-06-16,0.013370188526607107
2020-06-17,-0.007953721140679642
2020-06-18,0.02393176652916038
2020-06-19,0.011680092997197264
2020-06-22,0.0058545756702265694
2020-06-23,0.015618992691369795
2020-06-24,-0.01767784321804743
2020-06-25,-0.00010422299667584185
2020-06-26,0.00877403270945195
2020-06-29,-0.007114225665613334
2020-06-30,-0.0018859187704089958
2020-07-01,0.012976801004756226
2020-07-02,0.010530062532883598
2020-07-03,0.0036837946571900908
2020-07-06,0.015141346751813747
2020-07-07,0.001927487269521784
2020-07-08,-0.00884313120640793
2020-07-09,0.010426877391109358
2020-07-10,-0.004634052701613018
2020-07-13,0.0028082078590455795
2020-07-14,-0.01856406983727284
2020-07-15,0.00180833182758211
2020-07-16,0.010549686504686425
2020-07-17,0.014752235444216456
2020-07-20,0.00860359368214173
2020-07-21,0.012936313129231368
2020-07-22,-0.0037882216526913415
2020-07-23,0.007211331266309966
2020-07-24,-0.0013941655961391525
2020-07-27,-0.006592772029591087
2020-07-28,0.01553138932955036
2020-07-29,-0.009046801746088148
2020-07-30,-0.010383838882741253
2020-07-31,-0.0010705667229803676
2020-08-03,-0.01707821153446779
2020-08-04,0.0177805692418438
2020-08-05,0.0011469583038047548
2020-08-06,0.006224452596282799
2020-08-07,0.0013425529325233614
2020-08-10,0.005460321860566867
2020-08-11,0.0020492475079664347
2020-08-12,0.0008945026236976098
2020-08-13,-0.0031204871569806146
2020-08-14,-0.009934281905618821
2020-08-17,0.006530466664635038
2020-08-18,0.01037481509218996
2020-08-19,0.002815877047474537
2020-08-20,-0.010978379740450012
2020-08-21,0.00686507577099035
2020-08-24,0.007715192534398436
2020-08-25,-0.0012676234085208138
2020-08-26,0.00765576635052651
2020-08-27,-0.0006570844419580797
2020-08-28,0.007740389137585788
2020-08-31,-0.023028202866320163
2020-09-01,0.007274656708583917
2020-09-02,0.006163901815925384
2020-09-03,-0.0020816098454573043
2020-09-04,-0.017959107422201148
2020-09-07,0.003853225236107313
2020-09-08,-0.005302301863769795
2020-09-09,-0.0028587998551080074
2020-09-10,0.014066666365159144
2020-09-11,0.0005544376370620783
2020-09-14,-0.0028281275036647477
2020-09-15,0.006568847396297666
2020-09-16,0.007646092531881015
2020-09-17,-0.009647962329146815
2020-09-18,-0.00010941753413001366
2020-09-21,-0.022448216649616364
2020-09-22,-0.008839632445871923
2020-09-23,-0.0009453726388846087
2020-09-24,-0.030901645277497784
2020-09-25,0.02234166135970631
2020-09-28,0.01616570029805323
2020-09-29,-0.0039673370013048785
2020-09-30,0.0020810512242431848
2020-10-01,0.01634811235671613
2020-10-05,0.004159882755516736
2020-10-06,0.015119400328130476
2020-10-07,0.004808906583973966
2020-10-08,0.00765038972874837
2020-10-09,0.0072452444311185
2020-10-12,-0.00011779268128207397
2020-10-13,0.0010610076313625556
2020-10-14,0.002676822737963087
2020-10-15,-0.02512328003974098
2020-10-16,0.008210828473710815
2020-10-19,0.008671740210389849
2020-10-20,0.0012228002826980382
2020-10-21,0.001977809217358046
2020-10-22,-0.0025395702426780084
2020-10-23,0.001563960921796136
2020-10-26,-0.013592779911064487
2020-10-27,0.010643767249925143
2020-10-28,-0.01490750217985001
2020-10-29,-0.004148778295768594
2020-10-30,-0.003634997279156165
2020-11-02,0.00322823692659831
2020-11-03,0.010285288333419431
2020-11-04,0.007875661782916472
2020-11-05,0.016542002832694414
2020-11-06,0.010370159128228522
2020-11-09,0.016165994423172975
2020-11-10,0.011718396199297276
2020-11-11,0.009777203648630873
2020-11-12,-0.005613635232641386
2020-11-13,0.002729151227506928
2020-11-17,0.012561839708634205
2020-11-18,0.0035848369756492095
2020-11-19,-0.013029508887419869
2020-11-20,0.007163181126239073
2020-11-23,0.0050466133518253875
2020-11-24,0.009214821968216786
2020-11-25,-0.01634626448370586
2020-11-26,0.01103569785515123
2020-11-27,-0.002440899896978124
2020-12-01,0.010724672519825552
2020-12-02,-0.0009410712761109068
2020-12-03,0.0018996597906709518
2020-12-04,0.0083830716292447
2020-12-07,0.007481402990979169
2020-12-08,0.0014926959373305635
2020-12-09,0.009971982128802417
2020-12-10,-0.0038589674360920193
2020-12-11,0.0016532025091507791
2020-12-14,0.003965630940925653
2020-12-15,-4.61694148616924e-05
2020-12-16,0.007664053594415059
2020-12-17,0.00469709447692753
2020-12-18,-0.000266391494447008
2020-12-21,-0.03139444629091923
2020-12-22,0.01120253085718366
2020-12-23,0.009341372331395825
2020-12-24,0.010139646780286483
2020-12-28,0.006472463316199068
2020-12-29,0.005795593446031729
2020-12-30,0.0012198338008123214
2020-12-31,0.0007748232967899316
2021-01-01,0.002558053447914578
2021-01-04,0.006739691710354541
2021-01-05,0.0057109813613096735
2021-01-06,-0.005818612347236794
2021-01-07,0.00022317754225663973
2021-01-08,0.01474623495575116
2021-01-11,0.007774172296909403
2021-01-12,0.0055849711275987035
2021-01-13,-0.0011843446349083468
2021-01-14,0.002702151228547639
2021-01-15,-0.011587317227140395
2021-01-18,-0.010700575689570373
2021-01-19,0.017524586613568875
2021-01-20,0.007011402463422467
2021-01-21,-0.004956816236174388
2021-01-22,-0.01492308530636714
2021-01-25,-0.008748047258398107
2021-01-27,-0.01933257571912635
2021-01-28,-0.010358708601451414
2021-01-29,-0.013669943686299722
2021-02-01,0.04638467183622913
2021-02-02,0.02259156785935852
2021-02-03,0.007304206123812225
2021-02-04,0.006393826282489945
2021-02-05,0.0032807705764928883
2021-02-08,0.010872902036017942
2021-02-09,0.0006081666144589768
2021-02-10,-0.0010607595586104035
2021-02-11,0.004088506887165344
2021-02-12,0.00046173953599956707
2021-02-15,0.007692703485066902
2021-02-16,0.0011036801224373549
2021-02-17,-0.008103379456147452
2021-02-18,-0.006139685138171589
2021-02-19,-0.007558348813295927
2021-02-22,-0.022690629171575456
2021-02-23,0.004193722402743879
2021-02-24,0.01742321799629175
2021-02-25,0.005538748074200888
2021-02-26,-0.03860742750750235
2021-03-01,0.016277986301679665
2021-03-02,0.011330532435048656
2021-03-03,0.01925396330935688
2021-03-04,-0.012905910867950097
2021-03-05,-0.007196862528733125
2021-03-08,-0.0010694586596237726
2021-03-09,0.011903698184697872
2021-03-10,0.00209447831350715
2021-03-12,-0.009660664054661074
2021-03-15,-0.005717561626874163
2021-03-16,-0.002862715740704678
2021-03-17,-0.01124966072856525
2021-03-18,-0.01278467884004397
2021-03-19,0.013532236222245532
2021-03-22,-0.0011048357777737156
2021-03-23,0.0028343078403786793
2021-03-24,-0.01675027100653164
2021-03-25,-0.016405991941880898
2021-03-26,0.013047653237078545
2021-03-30,0.023394313214037846
2021-03-31,-0.014679661758055886
2021-04-01,0.013753111610093535
2021-04-05,-0.016433840906919628
2021-04-06,0.00259819755832577
2021-04-07,0.009991911909746248
2021-04-08,0.002319857040507985
2021-04-09,-0.003900801565131696
2021-04-12,-0.03463131401850582
2021-04-13,0.0130255482402413
2021-04-15,0.00613613846028074
2021-04-16,0.0004935236246162576
2021-04-19,-0.019512803858744165
2021-04-20,-0.0013330349336222731
2021-04-22,0.004542311917602422
2021-04-23,-0.003014610605317111
2021-04-26,0.00800975615839363
2021-04-27,0.010958911379128522
2021-04-28,0.014577088390115577
2021-04-29,-0.0011672475759916846
2021-04-30,-0.015759033699066234
2021-05-03,-0.0008164289615265882
2021-05-04,-0.00869533995014377
2021-05-05,0.008485785238659503
2021-05-06,0.005120484091708724
2021-05-07,0.00787970521489967
2021-05-10,0.0051271858080493855
2021-05-11,-0.005069078339308416
2021-05-12,-0.011114428148775878
2021-05-14,-0.0014305584014742377
2021-05-17,0.01783979582916398
2021-05-18,0.009245635554659229
2021-05-19,-0.004920578874985004
2021-05-20,-0.008850384223830464
2021-05-21,0.018132786233041542
2021-05-24,0.0013953935088620996
2021-05-25,-0.0014613401984319586
2021-05-26,0.007208269620685145
2021-05-27,0.0018203447817045247
2021-05-28,0.0048632914755249584
2021-05-31,0.010688172665921704
2021-06-01,-0.0026473404542435497
2021-06-02,0.0005154523970633213
2021-06-03,0.0075231918976217
2021-06-04,-0.00268898471511737
2021-06-07,0.00579288010655018
2021-06-08,-0.0017330140057189762
2021-06-09,-0.006703992976544139
2021-06-10,0.0065281434869436045
2021-06-11,0.0033951637415274107
2021-06-14,0.0001251264372917828
2021-06-15,0.0030726940329701136
2021-06-16,-0.006361934969105793
2021-06-17,-0.005508366565129713
2021-06-18,-0.00011526367834544616
2021-06-21,0.0036409741679589956
2021-06-22,0.0005385572408643535
2021-06-23,-0.005322927929785482
2021-06-24,0.00581656994615967
2021-06-25,0.004343222812980445
2021-06-28,-0.0037524883355196754
2021-06-29,-0.004788883299011951
2021-06-30,-0.0009268049951818126
2021-07-01,-0.0038269555585670094
2021-07-02,0.002901446283647639
2021-07-05,0.006523736281104828
2021-07-06,-0.0021290148548213533
2021-07-07,0.00394919137147798
2021-07-08,-0.010363347347733903
2021-07-09,-0.0022223392698819426
2021-07-12,-1.8748375644941223e-09
2021-07-13,0.007199361272388339
2021-07-14,0.001575799416758518
2021-07-15,0.004153408920216892
2021-07-16,-0.0008029221611698385
2021-07-19,-0.010871609795003807
2021-07-20,-0.00772197307064262
2021-07-22,0.012499020374896799
2021-07-23,0.0010606564727802564
2021-07-26,-0.003180989118056774
2021-07-27,-0.00467824684842111
2021-07-28,-0.0024800249662602267
2021-07-29,0.0037440284339924556
2021-07-30,-0.000984967638862325
2021-08-02,0.006570109425241014
2021-08-03,0.015201103860833735
2021-08-04,0.006824155148748925
2021-08-05,0.0009399516498772012
2021-08-06,-0.002755252500348695
2021-08-09,0.0005888702474585086
2021-08-10,0.0014527802400813817
2021-08-11,-9.77151156617369e-05
2021-08-12,0.0041291167371094555
2021-08-13,0.010339370013350564
2021-08-16,0.0005758555785052182
2021-08-17,0.002939092808447762
2021-08-18,-0.002765753701839343
2021-08-20,-0.007800062641439463
2021-08-23,0.0033023095168936522
2021-08-24,0.007238719342956879
2021-08-25,-0.0004309502406949899
2021-08-26,-6.357059776618097e-05
2021-08-27,0.0037339534909240405
2021-08-30,0.013069735672592816
2021-08-31,0.0108230083809524
2021-09-01,-0.004146542741544065
2021-09-02,0.009175745640869887
2021-09-03,0.00503319506302474
2021-09-06,0.0023859731624053062
2021-09-07,-0.0013081029692352687
2021-09-08,-9.269444193733524e-05
2021-09-09,6.879841716506488e-05
2021-09-13,-0.0005169684152248946
2021-09-14,0.0007674041512629251
2021-09-15,0.007650839203100657
2021-09-16,0.0059029712352314705
2021-09-17,-0.0037387055277997372
2021-09-20,-0.010416080926068027
2021-09-21,0.00951506523118532
2021-09-22,-0.0014537969107746847
2021-09-23,0.015082153661430585
2021-09-24,0.0005394151106153516
2021-09-27,0.00017103247527539797
2021-09-28,-0.006978486566499675
2021-09-29,-0.000954157249975674
2021-09-30,-0.006401694073534861
2021-10-01,-0.004564842467203266
2021-10-04,0.008810194100788928
2021-10-05,0.006288916244536745
2021-10-06,-0.010451300728708311
2021-10-07,0.007644670979371292
2021-10-08,0.006168207742437748
2021-10-11,0.0015006097120912518
2021-10-12,0.001931597160667627
2021-10-13,0.010017411871181887
2021-10-14,0.007804042214941636
2021-10-18,0.007795883692471714
2021-10-19,-0.004165416133099864
2021-10-20,-0.008386380972505344
2021-10-21,-0.003995400597365873
2021-10-22,-0.004192802866709889
2021-10-25,0.0007925165907641586
2021-10-26,0.007171695984939385
2021-10-27,-0.004026336690480519
2021-10-28,-0.019779746399054873
2021-10-29,-0.010238327785042257
2021-11-01,0.015227810262909978
2021-11-02,-0.0039431630125474106
2021-11-03,-0.00434319423747665
2021-11-04,0.005313867616423816
2021-11-08,0.00763368059049121
2021-11-09,-0.0025261781275646477
2021-11-10,-0.0013311461614222123
2021-11-11,-0.008586880644489762
2021-11-12,0.013053055266790868
2021-11-15,-0.000542818346949832
2021-11-16,-0.006907214346765756
2021-11-17,-0.005514250381287701
2021-11-18,-0.0071376365535034255
2021-11-22,-0.02061968632233342
2021-11-23,0.005898396750303287
2021-11-24,-0.005818909861958019
2021-11-25,0.00594431910711668
2021-11-26,-0.030005992922568506
2021-11-29,0.002170475123408623
2021-11-30,-0.004647712308905063
2021-12-01,0.010744840690609889
2021-12-02,0.011013402091717861
2021-12-03,-0.011111931880333593
2021-12-06,-0.018583178161042005
2021-12-07,0.017483203781828213
2021-12-08,0.016012111971065397
2021-12-09,-0.00037903532034724245
2021-12-10,0.0010040262746794908
2021-12-13,-0.009323487300398737
2021-12-14,-0.0021517011268424504
2021-12-15,-0.00553277605498659
2021-12-16,0.0003590410081218277
2021-12-17,-0.014911722280052745
2021-12-20,-0.022534092349162146
2021-12-21,0.009833577710938502
2021-12-22,0.011067669231582236
2021-12-23,0.0038419919665348477
2021-12-24,-0.003805301608714991
2021-12-27,0.00464944398815659
2021-12-28,0.007373100548278857
2021-12-29,-0.0006379595320221601
2021-12-30,-0.002355397552872155
2021-12-31,0.00973588622578696
2022-01-03,0.014553863852046753
2022-01-04,0.008497483606078887
2022-01-05,0.007101627349794449
2022-01-06,-0.011488916624969453
2022-01-07,0.004868915932426976
2022-01-10,0.010398576051091065
2022-01-11,0.0017533164028809153
2022-01-12,0.008431259956189124
2022-01-13,0.0020074016728999296
2022-01-14,-0.0005668461419296269
2022-01-17,0.0027627345676998973
2022-01-18,-0.010827740507937975
2022-01-19,-0.009940690721833892
2022-01-20,-0.009549792143991723
2022-01-21,-0.008034660235779692
2022-01-24,-0.027463413873601353
2022-01-25,0.008434965389778492
2022-01-27,-0.010850843102438284
2022-01-28,-0.0010818107179356227
2022-01-31,0.012947143174169876
2022-02-01,0.013313122000864335
2022-02-02,0.00879548554712279
2022-02-03,-0.011998702481256346
2022-02-04,-0.002786664321038353
2022-02-07,-0.01738382412208827
2022-02-08,0.004152406312199776
2022-02-09,0.009598090275122562
2022-02-10,0.008468543399311352
2022-02-11,-0.015667792873627163
2022-02-14,-0.029839716291233897
2022-02-15,0.030844031832187573
2022-02-16,-0.0034692796793306378
2022-02-17,-0.0020008732794227877
2022-02-18,-0.0025265232895663224
2022-02-21,-0.002337910861018647
2022-02-22,-0.00944940796577821
2022-02-23,0.0003231637530943536
2022-02-24,-0.050267088816124926
2022-02-25,0.025729684438543083
2022-02-28,0.009072960365996875
2022-03-02,-0.01541907529587537
2022-03-03,-0.006147202338980431
2022-03-04,-0.013056144932740215
2022-03-07,-0.027578973729495204
2022-03-08,0.013364353466934566
2022-03-09,0.017893856818081835
2022-03-10,0.012661003936512797
2022-03-11,0.0026360818031937964
2022-03-14,0.01197213760890702
2022-03-15,-0.011235937036903055
2022-03-16,0.017797071532733584
2022-03-17,0.017402886731978255
2022-03-21,-0.009703265561262412
2022-03-22,0.009049878459336774
2022-03-23,-0.0010223343261905652
2022-03-24,-0.003937688036245925
2022-03-25,-0.0037289401655705256
2022-03-28,0.00581678384854975
2022-03-29,0.0022160936928717475
2022-03-30,0.012600421744665325
2022-03-31,-0.004950841095571963
2022-04-01,0.01200406125213549
2022-04-04,0.022101713330339563
2022-04-05,-0.0087100803588127
2022-04-06,-0.006640275421899846
2022-04-07,-0.009705584625206473
2022-04-08,0.008383566845438402
2022-04-11,-0.006278180682524621
2022-04-12,-0.009502435216262605
2022-04-13,-0.002288396294869198
2022-04-18,-0.017692476540642467
2022-04-19,-0.013314880084187826
2022-04-20,0.011782674871734353
2022-04-21,0.012868360470924297
2022-04-22,-0.0142698677730935
2022-04-25,-0.012381666591322052
2022-04-26,0.014473711635498075
2022-04-27,-0.00981925476481412
2022-04-28,0.010519460509181223
2022-04-29,-0.008049363885539486
2022-05-02,-0.002289557687578927
2022-05-04,-0.024409056050846225
2022-05-05,0.0027750121330328654
2022-05-06,-0.018879883743116097
2022-05-09,-0.0051981586447279425
2022-05-10,-0.005046196043795768
2022-05-11,-0.0046560687563361024
2022-05-12,-0.023074706613243026
2022-05-13,-0.0016957081066287139
2022-05-16,0.004100592317457794
2022-05-17,0.024257825483217827
2022-05-18,-0.0029160801160749896
2022-05-19,-0.027079650690409324
2022-05-20,0.02857283915176987
2022-05-23,-0.0025274894765666732
2022-05-24,-0.008581457576813651
2022-05-25,-0.005109761959483707
2022-05-26,0.010361000325337785
2022-05-27,0.0073991933497576795
2022-05-30,0.021036123790489258
2022-05-31,-0.008238484079658074
2022-06-01,-0.002924372693491085
2022-06-02,0.007435776905800984
2022-06-03,-0.004752917770013012
2022-06-06,0.0003301569336934009
2022-06-07,-0.010360121629652854
2022-06-08,-0.0034192226825253526
2022-06-09,0.007674299298507495
2022-06-10,-0.01837222055122265
2022-06-13,-0.026259039364994997
2022-06-14,-0.0018763769088832342
2022-06-15,-0.002672248023340496
2022-06-16,-0.022745432684067698
2022-06-17,-0.004168459008542889
2022-06-20,0.003997867478182481
2022-06-21,0.016749741294399913
2022-06-22,-0.015690215044809264
2022-06-23,0.009187883734358485
2022-06-24,0.008409406503595644
2022-06-27,0.008249082554683557
2022-06-28,-0.0011390705135000086
2022-06-29,-0.0016889933275390766
2022-06-30,-0.002595630271837089
2022-07-01,-0.0013717142444750155
2022-07-04,0.005299351911299421
2022-07-05,-0.003095958426076774
2022-07-06,0.012081681442496578
2022-07-07,0.007211177858242511
2022-07-08,0.00514253678323553
2022-07-11,-0.0008823346537417729
2022-07-12,-0.010009890511619374
2022-07-13,-0.005204499226306374
2022-07-14,-0.001967863222640594
2022-07-15,0.006764026802845709
2022-07-18,0.013213915566399736
2022-07-19,0.002841050488359383
2022-07-20,0.010287093718861731
2022-07-21,0.004672308299209726
2022-07-22,0.006432528756587409
2022-07-25,-0.006013023214454629
2022-07-26,-0.008308255991413048
2022-07-27,0.009245619795131544
2022-07-28,0.0171532042723066
2022-07-29,0.01164021919462361
2022-08-01,0.009640454663241451
2022-08-02,0.0003580514205681949
2022-08-03,0.0016552012884410968
2022-08-04,0.00028076433858152975
2022-08-05,0.00043684920934345376
2022-08-08,0.006868778015193188
2022-08-10,0.0006936202922297246
2022-08-11,0.00578057734738777
2022-08-12,0.0025286872416624894
2022-08-16,0.006481290768253256
2022-08-17,0.005810522047628469
2022-08-18,0.0010184260472087714
2022-08-19,-0.01245978891148898
2022-08-22,-0.013940152851825855
2022-08-23,0.005012600554299261
2022-08-24,0.0009046403584954299
2022-08-25,-0.005157838713864504
2022-08-26,0.0011128216275892383
2022-08-29,-0.013515849732037684
2022-08-30,0.024505953010841998
2022-09-01,-0.01289970691196764
2022-09-02,-0.0007142613976252988
2022-09-05,0.006441047467362618
2022-09-06,0.0007557437131991863
2022-09-07,-0.0052076406909482495
2022-09-08,0.012375675045301914
2022-09-09,-7.818502644175063e-05
2022-09-12,0.0047011742253537745
2022-09-13,0.008786226367589032
2022-09-14,-0.006346907987903221
2022-09-15,-0.005756999601204739
2022-09-16,-0.019710325288467966
2022-09-19,0.005016107245036296
2022-09-20,0.011775608689815833
2022-09-21,-0.00812138520773148
2022-09-22,-0.00490796732431444
2022-09-23,-0.016569928228119514
2022-09-26,-0.019143438057299404
2022-09-27,0.00101169505716593
2022-09-28,-0.00984730906268454
2022-09-29,-0.00348186174584998
2022-09-30,0.016818970132788533
2022-10-03,-0.01431806880500318
2022-10-04,0.022367264384771195
2022-10-06,0.003048498398058446
2022-10-07,-0.0026835358275761646
2022-10-10,-0.004349956739535166
2022-10-11,-0.013759508517245854
2022-10-12,0.006474957456412109
2022-10-13,-0.004904878973600729
2022-10-14,0.008152858433602268
2022-10-17,0.006655324589138759
2022-10-18,0.010672887785684634
2022-10-19,-0.0018181198828259898
2022-10-20,0.005310169052646254
2022-10-21,-0.0014122648517974337
2022-10-24,0.009078990621000642
2022-10-25,-0.004107754516416524
2022-10-27,0.002813635139958736
2022-10-28,0.004244599715536991
2022-10-31,0.01103636083834748
2022-11-01,0.006535511449913893
2022-11-02,-0.003029522407871673
2022-11-03,-0.003379688796640759
2022-11-04,0.005394395312283115
2022-11-07,0.0031138594333332908
2022-11-09,-0.0029966697382696845
2022-11-10,-0.00648522108734002
2022-11-11,0.01643883881705837
2022-11-14,-0.0006850753398479166
2022-11-15,0.002287359628898383
2022-11-16,0.0003853021789472995
2022-11-17,-0.002906493105060169
2022-11-18,-0.004057805614678546
2022-11-21,-0.006074177683450657
2022-11-22,0.0029259343044759994
2022-11-23,0.0012975348430920603
2022-11-24,0.011779596814938295
2022-11-25,-0.0008472101048866392
2022-11-28,0.004074306296394121
2022-11-29,0.001068288065421591
2022-11-30,0.008128268622979338
2022-12-01,0.002101789949600658
2022-12-02,-0.007227485197301965
2022-12-05,0.0013220894201967353
2022-12-06,-0.004157451526406431
2022-12-07,-0.004254593891158471
2022-12-08,0.002376458891122812
2022-12-09,-0.006706018029994048
2022-12-12,-2.6459055530705063e-05
2022-12-13,0.005397066701050118
2022-12-14,0.002419090202510628
2022-12-15,-0.014332384817627516
2022-12-16,-0.007391286787536417
2022-12-19,0.008382479921826662
2022-12-20,-0.0029216885579362983
2022-12-21,-0.010860571804997589
2022-12-22,-0.003782201019140886
2022-12-23,-0.017820637800457846
2022-12-26,0.011246318013212603
2022-12-27,0.006179379122391932
2022-12-28,-0.0019929812447481805
2022-12-29,0.0028561712208937584
2022-12-30,-0.0038056636244778886
2023-01-02,0.003225714168895775
2023-01-03,0.0026712211449079547
2023-01-04,-0.01133215771350439
2023-01-05,-0.0035190231971743615
2023-01-06,-0.005870751865911744
2023-01-09,0.011476109097930601
2023-01-10,-0.01027989277239369
2023-01-11,-0.0014592853820675916
2023-01-12,-0.0030980619423831724
2023-01-13,0.006936994162904703
2023-01-16,-0.0064722463342912935
2023-01-17,0.01039654374131981
2023-01-18,0.004610939377495182
2023-01-19,-0.004096197282231589
2023-01-20,-0.0037809418354331297
2023-01-23,0.004089971990975891
2023-01-24,0.00027651491782364814
2023-01-25,-0.01357641419819738
2023-01-27,-0.016070861016270848
2023-01-30,0.0036204916889758386
2023-01-31,-0.0006616141426971235
2023-02-01,-0.002908260757732693
2023-02-02,-0.0010737180931845345
2023-02-03,0.013521280183057498
2023-02-06,-0.0060547327579375185
2023-02-07,-0.003166022296102297
2023-02-08,0.008869565844720437
2023-02-09,0.0004865084439622223
2023-02-10,-0.00323763319999814
2023-02-13,-0.004095616984070137
2023-02-14,0.008217456532431482
2023-02-15,0.004265354940762555
2023-02-16,0.0006038806817817474
2023-02-17,-0.00606182248722436
2023-02-20,-0.00467118316200991
2023-02-21,-0.0018756446519600219
2023-02-22,-0.015231111917080285
2023-02-23,-0.002485735455985207
2023-02-24,-0.0030079612427103644
2023-02-27,-0.004217475544815579
2023-02-28,-0.006494438739892893
2023-03-01,0.009239777811517103
2023-03-02,-0.00901663218328404
2023-03-03,0.015299413391286735
2023-03-06,0.006268222552128791
2023-03-08,0.0008702070012064265
2023-03-09,-0.00952039516088513
2023-03-10,-0.009270519343353614
2023-03-13,-0.01581310104529135
2023-03-14,-0.005150473910992217
2023-03-15,-0.005235854421836085
2023-03-16,0.0005499591126824107
2023-03-17,0.006177515265615969
2023-03-20,-0.007879691902443935
2023-03-21,0.0070767961447284035
2023-03-22,0.0018311742202410147
2023-03-23,-0.004988450124911866
2023-03-24,-0.008152451625640607
2023-03-27,0.0028805176254554244
2023-03-28,-0.0028867959465534894
2023-03-29,0.00723815727968712
2023-03-31,0.015551947750458232
2023-04-03,0.0010179844706994013
2023-04-05,0.008406792007000766
2023-04-06,0.0023648585503337647
2023-04-10,0.0008437365169241273
2023-04-11,0.005196848228479367
2023-04-12,0.005295978227891871
2023-04-13,-0.00045046207081379005
2023-04-17,-0.006415861369333597
2023-04-18,-0.002787948246114743
2023-04-19,-0.0025831029898437316
2023-04-20,0.00046378213530996266
2023-04-21,-0.0011150945778655435
2023-04-24,0.006940058081712577
2023-04-25,0.00040137702309719805
2023-04-26,0.0019923874579024295
2023-04-27,0.005552538346431167
2023-04-28,0.007521898107797197
2023-05-02,0.004014973048824781
2023-05-03,-0.003662977052192851
2023-05-04,0.008950863213473643
2023-05-05,-0.010475941994016072
2023-05-08,0.01033227602518863
2023-05-09,-0.00012049243236908816
2023-05-10,0.002294881196383399
2023-05-11,-0.002152219656111933
2023-05-12,0.0021457182711146286
2023-05-15,0.002728042191146965
2023-05-16,-0.005518130970626187
2023-05-17,-0.006354501967816039
2023-05-18,-0.0031003264894295095
2023-05-19,0.00472115408654095
2023-05-22,0.004127298481048632
2023-05-23,0.0021730397550841
2023-05-24,-0.004498478318902212
2023-05-25,0.0017702642569851815
2023-05-26,0.00998154110594823
2023-05-29,0.003620845207675622
2023-05-30,0.0019472066733527116
2023-05-31,-0.00592177594603899
2023-06-01,-0.0026061275811889058
2023-06-02,0.0027985732141351744
2023-06-05,0.002276167424904006
2023-06-06,-4.16568894144614e-05
2023-06-07,0.006432840365106899
2023-06-08,-0.005618818138663212
2023-06-09,-0.003855538792620848
2023-06-12,0.001789575568479212
2023-06-13,0.006080965504428441
2023-06-14,0.0009015869479666243
2023-06-15,-0.0037695255258088545
2023-06-16,0.007120737779871293
2023-06-19,-0.004338604298058069
2023-06-20,0.0030273601243186094
2023-06-21,0.001578129751362174
2023-06-22,-0.004597597745754573
2023-06-23,-0.006495610799507797
2023-06-26,0.0020692920848089406
2023-06-27,0.005867596629808733
2023-06-28,0.007357365504661026
2023-06-30,0.010936985298674757
2023-07-03,0.0056739256307836924
2023-07-04,0.0032913690815049063
2023-07-05,-1.321316023164651e-05
2023-07-06,0.005009861978501893
2023-07-07,-0.008772916389092722
2023-07-10,0.0009979529879476361
2023-07-11,0.004483390238098071
2023-07-12,-0.00354215645178669
2023-07-13,0.0007991121850030938
2023-07-14,0.008236300232387693
2023-07-17,0.0060330362046266146
2023-07-18,0.001484550355235576
2023-07-19,0.004066000751575381
2023-07-20,0.00655994804791789
2023-07-21,-0.01179702122184548
2023-07-24,-0.004115681482993388
2023-07-25,0.0010300514233402942
2023-07-26,0.004468033589150371
2023-07-27,-0.007356325841095473
2023-07-28,0.00010020166214853377
2023-07-31,0.004331446045444684
2023-08-01,-0.0010551318390779228
2023-08-02,-0.011375035674851798
2023-08-03,-0.007342282363242009
2023-08-04,0.0074803429233598635
2023-08-07,0.0026310698810993395
2023-08-08,-0.0017638952900534781
2023-08-09,0.0026333713435446795
2023-08-10,-0.004909557142679848
2023-08-11,-0.006130779943822389
2023-08-14,9.79176138765152e-05
2023-08-16,0.0015591757662905957
2023-08-17,-0.00624944905835104
2023-08-18,-0.002760632498872594
2023-08-21,0.00409105349808523
2023-08-22,-0.0007082240930526649
2023-08-23,0.0021027450976497035
2023-08-24,-0.0035423013709812187
2023-08-25,-0.006418542691656005
2023-08-28,0.0018792223795430457
2023-08-29,0.0016547012276202921
2023-08-30,-0.0006000228239292979
2023-08-31,-0.005232803285194106
2023-09-01,0.00940001438734397
2023-09-04,0.0038334981223402697
2023-09-05,0.0018201464231405807
2023-09-06,0.0011866460682644054
2023-09-07,0.005999680197805018
2023-09-08,0.0037770934445023915
2023-09-11,0.008550493579676077
2023-09-12,-0.0007387250005651525
2023-09-13,0.0033694239172905637
2023-09-14,0.0016428684079596177
2023-09-15,0.003979101052717831
2023-09-18,-0.0035101559698449882
2023-09-20,-0.0113832070923534
2023-09-21,-0.008254576708082403
2023-09-22,-0.0028541134394923485
2023-09-25,-0.0007151595454716963
2023-09-26,-0.001123460291190367
2023-09-27,0.002439036432654028
2023-09-28,-0.010888700686389365
2023-09-29,0.00615224106575488
2023-10-03,-0.006257484508125761
2023-10-04,-0.005235838111274535
2023-10-05,0.005448203788360961
2023-10-06,0.005242290484196476
2023-10-09,-0.008747442954606091
2023-10-10,0.009537930304332143
2023-10-11,0.005508910651964311
2023-10-12,-0.0020102770137126573
2023-10-13,-0.0021857974577285757
2023-10-16,-0.0009873432464532026
2023-10-17,0.003450125328013522
2023-10-18,-0.0072857244415270965
2023-10-19,-0.002836891132591623
2023-10-20,-0.004142985368789143
2023-10-23,-0.013602871405571468
2023-10-25,-0.008781277271535992
2023-10-26,-0.013183040378751952
2023-10-27,0.009215514957073458
2023-10-30,0.004254318654836832
2023-10-31,-0.004135807989338466
2023-11-01,-0.005946978932733387
2023-11-02,0.008853256366859042
2023-11-03,0.0030250038497110234
2023-11-06,0.009262915769996233
2023-11-07,-0.0009373142875987002
2023-11-08,0.0010294746746121598
2023-11-09,-0.0019726556702715572
2023-11-10,0.0008273925655140004
2023-11-13,0.0006872385787972512
2023-11-15,0.011846291923137608
2023-11-16,0.003036960071048821
2023-11-17,-0.0015938149967898137
2023-11-20,-0.002598578729897394
2023-11-21,0.004892026272683804
2023-11-22,0.0008159978493239772
2023-11-23,-0.0011925567977304449
2023-11-24,-0.00020001614837916314
2023-11-28,0.004168968814080676
2023-11-29,0.009969226629588176
2023-11-30,0.001067831908949539
2023-12-01,0.005924052170368387
2023-12-04,0.02050045376467264
2023-12-05,0.006791122141367029
2023-12-06,0.003038471927480917
2023-12-07,-0.0013373626993409822
2023-12-08,0.003035493977235132
2023-12-11,0.0010764896419275878
2023-12-12,-0.004314587582359862
2023-12-13,0.00034252628011160666
2023-12-14,0.012593242012882219
2023-12-15,0.011532394303832811
2023-12-18,-0.002759258717366805
2023-12-19,0.0017634731768472103
