date,state,cond_vol_annualised
2010-01-08,0,17.46502560359587
2010-01-11,0,16.864897127580967
2010-01-12,0,16.217789539143244
2010-01-13,0,16.01255564704381
2010-01-14,0,15.522219647085025
2010-01-15,0,15.046323151414096
2010-01-18,0,14.54773815370067
2010-01-19,0,14.131378991269715
2010-01-20,0,14.352432525228405
2010-01-21,1,13.858862274890711
2010-01-22,0,17.298224894207195
2010-01-25,0,17.253574605066554
2010-01-27,1,16.76887348512864
2010-01-28,1,21.25969722439011
2010-01-29,1,20.440799758418212
2010-02-01,1,19.607292003898376
2010-02-02,1,18.83080539047299
2010-02-03,1,19.220592068908672
2010-02-04,1,20.563118254918603
2010-02-05,1,21.481760565804844
2010-02-08,1,23.44153666912352
2010-02-09,1,22.835818973004905
2010-02-10,1,21.963910810525803
2010-02-11,1,21.374933034436058
2010-02-15,1,21.402525682687603
2010-02-16,1,20.71036213924765
2010-02-17,1,20.383138289232676
2010-02-18,0,20.065927033567977
2010-02-19,0,19.461270313840913
2010-02-22,0,19.059155410877306
2010-02-23,0,18.314325157957622
2010-02-24,0,17.60059186939391
2010-02-25,0,16.971820693515138
2010-02-26,0,16.318158684011255
2010-03-02,1,16.540499480484815
2010-03-03,1,17.601874576042327
2010-03-04,0,17.711343227395712
2010-03-05,0,17.059502379169388
2010-03-08,0,16.411446030662475
2010-03-09,0,16.01786788401829
2010-03-10,0,15.605424680693488
2010-03-11,0,15.070890635073626
2010-03-12,0,14.568364559106145
2010-03-15,0,14.057239477010473
2010-03-16,0,13.612533580962069
2010-03-17,0,14.274142955985988
2010-03-18,0,13.940179587102607
2010-03-19,0,13.485352163666892
2010-03-22,0,13.087030835235483
2010-03-23,0,13.65447526732625
2010-03-25,0,13.306681813892546
2010-03-26,0,13.103690747325954
2010-03-29,0,12.742175476073614
2010-03-30,0,12.415416362157288
2010-03-31,0,12.585094656473506
2010-04-01,0,12.252886568270226
2010-04-05,0,12.29599238401871
2010-04-06,0,13.226698682684878
2010-04-07,0,12.830354584746512
2010-04-08,0,12.437570745768527
2010-04-09,0,13.443974721723931
2010-04-12,0,13.822662539905735
2010-04-13,0,13.575357197945086
2010-04-15,0,13.220258468649437
2010-04-16,0,13.46116503372514
2010-04-19,0,13.055236236895718
2010-04-20,0,13.648526278720496
2010-04-21,0,13.365132676090722
2010-04-22,0,12.948077705197445
2010-04-23,0,12.63593146471389
2010-04-26,0,12.484543102397673
2010-04-27,0,12.147899929051329
2010-04-28,1,11.885358919756394
2010-04-29,0,13.92871281522853
2010-04-30,0,13.874752691393166
2010-05-03,0,13.47441373846148
2010-05-04,0,13.971735737350018
2010-05-05,0,14.821688593754367
2010-05-06,0,14.4201502387189
2010-05-07,1,14.271839426660032
2010-05-10,1,15.201166712180628
2010-05-11,1,20.866824802582972
2010-05-12,1,20.920733763924353
2010-05-13,1,20.122854359609615
2010-05-14,1,19.356243679527378
2010-05-17,1,20.077656333749218
2010-05-18,1,19.431147985928146
2010-05-19,1,18.641812904448777
2010-05-20,1,22.17745427091231
2010-05-21,1,21.434741465959192
2010-05-24,1,20.628919727998966
2010-05-25,1,19.784375245339792
2010-05-26,1,22.711745100591322
2010-05-27,1,24.046166362491668
2010-05-28,1,23.879073458161802
2010-05-31,1,23.29539320456119
2010-06-01,1,22.324525550308003
2010-06-02,1,23.693969348001723
2010-06-03,1,23.15267566753852
2010-06-04,1,23.254859101346288
2010-06-07,1,22.286219120375197
2010-06-08,1,23.129919132765266
2010-06-09,1,22.43711119201691
2010-06-10,1,21.505619453368134
2010-06-11,1,21.50194882260704
2010-06-14,1,20.765553036850353
2010-06-15,0,20.806201698440027
2010-06-16,0,19.987476882042174
2010-06-17,0,19.17175295496314
2010-06-18,0,18.65797066862966
2010-06-21,1,17.970677028811792
2010-06-22,0,18.683896917484056
2010-06-23,0,18.314723116339415
2010-06-24,0,17.590183480760825
2010-06-25,0,16.907450940111442
2010-06-28,0,16.87465596448016
2010-06-29,0,17.040870776274765
2010-06-30,0,17.80825274347176
2010-07-01,0,17.735878827545015
2010-07-02,0,17.927574707310796
2010-07-05,0,17.26064664414336
2010-07-06,0,16.592892907482376
2010-07-07,0,16.44809002623941
2010-07-08,0,16.460701873748597
2010-07-09,0,16.473713575635347
2010-07-12,0,16.324633704085354
2010-07-13,0,15.815003439968407
2010-07-14,0,15.26361764424758
2010-07-15,0,14.784481695341935
2010-07-16,0,14.281235639648877
2010-07-19,0,13.819860088126598
2010-07-20,0,13.392159939974812
2010-07-21,0,13.070912641198005
2010-07-22,0,12.861280571174287
2010-07-23,0,12.788094312488198
2010-07-26,0,12.388405553705082
2010-07-27,0,12.315504494089089
2010-07-28,0,11.976793515007094
2010-07-29,0,12.014721309330772
2010-07-30,0,11.689599897491117
2010-08-02,0,11.943716028705163
2010-08-03,0,12.62714546189807
2010-08-04,0,12.237913408200217
2010-08-05,0,12.022802646032332
2010-08-06,0,11.84751375642257
2010-08-09,0,11.537567686239324
2010-08-10,0,11.737707191634184
2010-08-11,0,11.695685095092772
2010-08-12,0,11.84650343860181
2010-08-13,0,11.516012138132858
2010-08-16,0,11.473588778198176
2010-08-17,0,11.61559174527122
2010-08-18,0,11.302568117056909
2010-08-19,0,12.030448570707422
2010-08-20,0,12.376188190845134
2010-08-23,0,12.0764831344799
2010-08-24,0,11.753796125457761
2010-08-25,0,11.893750209715991
2010-08-26,0,12.063958185373904
2010-08-27,0,11.76550294160974
2010-08-30,0,12.88038914418594
2010-08-31,0,12.486894711615701
2010-09-01,0,12.188998385313198
2010-09-02,0,12.919054182104059
2010-09-03,0,12.519061332022249
2010-09-06,1,12.168845276027485
2010-09-07,0,13.939372416480758
2010-09-08,0,13.528005269014837
2010-09-09,0,13.08130126075696
2010-09-13,1,12.861147923029359
2010-09-14,0,15.150035879214432
2010-09-15,0,14.71036244106831
2010-09-16,0,14.873304125332375
2010-09-17,0,14.626528234718565
2010-09-20,1,14.682583679792108
2010-09-21,0,15.541220373802481
2010-09-22,0,15.026950166413394
2010-09-23,0,14.57898515491896
2010-09-24,0,14.26788389309245
2010-09-27,0,14.366070294327207
2010-09-28,0,13.880682713349145
2010-09-29,0,13.436818874289203
2010-09-30,0,13.327243228789984
2010-10-01,1,13.162633475230239
2010-10-04,0,14.787877707783162
2010-10-05,0,14.265609098768287
2010-10-06,0,13.828117868001398
2010-10-07,0,13.633005823499373
2010-10-08,0,14.13870540724876
2010-10-11,0,13.70474395499085
2010-10-12,0,13.40375351483863
2010-10-13,1,13.48068886555568
2010-10-14,0,16.367470030412328
2010-10-15,1,16.488594221192535
2010-10-18,0,17.804312250548886
2010-10-19,0,17.148609090853455
2010-10-20,0,16.95099120134008
2010-10-21,1,16.653279486831156
2010-10-22,0,18.085872660075992
2010-10-25,0,17.706682316181986
2010-10-26,0,17.222719033853206
2010-10-27,0,16.685326949605624
2010-10-28,0,16.853532890008378
2010-10-29,0,16.301160469808142
2010-11-01,1,15.800487068337612
2010-11-02,0,16.569079563706524
2010-11-03,0,15.952651260132871
2010-11-04,1,15.590140353884895
2010-11-08,0,17.010281778635893
2010-11-09,0,16.415781658593843
2010-11-10,0,15.893567982227967
2010-11-11,0,15.44654305472242
2010-11-12,1,15.976911002658913
2010-11-15,1,17.594172959282155
2010-11-16,1,17.307369934471254
2010-11-18,1,19.479157330457802
2010-11-19,1,18.707605687100553
2010-11-22,1,19.760145606520126
2010-11-23,1,20.87351551886089
2010-11-24,1,20.987215190978876
2010-11-25,1,20.72617078249737
2010-11-26,1,20.43091604110247
2010-11-29,1,19.922896687697648
2010-11-30,1,19.913419141250085
2010-12-01,1,19.162968597859955
2010-12-02,0,19.56412288910358
2010-12-03,0,18.997481281128405
2010-12-06,0,18.3186800407101
2010-12-07,0,17.5883082267414
2010-12-08,0,16.956865843482177
2010-12-09,1,17.217978853324002
2010-12-10,1,19.38980242220956
2010-12-13,0,19.88231054091842
2010-12-14,0,19.26637816126363
2010-12-15,0,18.593010039530277
2010-12-16,0,18.31992626535562
2010-12-20,0,18.063170513843783
2010-12-21,0,17.36072663029939
2010-12-22,0,17.05747368585745
2010-12-23,0,16.484164126610636
2010-12-24,0,15.866897316506401
2010-12-27,0,15.410384542730748
2010-12-28,0,14.91796915240277
2010-12-29,0,14.390210496113518
2010-12-30,0,14.545599110613024
2010-12-31,0,14.225187023695938
2011-01-03,0,13.856364819842861
2011-01-04,0,13.446156380625858
2011-01-05,0,13.054769643623166
2011-01-06,0,13.55640987592051
2011-01-07,1,13.295993378688667
2011-01-10,1,16.64648506624553
2011-01-11,1,18.972658193560353
2011-01-12,1,18.209284911196708
2011-01-13,1,19.068894326127506
2011-01-14,1,20.494884971902394
2011-01-17,1,20.875140250044247
2011-01-18,1,20.003784907299305
2011-01-19,0,19.7634557076009
2011-01-20,0,19.22622917144378
2011-01-21,0,18.501245291047375
2011-01-24,0,17.82368978335776
2011-01-25,0,17.42957112414611
2011-01-27,1,17.40653684317491
2011-01-28,1,17.896028406777894
2011-01-31,1,18.569822819937105
2011-02-01,1,17.8301229219204
2011-02-02,1,18.66213307950879
2011-02-03,1,17.95388655565871
2011-02-04,1,18.60981932619279
2011-02-07,1,21.08785133471936
2011-02-08,1,20.20893649500606
2011-02-09,1,20.603528581853343
2011-02-10,1,20.323948109569923
2011-02-11,1,19.62053540565304
2011-02-14,1,19.940626718716683
2011-02-15,1,21.980605780599777
2011-02-16,1,21.068348434118512
2011-02-17,1,20.186240143859013
2011-02-18,1,19.964436236822614
2011-02-21,1,20.545571353719996
2011-02-22,1,20.282044105651117
2011-02-23,1,19.951441682433657
2011-02-24,1,19.30830844511471
2011-02-25,1,23.32689420719429
2011-02-28,1,22.655094152783196
2011-03-01,1,21.755339580412222
2011-03-03,1,25.318894353820664
2011-03-04,1,24.209324907174604
2011-03-07,1,23.157829621552175
2011-03-08,1,22.971253181787528
2011-03-09,1,22.464464800009754
2011-03-10,1,21.506406012597616
2011-03-11,1,20.85587298254192
2011-03-14,1,20.363971583229485
2011-03-15,1,20.63143944423173
2011-03-16,1,21.05602052985683
2011-03-17,1,20.771848869679403
2011-03-18,1,20.69476125511994
2011-03-21,1,20.670931428478795
2011-03-22,1,19.819467251134107
2011-03-23,1,19.333454863319094
2011-03-24,1,19.108910001575804
2011-03-25,1,18.52714775643614
2011-03-28,0,20.27257053183096
2011-03-29,0,19.500950261847294
2011-03-30,0,19.002303136080048
2011-03-31,0,18.55342292035198
2011-04-01,0,18.046956004884358
2011-04-04,0,17.36158061589279
2011-04-05,0,17.68206506250622
2011-04-06,0,16.99611137933508
2011-04-07,0,16.419845998735607
2011-04-08,0,15.808704755252098
2011-04-11,0,15.619847672185907
2011-04-13,1,15.645153145599009
2011-04-15,1,17.65320362147614
2011-04-18,1,18.493082329438877
2011-04-19,1,19.078104840553856
2011-04-20,1,18.337357103823663
2011-04-21,0,19.229881371275308
2011-04-25,0,18.50835684796458
2011-04-26,0,17.803097196861543
2011-04-27,0,17.11133492891582
2011-04-28,0,16.685063086051102
2011-04-29,0,16.479739300669817
2011-05-02,0,16.097221221091537
2011-05-03,1,15.958598832065686
2011-05-04,1,18.633765151675195
2011-05-05,1,17.983083507393136
2011-05-06,1,18.402882151430596
2011-05-09,0,19.041289855763665
2011-05-10,0,18.291106723478496
2011-05-11,0,17.595626918580987
2011-05-12,0,16.988717308566063
2011-05-13,0,17.612055168573256
2011-05-16,0,17.554810139722875
2011-05-17,0,17.383282697671746
2011-05-18,0,17.394564461074882
2011-05-19,0,16.777002832713872
2011-05-20,0,16.13690906404062
2011-05-23,1,16.08331333037717
2011-05-24,0,17.67609269190193
2011-05-25,0,17.00622572038915
2011-05-26,0,16.841780674715796
2011-05-27,0,16.92338584034259
2011-05-30,0,16.85156192799245
2011-06-01,1,16.228329150851536
2011-06-02,0,18.059596325692578
2011-06-03,0,17.814990460556988
2011-06-06,0,17.31541148473958
2011-06-07,0,16.680917429622895
2011-06-08,0,16.106601920070197
2011-06-09,0,15.741973279165059
2011-06-10,0,15.170994381839034
2011-06-13,0,14.934314431856924
2011-06-14,0,14.4059686375709
2011-06-15,0,13.945087114251079
2011-06-16,0,14.238189364172841
2011-06-17,0,14.334093049463252
2011-06-20,1,14.05948195657292
2011-06-21,0,16.31046014070404
2011-06-22,0,15.782520479948639
2011-06-23,0,15.201065325921022
2011-06-24,1,14.948521395745958
2011-06-27,0,18.479649271457625
2011-06-28,0,18.038093330151032
2011-06-29,0,17.35208141258078
2011-06-30,0,17.160145917594598
2011-07-01,0,16.779340031896393
2011-07-04,0,16.264163446559923
2011-07-05,0,15.738414802074395
2011-07-06,0,15.262693582854311
2011-07-07,1,14.727284481460638
2011-07-08,0,16.105365730621692
2011-07-11,0,16.626278673261957
2011-07-12,1,16.332830311615098
2011-07-13,0,17.198065586122517
2011-07-15,0,17.17207873993332
2011-07-18,0,16.53952984660247
2011-07-19,0,15.974152539504477
2011-07-20,0,15.74957777210233
2011-07-21,0,15.721776384142872
2011-07-22,1,15.276812307861507
2011-07-25,0,16.28231646744771
2011-07-26,1,15.898024516401298
2011-07-27,0,17.54673743407882
2011-07-28,0,16.95931654986074
2011-07-29,0,16.997482250678388
2011-08-01,0,16.352221589469597
2011-08-02,0,15.913134792680404
2011-08-03,0,16.205198814697983
2011-08-04,1,16.12286787568268
2011-08-05,1,16.603075814408232
2011-08-08,1,18.775040644215142
2011-08-09,1,19.517805487892677
2011-08-10,1,19.105306765725263
2011-08-11,0,19.684289043864393
2011-08-12,0,19.08702180499207
2011-08-16,0,19.175940009980728
2011-08-17,0,18.645943782575916
2011-08-18,1,17.968280248915505
2011-08-19,1,20.050682191937625
2011-08-22,1,20.96689681807745
2011-08-23,1,20.67796172911741
2011-08-24,1,20.135562458041232
2011-08-25,1,20.191489535174828
2011-08-26,1,19.814606058019514
2011-08-29,1,20.71836443274082
2011-08-30,1,25.149834067745285
2011-09-02,1,24.70039076530227
2011-09-05,1,23.76500719385609
2011-09-06,1,22.84602546184163
2011-09-07,1,22.2226707273891
2011-09-08,1,21.759595540842337
2011-09-09,1,20.913390373458604
2011-09-12,1,21.68434385911179
2011-09-13,1,22.799268607298604
2011-09-14,1,21.823892404851062
2011-09-15,1,21.673955761328713
2011-09-16,1,21.250985929071252
2011-09-19,1,20.35823496339482
2011-09-20,1,20.069179818282766
2011-09-21,1,21.337365610603616
2011-09-22,1,20.49596250579105
2011-09-23,1,26.78665094453474
2011-09-26,1,25.90189580072114
2011-09-27,1,24.944181578301798
2011-09-28,1,26.50041053340117
2011-09-29,1,25.55275121445341
2011-09-30,1,25.13512550158641
2011-10-03,1,24.982165811580895
2011-10-04,1,25.2348636086828
2011-10-05,1,25.034579276371286
2011-10-07,1,24.014043009223744
2011-10-10,1,25.86027077983558
2011-10-11,1,25.635157885097538
2011-10-12,1,24.538433464595087
2011-10-13,1,25.766742192123754
2011-10-14,1,24.784544288080177
2011-10-17,1,24.12325829236356
2011-10-18,1,23.13660567459673
2011-10-19,1,23.242937655005168
2011-10-20,1,23.917200563780717
2011-10-21,1,23.404403131326053
2011-10-24,1,22.68794305384324
2011-10-25,1,22.10264428518523
2011-10-28,1,22.33854831701738
2011-10-31,1,25.014921953651506
2011-11-01,1,24.227809657850237
2011-11-02,1,23.820375222014324
2011-11-03,1,22.790837061153358
2011-11-04,1,21.815760408929865
2011-11-08,1,20.920403043397428
2011-11-09,1,20.045364135738556
2011-11-11,1,20.108101143413215
2011-11-14,1,19.740430881489562
2011-11-15,1,19.01357361549767
2011-11-16,1,19.55401817058106
2011-11-17,1,19.02257587373621
2011-11-18,1,20.11244640476516
2011-11-21,1,19.4324304104179
2011-11-22,1,21.949528234741923
2011-11-23,1,21.285357332340897
2011-11-25,1,22.807724486116797
2011-11-28,1,21.837122782346064
2011-11-29,1,24.290399896588198
2011-11-30,1,23.84975126216903
2011-12-01,1,22.951290378865316
2011-12-02,1,23.702489598633093
2011-12-05,1,24.335419998843708
2011-12-07,1,23.34528668200055
2011-12-08,1,22.42448068078451
2011-12-09,1,23.9270057718065
2011-12-12,1,23.766715299074637
2011-12-13,1,24.476951022154772
2011-12-14,1,23.648836123424175
2011-12-15,1,22.986006325870807
2011-12-16,1,22.0659556419134
2011-12-19,1,22.91973822031378
2011-12-20,1,22.19535210353468
2011-12-21,1,22.26694732993546
2011-12-22,1,25.431720485028215
2011-12-23,1,24.43434833289597
2011-12-27,1,23.486973501971182
2011-12-28,1,22.720309432347744
2011-12-29,1,22.222295049355566
2011-12-30,1,21.982521490336527
2012-01-03,1,21.14303715434415
2012-01-04,1,23.889085858863808
2012-01-05,1,23.008579801622265
2012-01-06,1,22.02117846841857
2012-01-09,1,21.087600652259255
2012-01-10,1,20.250336692170755
2012-01-11,1,21.545579751731587
2012-01-12,0,20.636696692026042
2012-01-13,0,19.996024086254913
2012-01-16,0,19.41745613471228
2012-01-17,1,18.62591479867197
2012-01-18,0,19.510204585123663
2012-01-19,0,18.798756256740926
2012-01-20,0,18.785852728820927
2012-01-23,0,18.141193712995413
2012-01-24,1,17.432327051073436
2012-01-25,0,18.02740633628092
2012-01-27,0,17.41313443923041
2012-01-30,1,17.081934707610888
2012-01-31,1,19.374062365899228
2012-02-01,0,20.996870584805183
2012-02-02,0,20.222459917083764
2012-02-03,0,19.515704111474378
2012-02-06,0,19.183275368350756
2012-02-07,0,18.552069762719402
2012-02-08,0,17.991019100996088
2012-02-09,0,17.468279036545788
2012-02-10,0,17.063763333913254
2012-02-13,0,16.6764507540871
2012-02-14,0,16.05071146060273
2012-02-15,1,15.546961675538007
2012-02-16,0,17.29514447739804
2012-02-17,0,16.70503371799718
2012-02-21,0,16.368936505636604
2012-02-22,1,16.012706801454478
2012-02-23,0,17.55508492353803
2012-02-24,0,16.930074795691535
2012-02-27,1,16.884217125534253
2012-02-28,1,20.223712113068
2012-02-29,1,20.98581998816647
2012-03-01,1,20.108037074396403
2012-03-02,1,19.708799142676284
2012-03-05,1,18.968718929707084
2012-03-06,1,19.44038376377028
2012-03-07,1,19.22481693748498
2012-03-09,1,18.444128749032163
2012-03-12,1,19.778105122465313
2012-03-13,1,18.998791132630515
2012-03-14,1,18.960191167485984
2012-03-15,1,18.323459204559406
2012-03-16,0,18.948852274854435
2012-03-19,0,18.81180454024911
2012-03-20,0,18.72141192898658
2012-03-21,1,18.018073524396225
2012-03-22,1,18.587175419010823
2012-03-23,1,21.467073190795393
2012-03-26,1,21.064561655971207
2012-03-27,1,21.825592065074805
2012-03-28,1,21.480430007377052
2012-03-29,1,21.090220343077952
2012-03-30,1,20.25633001215669
2012-04-02,1,21.575115134933082
2012-04-03,1,20.68061209241247
2012-04-04,1,20.031056816066418
2012-04-09,1,19.479134832115975
2012-04-10,0,20.056764553582017
2012-04-11,0,19.251815289858826
2012-04-12,0,18.559339097800063
2012-04-13,0,18.214675940941753
2012-04-16,0,18.583537614943804
2012-04-17,0,17.911717414011285
2012-04-18,0,17.860058623424912
2012-04-19,0,17.155575342126568
2012-04-20,0,16.653678762518314
2012-04-23,1,16.45744262883269
2012-04-24,0,17.50628529976329
2012-04-25,0,16.940256110154895
2012-04-26,0,16.441101459574167
2012-04-27,0,15.875789878626415
2012-04-30,0,15.286000310537434
2012-05-02,0,15.3742274558745
2012-05-03,0,14.877321102604528
2012-05-04,1,15.010554885582918
2012-05-07,0,16.781612257170003
2012-05-08,1,16.33224861709901
2012-05-09,0,18.795798958913128
2012-05-10,0,18.141682487162534
2012-05-11,0,17.449807961991578
2012-05-14,0,17.151138169724437
2012-05-15,0,16.60548281591453
2012-05-16,1,16.22237487834701
2012-05-17,0,17.541066999093538
2012-05-18,0,16.89948009846972
2012-05-22,0,16.31635345144267
2012-05-23,0,16.03367048212787
2012-05-24,1,15.606224495621333
2012-05-25,0,16.758061487119207
2012-05-28,0,16.143988410984694
2012-05-29,0,16.451071033980828
2012-05-30,0,15.828468053904272
2012-05-31,0,15.683813761408006
2012-06-01,1,15.282758270127518
2012-06-04,0,16.515307959461804
2012-06-05,0,15.902511043589648
2012-06-06,1,15.337688044680894
2012-06-07,0,18.54696543455603
2012-06-08,0,18.134627096395
2012-06-11,0,17.44884424536339
2012-06-12,0,16.829138750557885
2012-06-13,0,16.960314974243175
2012-06-14,0,16.307815383531317
2012-06-15,1,16.785919036007705
2012-06-18,1,17.697455457447603
2012-06-19,0,18.436562098846036
2012-06-20,0,18.03095989764638
2012-06-21,0,17.340578495835377
2012-06-22,0,16.982741621621354
2012-06-25,0,16.46022256637597
2012-06-26,0,16.080489048705868
2012-06-27,0,15.483871063432925
2012-06-28,0,14.981282051228215
2012-06-29,1,14.445402702083076
2012-07-02,0,17.38782268336416
2012-07-03,0,16.740101593472282
2012-07-04,0,16.10878460305794
2012-07-05,0,15.534908671324981
2012-07-06,0,15.052934104773682
2012-07-09,0,14.56644218260203
2012-07-10,0,14.514497936825325
2012-07-11,0,15.093620733379279
2012-07-12,0,15.058183205875364
2012-07-13,0,15.672589133021408
2012-07-16,0,15.104274799586552
2012-07-17,0,14.83333281515516
2012-07-18,0,14.317847082083382
2012-07-19,0,13.91693824759251
2012-07-20,0,13.55299732493904
2012-07-23,1,13.574352775466378
2012-07-24,0,15.036466766206107
2012-07-25,0,14.532953201402272
2012-07-26,0,14.169679712372348
2012-07-27,0,14.9180782977143
2012-07-30,1,15.19237364145599
2012-07-31,0,16.52977115047098
2012-08-01,0,15.974168753828648
2012-08-02,0,15.390302534049301
2012-08-03,0,14.88547000440108
2012-08-06,0,14.404392570160931
2012-08-07,0,14.85907003350756
2012-08-08,0,14.800636815575505
2012-08-09,0,14.282290322508503
2012-08-10,0,13.861894969727269
2012-08-13,0,13.399289507197786
2012-08-14,0,13.101211854468003
2012-08-16,0,12.859567950607174
2012-08-17,0,12.593273407742453
2012-08-21,0,12.206616429249905
2012-08-22,0,12.522436284772468
2012-08-23,0,12.205079264909678
2012-08-24,0,11.843616040561807
2012-08-27,0,11.787087141736825
2012-08-29,0,11.863576137597187
2012-08-30,0,12.640565645763866
2012-08-31,0,12.443153635625837
2012-09-03,0,13.115230584548925
2012-09-04,0,12.702193920281935
2012-09-05,0,12.383299740374834
2012-09-06,0,12.805403457110067
2012-09-07,1,12.445031534433284
2012-09-10,0,14.508729628637917
2012-09-11,0,14.024475144037472
2012-09-12,0,13.663745136551768
2012-09-13,0,13.530730683958698
2012-09-14,1,13.084247983289309
2012-09-17,0,16.67956492143283
2012-09-18,0,16.112249367919972
2012-09-20,0,15.55020133566182
2012-09-21,1,15.414198103027546
2012-09-24,0,18.15082484916991
2012-09-25,0,17.632298949226886
2012-09-26,0,16.941096088179428
2012-09-27,0,16.31975314311903
2012-09-28,0,15.760483592633946
2012-10-01,0,15.65540121739579
2012-10-03,0,15.089274016573011
2012-10-04,0,14.557260057628014
2012-10-05,0,14.579030770276775
2012-10-08,0,14.519763361795787
2012-10-09,0,15.021541208117092
2012-10-10,0,14.653636593287088
2012-10-11,0,14.839462038706824
2012-10-12,0,14.897795117284925
2012-10-15,0,14.678739409575826
2012-10-16,0,14.176791537110022
2012-10-17,0,14.08469353216729
2012-10-18,0,13.626017666493214
2012-10-19,0,13.778682683879612
2012-10-22,0,13.702454142162441
2012-10-23,0,13.459067950620833
2012-10-25,0,13.232442060105118
2012-10-29,0,12.832657357396243
2012-10-30,0,12.878863938144754
2012-10-31,0,13.555554705866886
2012-11-01,0,13.215453283368168
2012-11-02,0,12.86894430929086
2012-11-05,0,12.948839245646186
2012-11-06,0,12.538782282327999
2012-11-07,0,12.218171670209493
2012-11-08,0,12.081367689558713
2012-11-09,0,11.908602741371622
2012-11-12,0,12.2797164569868
2012-11-15,0,11.91536399159914
2012-11-16,0,12.3680970402772
2012-11-19,0,12.804475965609399
2012-11-20,0,12.406478927791994
2012-11-21,0,12.03740023561594
2012-11-22,0,12.056799830320964
2012-11-23,0,11.714313760189178
2012-11-26,0,11.394082314410124
2012-11-27,1,11.096899655983776
2012-11-29,1,12.664525387831826
2012-11-30,0,13.89547602916827
2012-12-03,0,13.829298679085815
2012-12-04,0,13.406765430118117
2012-12-05,0,13.02268296854119
2012-12-06,0,12.616588878230727
2012-12-07,0,12.367559975074892
2012-12-10,0,12.184825675351217
2012-12-11,0,11.824824603279518
2012-12-12,0,11.535731635998376
2012-12-13,0,11.270449708143323
2012-12-14,0,11.359786331952835
2012-12-17,0,11.219791411176063
2012-12-18,0,11.119453530732786
2012-12-19,0,11.146128587298898
2012-12-20,0,11.02286769126807
2012-12-21,0,10.835916024578534
2012-12-24,0,11.788251034831223
2012-12-26,0,11.472212925628773
2012-12-27,0,11.623705443254412
2012-12-28,0,11.746861627263463
2012-12-31,0,11.729845750540955
2013-01-02,1,11.421971248096538
2013-01-03,0,12.66688688687218
2013-01-04,0,12.284146947436174
2013-01-07,0,11.91822206030375
2013-01-08,0,11.790933143488644
2013-01-09,0,11.484711808377686
2013-01-10,0,11.460354524736044
2013-01-11,0,11.156016371551878
2013-01-14,0,10.976740474828205
2013-01-15,0,11.79989632220396
2013-01-16,0,11.584639679749921
2013-01-17,0,12.074241771373195
2013-01-18,0,12.029168579651587
2013-01-21,0,11.75229419712114
2013-01-22,0,11.450185669217042
2013-01-23,0,11.472769986418223
2013-01-24,0,11.16456633572784
2013-01-25,0,11.237089764291145
2013-01-28,0,11.571021586029302
2013-01-29,0,11.266740025281988
2013-01-30,0,11.164259032219118
2013-01-31,0,10.87699033844171
2013-02-01,0,10.766249601225839
2013-02-04,0,10.869881116245576
2013-02-05,0,10.645728270986607
2013-02-06,0,10.684577500919346
2013-02-07,0,10.427926103678931
2013-02-08,0,10.35211925719332
2013-02-11,0,10.50179019057627
2013-02-12,0,10.273767764814064
2013-02-13,0,10.154429137082664
2013-02-14,0,9.940780816668635
2013-02-15,0,10.181955304454016
2013-02-18,0,9.994543221145566
2013-02-19,0,9.801864737641688
2013-02-20,0,9.960936209086421
2013-02-21,1,9.760959377007216
2013-02-22,0,11.813435881265153
2013-02-25,0,11.478188847988193
2013-02-26,1,11.165793909242769
2013-02-27,0,13.122337957126893
2013-02-28,1,13.004552622330738
2013-03-01,0,15.092419329174232
2013-03-04,0,14.706141232922773
2013-03-05,0,14.336437540905251
2013-03-06,0,15.142197971569734
2013-03-07,0,14.710478593948103
2013-03-08,0,14.474022715952716
2013-03-11,0,15.044830232541553
2013-03-12,0,14.531334951794495
2013-03-13,0,14.202255407699052
2013-03-14,0,14.498477940326378
2013-03-15,0,14.60841889850027
2013-03-18,0,14.477299688937654
2013-03-19,1,14.27081958000868
2013-03-20,0,15.338194138999556
2013-03-21,0,15.264265371674844
2013-03-22,0,14.984207742615231
2013-03-25,0,14.470205662088038
2013-03-26,0,14.06534057565976
2013-03-28,0,13.58871160598504
2013-04-01,0,13.422311027076997
2013-04-02,0,13.030833304551349
2013-04-03,0,12.945016508686829
2013-04-04,1,13.95977504299925
2013-04-05,0,15.387042125986437
2013-04-08,0,14.900446958909102
2013-04-09,0,14.413352299897658
2013-04-10,0,14.503234274718139
2013-04-11,0,14.816461443693598
2013-04-12,0,14.436428833170941
2013-04-15,0,15.002924810397495
2013-04-16,1,14.814720078048543
2013-04-17,0,16.73217596784162
2013-04-18,1,16.12118296290787
2013-04-22,0,16.97971619036755
2013-04-23,0,16.626033477927297
2013-04-25,0,15.995095251589197
2013-04-26,0,16.39128032772544
2013-04-29,0,16.25021620845679
2013-04-30,0,15.812593415711984
2013-05-02,0,15.298137373309672
2013-05-03,0,15.424925816069802
2013-05-06,0,15.552051204977749
2013-05-07,0,15.110330110383476
2013-05-08,0,15.333885302726111
2013-05-09,0,14.820481937216693
2013-05-10,0,14.397045139423842
2013-05-13,1,14.221134857979179
2013-05-14,0,16.233110197908566
2013-05-15,1,15.676531593523585
2013-05-16,0,18.29532322438694
2013-05-17,0,17.57320889078745
2013-05-20,0,16.908490811040682
2013-05-21,0,16.428555849991596
2013-05-22,0,16.1159526893924
2013-05-23,1,15.583916679082071
2013-05-24,1,17.697799996408136
2013-05-27,1,17.061646309553634
2013-05-28,0,17.692282324557567
2013-05-29,0,17.032742191206644
2013-05-30,0,16.397512563536136
2013-05-31,1,15.823888888070968
2013-06-03,0,18.33803570370306
2013-06-04,0,17.86538913296292
2013-06-05,0,17.23401052624586
2013-06-06,0,16.56488473857947
2013-06-07,0,15.944341884557934
2013-06-10,0,15.693127979844668
2013-06-11,1,15.117541720482727
2013-06-12,0,16.127290576097536
2013-06-13,0,15.657466733980922
2013-06-14,1,15.831992362074676
2013-06-17,0,17.249550370575836
2013-06-18,0,16.720734549555463
2013-06-19,0,16.395424022803123
2013-06-20,1,15.787602157205363
2013-06-21,1,19.886948327542445
2013-06-24,1,19.117751610658182
2013-06-25,0,19.421530772133693
2013-06-26,0,18.67961257004765
2013-06-27,1,18.040799485054066
2013-06-28,1,18.64433294971444
2013-07-01,1,21.099529321575254
2013-07-02,1,20.451803097398493
2013-07-03,1,19.89831194974563
2013-07-04,1,20.106924623253768
2013-07-05,0,19.92431701194154
2013-07-08,0,19.167234162148343
2013-07-09,0,18.969205203131878
2013-07-10,0,18.543812341042383
2013-07-11,1,18.173499941202614
2013-07-12,1,19.432544683636966
2013-07-15,0,19.168446639854356
2013-07-16,0,18.413552195994185
2013-07-17,0,18.56981640508765
2013-07-18,0,17.88193240726219
2013-07-19,0,17.68767704379084
2013-07-22,0,17.042426889823783
2013-07-23,0,16.384283078413386
2013-07-24,1,16.048071803540736
2013-07-25,1,16.862940760104422
2013-07-26,0,17.249560845282623
2013-07-29,0,16.645615109719277
2013-07-30,0,16.590057760650616
2013-07-31,0,16.99053195906915
2013-08-01,0,16.364026771367385
2013-08-02,0,15.807907098519765
2013-08-05,0,15.762666517835559
2013-08-06,1,15.186975472528962
2013-08-07,0,18.53838602725021
2013-08-08,0,17.853163055188308
2013-08-12,0,17.471468856125053
2013-08-13,1,17.037719162881586
2013-08-14,0,17.47178339390095
2013-08-16,1,16.98469319464668
2013-08-19,1,24.584179874881784
2013-08-20,1,24.360407859354755
2013-08-21,1,23.32213301575818
2013-08-22,1,23.877673092681643
2013-08-23,1,24.418032284004727
2013-08-26,1,23.7070600116926
2013-08-27,1,22.684094676131256
2013-08-28,1,26.572509975869405
2013-08-29,1,25.402785577324224
2013-08-30,1,26.10874694922725
2013-09-02,1,25.24677833769907
2013-09-03,1,24.785063733815882
2013-09-04,1,29.22815109748515
2013-09-05,1,29.455442611771723
2013-09-06,1,29.984783286610284
2013-09-10,1,29.155174126068594
2013-09-11,1,31.896161912237627
2013-09-12,1,30.446609697459003
2013-09-13,1,29.455716030761522
2013-09-16,1,28.13165050953866
2013-09-17,1,26.89651557857738
2013-09-18,1,25.70704298684891
2013-09-19,1,24.790467983543188
2013-09-20,1,28.02668935018261
2013-09-23,1,28.13259267061077
2013-09-24,1,28.192338042679992
2013-09-25,1,26.93944871903759
2013-09-26,1,25.811164278644
2013-09-27,1,24.676981095437434
2013-09-30,1,23.931582610176193
2013-10-01,1,24.053989240413593
2013-10-03,1,23.27423968215601
2013-10-04,1,23.992696649944524
2013-10-07,1,22.982668365281402
2013-10-08,1,21.99793085499696
2013-10-09,1,21.11333957862518
2013-10-10,1,20.907363744477472
2013-10-11,1,20.035225240877658
2013-10-14,0,19.859963969185717
2013-10-15,0,19.05207521226061
2013-10-17,0,18.389057300778674
2013-10-18,1,17.940063282459903
2013-10-21,0,19.920164670536995
2013-10-22,0,19.10007488023571
2013-10-23,0,18.33178860505873
2013-10-24,0,17.69853819034538
2013-10-25,0,17.04251239378938
2013-10-28,0,16.464529945351305
2013-10-29,1,16.186484579262057
2013-10-30,0,17.624947971163735
2013-10-31,0,16.977854315867805
2013-11-01,0,16.568177387347358
2013-11-05,0,15.938202525965448
2013-11-06,0,15.857032056965561
2013-11-07,0,15.495859211697018
2013-11-08,0,15.075225238000083
2013-11-11,0,14.94869577406365
2013-11-12,0,15.10438960907726
2013-11-13,0,15.211207897421426
2013-11-14,0,14.816822584250039
2013-11-18,1,14.979540535220062
2013-11-19,0,16.83747015336832
2013-11-20,0,16.191395124969986
2013-11-21,1,16.64845906828875
2013-11-22,1,18.18471882203455
2013-11-25,1,17.461375124429612
2013-11-26,0,18.62889745727331
2013-11-27,0,18.556032259309056
2013-11-28,0,17.812185324930716
2013-11-29,0,17.255906674916563
2013-12-02,0,17.440497704720244
2013-12-03,0,16.906404118243078
2013-12-04,0,16.32788423577105
2013-12-05,0,15.992900556575325
2013-12-06,0,16.339321243921184
2013-12-09,1,15.732851545560582
2013-12-10,0,16.571454087534644
2013-12-11,0,16.184370557894084
2013-12-12,0,15.679560495519713
2013-12-13,0,15.904522587101503
2013-12-16,0,16.047458352913964
2013-12-17,0,15.480712994261737
2013-12-18,0,14.983876165789527
2013-12-19,0,15.333712155629415
2013-12-20,1,15.361052696236609
2013-12-23,0,16.548818839914265
2013-12-24,0,15.919336838015342
2013-12-26,0,15.394588627822781
2013-12-27,0,14.844564463558429
2013-12-30,0,14.459453908979631
2013-12-31,0,14.10071776418699
2014-01-02,0,13.635983382887698
2014-01-03,0,14.503445107882213
2014-01-06,0,14.01058121572311
2014-01-07,0,13.635750746931738
2014-01-08,0,13.387104391528991
2014-01-09,0,12.966064499732468
2014-01-10,0,12.582651340140247
2014-01-13,1,12.196568010989685
2014-01-14,0,13.598693307625316
2014-01-15,0,13.46293383437229
2014-01-16,0,14.061154613135345
2014-01-17,0,13.600273136859938
2014-01-20,0,13.804419424412172
2014-01-21,0,13.654603950734657
2014-01-22,0,13.200324548926718
2014-01-23,0,12.843380409828685
2014-01-24,0,12.440289255907995
2014-01-27,1,13.344797724447417
2014-01-28,0,15.751273468750044
2014-01-29,0,15.174597484305112
2014-01-30,0,14.649833867719455
2014-01-31,0,14.607555947211294
2014-02-03,0,14.12984744959327
2014-02-04,0,15.185389856158121
2014-02-05,0,14.63641512344859
2014-02-06,0,14.17140500688918
2014-02-07,0,13.693417119194555
2014-02-10,0,13.32669353857043
2014-02-11,0,12.93926505754219
2014-02-12,0,12.536837922678465
2014-02-13,0,12.210289600598783
2014-02-14,0,13.429332147016291
2014-02-18,0,13.445344580891827
2014-02-19,0,13.936255654196827
2014-02-20,0,13.506728226625222
2014-02-21,0,13.864710687114107
2014-02-24,0,14.151171571357551
2014-02-25,0,13.749862835305825
2014-02-26,0,13.298371106085789
2014-02-28,0,13.08512299275252
2014-03-03,0,12.851805873316
2014-03-04,0,13.160765606374968
2014-03-05,0,13.780326729705934
2014-03-06,0,13.395403877820966
2014-03-07,1,13.70098653822061
2014-03-10,0,15.37817265147991
2014-03-11,0,14.817919399008437
2014-03-12,0,14.416659264269589
2014-03-13,0,13.916450915013884
2014-03-14,0,13.58033706106432
2014-03-18,0,13.139902246753117
2014-03-19,0,12.72572455073248
2014-03-20,0,12.330531888597084
2014-03-21,0,12.340469763085862
2014-03-24,0,11.982741843040795
2014-03-25,0,12.90463003292157
2014-03-26,0,12.501410049635496
2014-03-27,0,12.129914771274283
2014-03-28,0,12.004560921114592
2014-03-31,0,12.043262455831622
2014-04-01,0,11.69257600865513
2014-04-02,0,11.39352116208448
2014-04-03,0,11.21387429660593
2014-04-04,0,11.019079103200545
2014-04-07,0,11.12041412400536
2014-04-09,1,10.833047864951928
2014-04-10,0,12.205763674696204
2014-04-11,0,11.86810481842659
2014-04-15,0,11.630641055211228
2014-04-16,0,11.673491099883188
2014-04-17,1,11.984266740777588
2014-04-21,0,13.358853650473357
2014-04-22,0,13.022799663220342
2014-04-23,0,12.622478450044179
2014-04-25,0,12.314466892129944
2014-04-28,0,12.61545114700147
2014-04-29,0,12.30985673104664
2014-04-30,0,12.355158053640912
2014-05-02,0,12.063660314830358
2014-05-05,0,11.717583681251863
2014-05-06,0,11.388958746296275
2014-05-07,0,11.10347250185275
2014-05-08,0,11.685064167409001
2014-05-09,1,11.3669750374953
2014-05-12,1,16.556555759012166
2014-05-13,1,18.03788821647428
2014-05-14,0,18.011738990078435
2014-05-15,0,17.30391812411995
2014-05-16,0,16.646797790845156
2014-05-19,0,16.634139509862955
2014-05-20,0,16.276513506644896
2014-05-21,0,15.664294656972896
2014-05-22,0,15.171921273444289
2014-05-23,0,14.674787303880638
2014-05-26,0,14.991654734543971
2014-05-27,0,14.498829001925428
2014-05-28,0,14.236006374568614
2014-05-29,0,13.757751744723485
2014-05-30,0,14.562779544373457
2014-06-02,1,14.054964354774963
2014-06-03,0,15.509608902600641
2014-06-04,0,15.104632933017767
2014-06-05,0,14.613560922148597
2014-06-06,0,14.663194320380752
2014-06-09,0,15.252946408701225
2014-06-10,0,15.072621526804399
2014-06-11,0,14.53507555175448
2014-06-12,0,14.149575845508554
2014-06-13,0,13.712089977344473
2014-06-16,0,14.770411441010003
2014-06-17,0,14.252394749804509
2014-06-18,0,14.732858429746688
2014-06-19,0,15.04016452052427
2014-06-20,0,14.534152583153562
2014-06-23,0,14.150317039016764
2014-06-24,0,13.72618569941644
2014-06-25,0,14.073092066784728
2014-06-26,0,13.652698429566003
2014-06-27,0,13.97368475372995
2014-06-30,0,13.530594441704027
2014-07-01,0,14.165951178681109
2014-07-02,0,13.69136582072993
2014-07-03,0,14.056019851272831
2014-07-04,0,13.623180446682731
2014-07-07,0,13.29748300025185
2014-07-08,1,12.962568121784608
2014-07-09,0,15.798762525443834
2014-07-10,0,15.323249572931694
2014-07-11,0,14.814599201258813
2014-07-14,0,15.730390519948044
2014-07-15,0,15.151046488316128
2014-07-16,0,15.094695122247172
2014-07-17,0,15.35234047415795
2014-07-18,0,14.795696889088939
2014-07-21,0,14.30878882243223
2014-07-22,0,13.837512148027812
2014-07-23,0,14.046007820785535
2014-07-24,0,13.60020579412632
2014-07-25,0,13.241207059661699
2014-07-28,0,13.069044691059549
2014-07-30,0,12.885189994585502
2014-07-31,0,12.674193801121866
2014-08-01,1,13.047702837292865
2014-08-04,0,14.316470955820483
2014-08-05,0,14.595091984844553
2014-08-06,0,14.357488165273061
2014-08-07,0,14.650001693799348
2014-08-08,0,14.18711704933801
2014-08-11,0,14.510207819881586
2014-08-12,0,14.358628879749899
2014-08-13,0,14.767418361986412
2014-08-14,0,14.243699321268656
2014-08-18,0,14.000334183940474
2014-08-19,0,14.137002816008687
2014-08-20,0,13.669655404146807
2014-08-21,0,13.302139128060784
2014-08-22,0,12.888467444265693
2014-08-25,0,12.510785457834
2014-08-26,0,12.153700306721865
2014-08-27,0,11.800774066938486
2014-08-28,0,11.552757844999528
2014-09-01,0,11.249457930563826
2014-09-02,0,11.526835419500228
2014-09-03,0,11.46960714797016
2014-09-04,0,11.224261212602567
2014-09-05,0,11.01075785971102
2014-09-08,0,10.752253507246566
2014-09-09,0,11.355654829463509
2014-09-10,0,11.18671476529704
2014-09-11,0,11.391048991453621
2014-09-12,0,11.09606326999579
2014-09-15,0,10.835007012767267
2014-09-16,0,11.233291770702856
2014-09-17,0,12.460638082592864
2014-09-18,1,12.311953398971896
2014-09-19,0,13.795387286167243
2014-09-22,0,13.340812150409906
2014-09-23,1,12.95015325453084
2014-09-24,0,14.440127200882467
2014-09-25,0,13.952044874086184
2014-09-26,0,14.44587518536179
2014-09-29,0,14.262669155020564
2014-09-30,0,13.813706101390446
2014-10-01,0,13.348721118912284
2014-10-07,0,12.98215407997656
2014-10-08,0,13.651529534841446
2014-10-09,0,13.206747539561784
2014-10-10,0,14.15898116470423
2014-10-13,0,15.04430147775432
2014-10-14,0,14.573476765926754
2014-10-16,0,14.137910732380316
2014-10-17,0,15.202121620122917
2014-10-20,0,14.77010267939346
2014-10-21,0,15.096489828345893
2014-10-22,0,14.676380216871607
2014-10-27,0,14.53138733374525
2014-10-28,0,14.03879332975549
2014-10-29,0,13.665843074905737
2014-10-30,0,13.539538616329267
2014-10-31,1,13.592717643269223
2014-11-03,0,15.112568135534877
2014-11-05,0,14.58264452080197
2014-11-07,0,14.080279202159947
2014-11-10,0,13.602519275664616
2014-11-11,0,13.150997688948763
2014-11-12,0,12.743148605568173
2014-11-13,0,12.365742742648981
2014-11-14,0,12.110189072107033
2014-11-17,0,11.843500699995323
2014-11-18,0,11.627851955316133
2014-11-19,0,11.32668097859397
2014-11-20,0,11.302462373501104
2014-11-21,0,11.036260250400801
2014-11-24,0,11.29558593658122
2014-11-25,0,11.193210621117691
2014-11-26,0,11.556919874701128
2014-11-27,0,11.256541578627937
2014-11-28,0,10.975366854833654
2014-12-01,0,11.542570155174536
2014-12-02,0,11.444936145782282
2014-12-03,0,11.267882501447806
2014-12-04,0,10.981102601291097
2014-12-05,0,10.746379785036241
2014-12-08,0,10.626528626297475
2014-12-09,0,11.641155801540311
2014-12-10,0,12.364963258406014
2014-12-11,0,12.015111370032677
2014-12-12,0,12.242786962483493
2014-12-15,0,12.45474777289015
2014-12-16,1,12.081208306227504
2014-12-17,0,14.428751812491834
2014-12-18,1,14.048743233990907
2014-12-19,0,15.108880307958172
2014-12-22,0,14.792382363939806
2014-12-23,0,15.001963094280619
2014-12-24,0,14.878989316401046
2014-12-26,0,15.161562444432358
2014-12-29,0,14.685660775881724
2014-12-30,0,14.295074697016673
2014-12-31,0,13.80645147049776
2015-01-02,0,13.42779118383342
2015-01-05,0,14.075864323826961
2015-01-06,1,13.68261651155145
2015-01-07,1,18.74701058031381
2015-01-08,1,18.00670313262482
2015-01-09,0,18.52685943657555
2015-01-12,0,17.86138990227616
2015-01-13,0,17.226889360385428
2015-01-14,0,16.63078753585587
2015-01-15,1,16.05049689576381
2015-01-16,0,18.911664131395185
2015-01-19,0,18.147559813442
2015-01-20,1,17.496378878700117
2015-01-21,0,18.194508804814603
2015-01-22,0,17.494874513738665
2015-01-23,0,16.8560103560543
2015-01-27,0,16.546324989732938
2015-01-28,0,16.220428716487824
2015-01-29,0,15.613202945592803
2015-01-30,1,15.122355449461221
2015-02-02,0,16.3207416026795
2015-02-03,0,15.70959880360918
2015-02-04,0,15.304861951334116
2015-02-05,0,14.869444428291088
2015-02-06,0,14.362983543927891
2015-02-09,1,14.148148090832166
2015-02-10,0,15.316252083223903
2015-02-11,0,14.905116323311455
2015-02-12,0,14.601585045219025
2015-02-13,0,14.54041783802973
2015-02-16,0,14.613978747956006
2015-02-18,0,14.103927124363317
2015-02-19,0,13.88213125821876
2015-02-20,0,13.438589833661743
2015-02-23,0,13.425671769200363
2015-02-24,0,13.563560961076739
2015-02-25,0,13.117369745316863
2015-02-26,0,12.697294038265827
2015-02-27,1,13.09700082908189
2015-03-02,0,14.919609938574226
2015-03-03,0,15.095505062137885
2015-03-04,0,14.60495432431699
2015-03-05,0,14.601618941816831
2015-03-09,1,14.107099586419587
2015-03-10,0,16.425123383639434
2015-03-11,0,15.926055922505608
2015-03-12,0,15.355280776574972
2015-03-13,0,15.170212015924868
2015-03-16,0,16.18068284104115
2015-03-17,0,15.584207924360415
2015-03-18,0,15.590119324370178
2015-03-19,0,15.230128763473164
2015-03-20,0,14.92667625357505
2015-03-23,0,14.765300680143598
2015-03-24,0,14.288217675300537
2015-03-25,0,13.81170938678144
2015-03-26,1,13.380295825981168
2015-03-27,0,16.305839459159746
2015-03-30,1,15.69278325738235
2015-03-31,0,16.796828787423536
2015-04-01,0,16.183956980058685
2015-04-06,0,16.23008556433243
2015-04-07,0,15.934243970102449
2015-04-08,0,15.34857423214037
2015-04-09,0,14.99342341723137
2015-04-10,0,14.707643699575886
2015-04-13,0,14.19298020700681
2015-04-16,0,13.907409987950983
2015-04-17,0,15.011046498911908
2015-04-20,1,15.27629354855352
2015-04-21,0,16.74401261159315
2015-04-22,0,16.48147358938722
2015-04-23,0,16.045430361219484
2015-04-24,0,15.604343937344257
2015-04-27,0,15.849033655834114
2015-04-28,0,15.981165634042165
2015-04-29,0,15.821402482925496
2015-04-30,0,15.535798726140523
2015-05-04,1,15.312506066068176
2015-05-05,0,16.675216345847247
2015-05-06,1,16.0867386882702
2015-05-07,1,19.720148861478293
2015-05-08,1,18.97437274759613
2015-05-11,1,19.449634977294714
2015-05-12,1,19.60658934692267
2015-05-13,1,21.844814339080457
2015-05-14,1,21.827124690856817
2015-05-15,1,20.94129123180912
2015-05-18,1,20.13174203458371
2015-05-19,0,20.03884388966727
2015-05-20,0,19.242935667839173
2015-05-21,0,18.6632226660549
2015-05-22,0,17.921289512760115
2015-05-25,0,17.292078162923623
2015-05-26,0,17.33825107254399
2015-05-27,0,16.738956125550526
2015-05-28,0,16.105010852955903
2015-05-29,0,15.545607168791136
2015-06-01,0,15.993700521779312
2015-06-02,1,15.41334154256172
2015-06-03,0,18.158827941846546
2015-06-04,0,18.113257426192092
2015-06-05,0,17.396195276632017
2015-06-08,0,16.769193385735054
2015-06-09,0,16.63631143893198
2015-06-10,0,16.04964964750873
2015-06-11,1,16.2913094860032
2015-06-12,0,18.198019051774914
2015-06-15,0,17.516724408885175
2015-06-16,0,16.881268491016435
2015-06-17,0,16.282173270377672
2015-06-18,0,15.790410529467596
2015-06-19,0,15.715179489053893
2015-06-22,1,15.278215702202758
2015-06-23,0,15.99251630859082
2015-06-24,0,15.41617117902414
2015-06-25,0,14.917580493016748
2015-06-26,0,14.492768759833277
2015-06-29,0,14.04536229927879
2015-06-30,0,14.006588420459428
2015-07-01,0,13.759552156934395
2015-07-02,0,13.834095617499203
2015-07-03,0,13.407307796841131
2015-07-06,0,13.095124985956005
2015-07-07,0,12.763560338717602
2015-07-08,1,12.40543779902927
2015-07-09,0,14.324125826651745
2015-07-10,0,13.917300353568393
2015-07-13,0,13.517452815656826
2015-07-14,0,13.839562683470163
2015-07-15,0,13.405476077928574
2015-07-16,0,13.38145804106163
2015-07-17,0,13.478224009716724
2015-07-20,0,13.042831564551149
2015-07-21,0,12.638909933328916
2015-07-22,0,12.871601491464835
2015-07-23,0,13.490055328858283
2015-07-24,0,13.357608170122845
2015-07-27,1,13.415593425542305
2015-07-28,0,15.36535636136373
2015-07-29,0,14.84412671586081
2015-07-30,0,14.407333239848118
2015-07-31,0,14.027525803424107
2015-08-03,0,14.504417881032522
2015-08-04,0,13.997231415905421
2015-08-05,0,13.6136654771632
2015-08-06,0,13.383049093920425
2015-08-07,0,12.957161918586683
2015-08-10,0,12.645760710020987
2015-08-11,0,12.443403770678573
2015-08-12,0,12.532129877460326
2015-08-13,0,13.513409439395375
2015-08-14,1,13.071885159356496
2015-08-17,0,14.910679947868259
2015-08-18,0,14.690769201877627
2015-08-19,0,14.18650318339275
2015-08-20,0,13.756838709780856
2015-08-21,0,14.882383807022675
2015-08-24,1,14.810605515070767
2015-08-25,1,29.98168643575224
2015-08-26,1,29.104055074996207
2015-08-27,1,28.37838121042606
2015-08-28,1,28.35286294024611
2015-08-31,1,27.158777572504853
2015-09-01,1,26.0409147207478
2015-09-02,1,26.905043679001714
2015-09-03,1,25.942671127052094
2015-09-04,1,25.449432272342378
2015-09-07,1,26.384736312989812
2015-09-08,1,25.739488562232584
2015-09-09,1,25.684234722650938
2015-09-10,1,25.34814084186424
2015-09-11,1,24.362741416067347
2015-09-14,1,23.30312124210203
2015-09-15,1,22.715674458644635
2015-09-16,1,21.94911466751423
2015-09-18,1,21.344917383728884
2015-09-21,1,20.82812312915708
2015-09-22,1,19.976665193298416
2015-09-23,1,21.25522343758608
2015-09-24,0,20.480612063995373
2015-09-28,0,19.643079327887904
2015-09-29,0,19.36672656693511
2015-09-30,0,18.759258745846427
2015-10-01,0,18.757005259303973
2015-10-05,1,18.01167245963678
2015-10-06,0,19.403928622159935
2015-10-07,0,18.636701580558835
2015-10-08,0,17.912642928245212
2015-10-09,0,17.4315770370602
2015-10-12,0,17.030963502385987
2015-10-13,0,16.637723559108963
2015-10-14,0,16.02233269292392
2015-10-15,0,15.497381000353828
2015-10-16,0,15.3399422059514
2015-10-19,0,14.991986760992022
2015-10-20,0,14.525135584145673
2015-10-21,0,14.056218487099287
2015-10-23,0,13.595662179559508
2015-10-26,0,13.298759156564266
2015-10-27,0,13.06802875592061
2015-10-28,0,12.75397897510525
2015-10-29,0,12.826790782181599
2015-10-30,0,12.849803798687049
2015-11-02,0,12.713951493239241
2015-11-03,0,12.36106924454745
2015-11-04,0,11.991119773041008
2015-11-05,0,11.737435312715876
2015-11-06,0,12.379365842351971
2015-11-09,0,12.00657835692001
2015-11-10,1,11.919064144060984
2015-11-13,0,13.775065551723788
2015-11-16,0,13.35187461582212
2015-11-17,0,13.091178447591021
2015-11-18,0,12.722427704383616
2015-11-19,0,13.828738293972929
2015-11-20,0,14.75414916842147
2015-11-23,0,14.23124281547359
2015-11-24,0,13.762682199594767
2015-11-26,0,13.352162862524546
2015-11-27,0,13.179570156584104
2015-11-30,0,13.03656529060082
2015-12-01,0,12.653727795095868
2015-12-02,0,12.291762993796024
2015-12-03,0,12.03391245266849
2015-12-04,0,12.313731071809167
2015-12-07,0,12.798759039353719
2015-12-08,0,12.436562909233293
2015-12-09,0,12.669057840369922
2015-12-10,0,13.317773745603873
2015-12-11,0,13.48031661795779
2015-12-14,0,13.87806651459019
2015-12-15,0,13.58229336011907
2015-12-16,0,13.352075998274483
2015-12-17,0,13.111974855409464
2015-12-18,0,13.541414255931032
2015-12-21,0,14.06496921216121
2015-12-22,0,14.180795177276172
2015-12-23,0,14.064055502554323
2015-12-24,0,14.228099593538351
2015-12-28,0,13.762797962030115
2015-12-29,0,13.682334819002355
2015-12-30,0,13.228496631361805
2015-12-31,0,12.968060590691664
2016-01-04,1,12.818401899164074
2016-01-05,0,15.327993467159951
2016-01-06,0,14.770985870448042
2016-01-07,1,14.508582281045562
2016-01-08,0,17.194266319433357
2016-01-11,0,16.670159361062098
2016-01-12,0,16.25477018074573
2016-01-13,0,15.994862891002324
2016-01-14,0,15.663727665085771
2016-01-15,0,15.220414354079983
2016-01-18,0,15.820563418081287
2016-01-19,0,16.023430495088505
2016-01-20,1,16.170757266689794
2016-01-21,1,17.542156505930457
2016-01-22,1,16.948371978874217
2016-01-25,0,18.31240180126577
2016-01-27,0,17.582770655519738
2016-01-28,0,16.895082053124774
2016-01-29,1,16.273767192402953
2016-02-01,0,17.466160575641297
2016-02-02,0,16.831572000091143
2016-02-03,0,17.25771531000841
2016-02-04,0,17.409138819123925
2016-02-05,0,16.90917250389777
2016-02-08,0,16.826513460077365
2016-02-09,0,17.467062226501895
2016-02-10,0,17.535584483234892
2016-02-11,1,17.533552339821124
2016-02-12,1,22.31820036452231
2016-02-15,1,21.383109984269574
2016-02-16,1,23.052527004830786
2016-02-17,1,23.526481127002565
2016-02-18,1,22.846825530716362
2016-02-19,1,22.33686925950543
2016-02-22,1,21.38971414491277
2016-02-23,1,20.51990032066777
2016-02-24,1,21.170662264526076
2016-02-25,1,20.971478511713865
2016-02-26,1,20.30952878385871
2016-02-29,1,19.75958404795973
2016-03-01,1,19.227732356745857
2016-03-02,1,23.22841566310141
2016-03-03,1,23.43994794847795
2016-03-04,1,23.07095962162412
2016-03-08,1,22.08017256362247
2016-03-09,0,21.143135153405527
2016-03-10,0,20.40255867022034
2016-03-11,0,19.79930142082392
2016-03-14,0,19.027825207940072
2016-03-15,0,18.299645044398304
2016-03-16,0,18.24757844123531
2016-03-17,0,17.65964755888843
2016-03-18,0,16.96916307266539
2016-03-21,0,17.01541578411265
2016-03-22,0,17.107303598220007
2016-03-23,0,16.445422386205706
2016-03-28,0,15.822562107295289
2016-03-29,0,16.35151066398408
2016-03-30,1,15.76237852867863
2016-03-31,0,16.92071250445924
2016-04-01,0,16.285474951116665
2016-04-04,0,15.761553576327906
2016-04-05,1,15.3715265320888
2016-04-06,0,17.442205747566963
2016-04-07,0,16.784898055501838
2016-04-08,0,16.691259620769287
2016-04-11,1,16.05691321981925
2016-04-12,0,16.656504281179448
2016-04-13,1,16.074892500765895
2016-04-18,0,17.172132842045677
2016-04-20,0,16.74068696046859
2016-04-21,0,16.106135023403205
2016-04-22,0,15.505944621416036
2016-04-25,0,14.967979967741991
2016-04-26,0,14.679795180177177
2016-04-27,0,15.265881006345323
2016-04-28,1,14.713590231478175
2016-04-29,0,16.087617580689322
2016-05-02,0,15.489788701467866
2016-05-03,0,15.179641281416298
2016-05-04,0,15.045050779233085
2016-05-05,0,14.696815864179083
2016-05-06,0,14.245866877962998
2016-05-09,1,13.766673736873424
2016-05-10,0,15.03614951669187
2016-05-11,0,14.502270574692384
2016-05-12,0,14.20952123230456
2016-05-13,0,13.993255468052997
2016-05-16,0,14.476771544214989
2016-05-17,0,14.194797481010584
2016-05-18,0,13.755482196543369
2016-05-19,0,13.387934660611217
2016-05-20,0,13.868969158647497
2016-05-23,0,13.528365010961426
2016-05-24,0,13.143661093968483
2016-05-25,1,12.738796555165177
2016-05-26,1,15.768026213177249
2016-05-27,0,16.428355364988143
2016-05-30,0,16.28745273159423
2016-05-31,0,15.690140813172455
2016-06-01,0,15.160624514910257
2016-06-02,0,14.638910817603705
2016-06-03,0,14.222270182247986
2016-06-06,0,13.736384744317396
2016-06-07,0,13.341910197083074
2016-06-08,0,13.298896572601802
2016-06-09,0,12.867864650204291
2016-06-10,0,13.073560108119517
2016-06-13,0,12.7815930840242
2016-06-14,0,12.831508187654098
2016-06-15,0,12.431629983409065
2016-06-16,0,12.979176693956719
2016-06-17,0,13.237042181645869
2016-06-20,0,12.897520892478024
2016-06-21,0,12.897047582275615
2016-06-22,0,12.585937504163363
2016-06-23,0,12.244193172243767
2016-06-24,1,12.322973081670813
2016-06-27,0,15.6711652753841
2016-06-28,0,15.107518228008239
2016-06-29,0,14.629953283206438
2016-06-30,0,14.535574360056144
2016-07-01,0,14.537214882023257
2016-07-04,0,14.114508454524733
2016-07-05,0,13.752360924113482
2016-07-07,0,13.467435407807516
2016-07-08,0,13.024299789141667
2016-07-11,1,12.654067045685956
2016-07-12,0,14.191237774999031
2016-07-13,0,13.833298475981303
2016-07-14,0,13.376936388499233
2016-07-15,0,13.109728306021983
2016-07-18,0,12.791554742427873
2016-07-19,0,12.531400949901563
2016-07-20,0,12.176113255255377
2016-07-21,0,11.908344213733965
2016-07-22,0,12.01675779874928
2016-07-25,0,11.760462279163754
2016-07-26,0,12.220008103414909
2016-07-27,0,12.205221466215674
2016-07-28,0,11.899894400694034
2016-07-29,0,11.76022183731064
2016-08-01,0,11.581586471224636
2016-08-02,0,11.265563260516442
2016-08-03,0,11.010113416660316
2016-08-04,0,11.52307128704734
2016-08-05,1,11.210451155229103
2016-08-08,0,12.569156065470594
2016-08-09,0,12.19885506811543
2016-08-10,0,12.002692296985183
2016-08-11,0,12.781677758094006
2016-08-16,0,12.413289601909643
2016-08-17,0,12.218357474829256
2016-08-18,0,11.945022391191456
2016-08-19,0,11.813696034788988
2016-08-22,0,11.503594800940174
2016-08-23,0,11.396233791488015
2016-08-24,0,11.089464270017174
2016-08-25,0,10.817603631205927
2016-08-26,0,11.053216647288686
2016-08-29,0,10.826049371885931
2016-08-30,1,10.664133037833944
2016-08-31,0,12.18143115015704
2016-09-01,0,11.893286660559616
2016-09-02,0,11.59024576394565
2016-09-06,1,11.375579988248662
2016-09-07,0,12.625648226753004
2016-09-08,0,12.388330986213585
2016-09-09,0,12.109136445620457
2016-09-12,1,12.583904465146793
2016-09-14,0,14.289759936509244
2016-09-15,0,13.813211142579606
2016-09-16,0,13.352287956955598
2016-09-19,0,12.990184440969621
2016-09-20,0,12.615689511524641
2016-09-21,0,12.384584785245424
2016-09-22,0,12.011712515465746
2016-09-23,0,12.362731759269177
2016-09-26,0,12.221777094115899
2016-09-27,0,13.065596968361023
2016-09-28,0,12.669778016983686
2016-09-29,1,12.380398962714938
2016-09-30,0,14.515934450690388
2016-10-03,0,14.058107601142396
2016-10-04,0,14.800765093678027
2016-10-05,0,14.293025601508665
2016-10-06,0,13.889051755773812
2016-10-07,0,13.544126085727147
2016-10-10,0,13.11932929463205
2016-10-13,1,12.700782473495837
2016-10-14,0,14.220191817674012
2016-10-17,0,13.74453807884857
2016-10-18,1,13.753667481976278
2016-10-19,0,15.364238024891339
2016-10-20,0,14.911006429729277
2016-10-21,0,14.48775712915304
2016-10-24,0,13.996756631796343
2016-10-25,0,13.529691835073281
2016-10-26,0,13.138575655928241
2016-10-27,0,13.341373405454807
2016-10-28,0,12.906277222827509
2016-11-01,0,12.523466509396268
2016-11-02,0,12.183609775423069
2016-11-03,0,13.215694342975446
2016-11-04,0,12.865289443624372
2016-11-07,0,12.78774627934307
2016-11-08,0,12.745530393931402
2016-11-09,0,12.477713049828047
2016-11-10,0,13.563158829247367
2016-11-11,1,13.993413924639514
2016-11-15,1,18.335386694191715
2016-11-16,0,19.97532947909388
2016-11-17,0,19.15775457155182
2016-11-18,0,18.515146561597774
2016-11-21,1,17.784527866152704
2016-11-22,0,18.90978670650825
2016-11-23,0,18.61067582613686
2016-11-24,0,17.892958185570965
2016-11-25,1,17.676893988764235
2016-11-28,0,18.757373441225106
2016-11-29,0,18.00259298158939
2016-11-30,0,17.295998808988692
2016-12-01,0,17.116390274432096
2016-12-02,0,16.605181623116632
2016-12-05,0,16.982782130280786
2016-12-06,0,16.49306211803878
2016-12-07,0,15.868559068853047
2016-12-08,1,15.497250124962028
2016-12-09,0,16.706406541132
2016-12-12,0,16.06772287086716
2016-12-13,0,16.28366317718163
2016-12-14,0,15.91518357688973
2016-12-15,0,15.538495213373388
2016-12-16,0,15.068625950533477
2016-12-19,0,14.557145750383043
2016-12-20,0,14.211514600262328
2016-12-21,0,13.791232231578265
2016-12-22,0,13.399336765712462
2016-12-23,0,13.78095458195884
2016-12-26,0,13.321699731364673
2016-12-27,1,13.678761505731856
2016-12-28,0,14.798101560330757
2016-12-29,0,14.288320416331025
2016-12-30,0,14.195960706556663
2017-01-02,0,14.24698727430789
2017-01-03,0,13.784126567328943
2017-01-04,0,13.329100276698304
2017-01-05,0,12.900633493764431
2017-01-06,0,13.135548475744374
2017-01-09,0,12.894161675482433
2017-01-10,0,12.500944283389119
2017-01-11,0,12.374868612462741
2017-01-12,0,12.73087449207261
2017-01-13,0,12.35818738563852
2017-01-16,0,12.005613456030746
2017-01-17,0,11.665078729579138
2017-01-18,0,11.392661051146138
2017-01-19,0,11.109092480561655
2017-01-20,0,10.836436609709333
2017-01-23,0,11.596732933580858
2017-01-24,0,11.482453374749936
2017-01-25,1,11.808146292547459
2017-01-27,0,12.84449662916419
2017-01-30,0,12.504561795037931
2017-01-31,0,12.146620069730155
2017-02-01,1,12.375583045458864
2017-02-02,0,14.24885213030648
2017-02-03,0,13.756892805988135
2017-02-06,0,13.295473938370101
2017-02-07,0,13.14877943963103
2017-02-08,0,12.897022189299221
2017-02-09,0,12.491016404164018
2017-02-10,0,12.111857325444978
2017-02-13,0,11.762791573762964
2017-02-14,0,11.432862498777109
2017-02-15,0,11.164807643605565
2017-02-16,0,11.448104228818385
2017-02-17,0,11.42211315760541
2017-02-20,0,11.231425468207007
2017-02-21,0,11.181132596634864
2017-02-22,0,10.930283389559326
2017-02-23,0,10.671278766942232
2017-02-27,0,10.419392198011476
2017-02-28,0,10.458935947774952
2017-03-01,0,10.266051954981682
2017-03-02,0,10.45984344575771
2017-03-03,0,10.589364183701877
2017-03-06,0,10.342644977106225
2017-03-07,0,10.517919798962394
2017-03-08,0,10.360561286502673
2017-03-09,0,10.213322306982425
2017-03-10,0,9.991176004589441
2017-03-14,1,9.785324589245258
2017-03-15,0,11.842592745280612
2017-03-16,0,11.539372155896862
2017-03-17,0,11.620847712424725
2017-03-20,0,11.299428601026314
2017-03-21,0,11.156856845301933
2017-03-22,0,10.874670804844158
2017-03-23,0,11.56847027072243
2017-03-24,0,11.547797491698999
2017-03-27,0,11.241988125423578
2017-03-28,0,11.458961850498534
2017-03-29,0,11.439507852741517
2017-03-30,0,11.235378014983358
2017-03-31,0,10.980900688921242
2017-04-03,0,10.708867021956001
2017-04-05,0,10.80028922614642
2017-04-06,0,10.564373085309652
2017-04-07,0,10.3292532779993
2017-04-10,0,10.599832418718705
2017-04-11,0,10.387452305858869
2017-04-12,0,10.412590229480218
2017-04-13,0,10.388166390170484
2017-04-17,0,10.497477611773013
2017-04-18,0,10.27610229451643
2017-04-19,0,10.232146312765058
2017-04-20,0,10.01339752549553
2017-04-21,0,9.882584628873841
2017-04-24,0,9.763248935994904
2017-04-25,0,10.530616949070698
2017-04-26,0,10.871896215583114
2017-04-27,0,10.7127554093834
2017-04-28,0,10.484622232392805
2017-05-02,0,10.43032891266119
2017-05-03,0,10.195808408585634
2017-05-04,0,9.984594213503907
2017-05-05,0,9.960055322373925
2017-05-08,0,10.505657578709839
2017-05-09,0,10.339377184640664
2017-05-10,0,10.111210715498162
2017-05-11,0,10.604564368690255
2017-05-12,0,10.354373908260976
2017-05-15,0,10.205139867863448
2017-05-16,0,10.152776226186328
2017-05-17,0,10.26840436059124
2017-05-18,0,10.042486715732284
2017-05-19,0,10.887867634006872
2017-05-22,0,10.61676282489338
2017-05-23,0,10.365848905958451
2017-05-24,0,10.506991560095829
2017-05-25,1,10.348582679871777
2017-05-26,0,12.059824955417552
2017-05-29,0,12.099800689524614
2017-05-30,0,11.745585135883276
2017-05-31,0,11.433970320531644
2017-06-01,0,11.134197989031424
2017-06-02,0,10.857985772431455
2017-06-05,0,10.679374758644752
2017-06-06,0,10.43699778699623
2017-06-07,0,10.403113944143044
2017-06-08,0,10.218177021287365
2017-06-09,0,10.05930270719737
2017-06-12,0,9.870645418956922
2017-06-13,0,10.037680424653926
2017-06-14,0,9.84576961906113
2017-06-15,0,9.653238971180295
2017-06-16,0,9.71954258767271
2017-06-19,0,9.537653375407967
2017-06-20,0,9.765538391432825
2017-06-21,0,9.603197229649346
2017-06-22,0,9.497393165377337
2017-06-23,0,9.336710606893087
2017-06-27,0,9.59222112532428
2017-06-28,0,9.892021718447388
2017-06-29,0,9.751182255187462
2017-06-30,0,9.567477586502616
2017-07-03,0,9.401088359316363
2017-07-04,0,10.018084291771205
2017-07-05,0,9.83162177054988
2017-07-06,0,9.673169841843237
2017-07-07,0,9.582854038645268
2017-07-10,0,9.441922935627709
2017-07-11,0,10.27189627088473
2017-07-12,0,10.04535828161217
2017-07-13,0,9.886202944033961
2017-07-14,0,10.134249435915432
2017-07-17,0,9.945212348152056
2017-07-18,0,9.797804140751595
2017-07-19,0,10.49597668030126
2017-07-20,0,10.715529174715797
2017-07-21,0,10.590279420342908
2017-07-24,0,10.458522067855068
2017-07-25,0,10.378637803214614
2017-07-26,0,10.158120166267944
2017-07-27,0,10.17071856620327
2017-07-28,0,9.961368585659725
2017-07-31,0,9.773258433229028
2017-08-01,0,9.88516254239281
2017-08-02,0,9.7511975881977
2017-08-03,0,9.733209661697241
2017-08-04,0,10.0310673993576
2017-08-07,0,10.05520112640053
2017-08-08,0,9.884182798771256
2017-08-09,0,10.366653416020421
2017-08-10,0,10.601480634755264
2017-08-11,0,11.088449374016719
2017-08-14,0,11.88531400688513
2017-08-16,0,12.098449752092819
2017-08-17,0,12.366638969216774
2017-08-18,0,11.999204366355722
2017-08-21,0,12.071945285222455
2017-08-22,0,12.293033667125533
2017-08-23,0,11.932512338686086
2017-08-24,0,12.080304753445086
2017-08-28,0,11.73402401133797
2017-08-29,0,11.603929977684766
2017-08-30,0,12.561477582882695
2017-08-31,0,12.78986212519375
2017-09-01,0,12.421526001534723
2017-09-04,0,12.212030494589984
2017-09-05,0,12.242480956231622
2017-09-06,0,11.987023556751835
2017-09-07,0,11.80606584162022
2017-09-08,0,11.477163771566666
2017-09-11,0,11.165537859562576
2017-09-12,0,11.214522722980652
2017-09-13,0,11.387308568870647
2017-09-14,0,11.136869579841987
2017-09-15,0,10.848664642835871
2017-09-18,0,10.585639812420155
2017-09-19,0,10.650840347314247
2017-09-20,0,10.422126936289173
2017-09-21,0,10.198859351874061
2017-09-22,1,10.035326391036481
2017-09-25,0,12.074259449152013
2017-09-26,0,12.342434627719653
2017-09-27,0,11.97294997569775
2017-09-28,0,13.2670212216247
2017-09-29,0,12.923275956220772
2017-10-03,0,12.521532135604993
2017-10-04,0,12.431148993865063
2017-10-05,0,12.20768083921724
2017-10-06,0,11.94969479602177
2017-10-09,0,12.202129844136564
2017-10-10,0,11.841848004059063
2017-10-11,0,11.539562218906422
2017-10-12,0,11.354033652624747
2017-10-13,0,11.962959834270674
2017-10-16,0,11.863403720487254
2017-10-17,0,11.73137023387653
2017-10-18,0,11.404349495906414
2017-10-19,0,11.167622928981428
2017-10-23,0,11.264603201907278
2017-10-24,0,11.066962094467975
2017-10-25,0,10.795376154499897
2017-10-26,0,11.032283142859017
2017-10-27,0,10.855076176224975
2017-10-30,0,10.661425274616324
2017-10-31,0,10.514030700766558
2017-11-01,0,10.390657155490441
2017-11-02,0,10.963768257018764
2017-11-03,0,10.76263625088927
2017-11-06,0,10.542326214272753
2017-11-07,0,10.302355033778218
2017-11-08,0,11.039640996408613
2017-11-09,0,10.93848727823887
2017-11-10,0,10.663706446537931
2017-11-13,0,10.409409123696353
2017-11-14,0,11.093868671655109
2017-11-15,0,10.934235982562425
2017-11-16,0,11.11224924209857
2017-11-17,0,11.510534668969486
2017-11-20,0,11.424082751594062
2017-11-21,0,11.116166374466099
2017-11-22,0,10.866214744081246
2017-11-23,0,10.600691919430083
2017-11-24,0,10.350204686566148
2017-11-27,0,10.21328858018762
2017-11-28,0,9.990868110777733
2017-11-29,0,9.90458366038367
2017-11-30,0,9.722367875592944
2017-12-01,0,11.229524890838315
2017-12-04,0,11.784489922109637
2017-12-05,0,11.452632802209958
2017-12-06,0,11.173473009590214
2017-12-07,0,11.432997428352436
2017-12-08,0,12.246671871782908
2017-12-11,0,12.384349804425627
2017-12-12,0,12.143419049412339
2017-12-13,0,12.384570702756731
2017-12-14,0,12.177032173480642
2017-12-15,0,12.041935989792252
2017-12-18,0,12.036896208633376
2017-12-19,0,11.820004443437377
2017-12-20,0,11.791686107641393
2017-12-21,0,11.523883172575317
2017-12-22,0,11.214271822931552
2017-12-26,0,11.084559195509328
2017-12-27,0,10.85685478250591
2017-12-28,0,10.787720107338364
2017-12-29,0,10.546092350289301
2018-01-02,0,10.472453473628677
2018-01-03,0,11.026450982799181
2018-01-04,0,10.745453243802446
2018-01-05,0,10.716555620172455
2018-01-08,0,10.593129779855447
2018-01-09,0,10.574459286564524
2018-01-10,0,10.326260215572587
2018-01-11,0,10.107409568254505
2018-01-12,0,9.905971390812962
2018-01-15,0,9.744413886924661
2018-01-16,0,9.772414448922959
2018-01-17,0,9.810393902107005
2018-01-18,0,10.189854695340982
2018-01-19,0,9.987895858342693
2018-01-22,0,10.149889249085607
2018-01-23,0,10.208867312009634
2018-01-24,0,10.809570752629728
2018-01-25,0,10.553848523796852
2018-01-29,0,10.343871300613296
2018-01-30,0,10.337534065188608
2018-01-31,0,10.729428735460605
2018-02-01,0,10.512532635029304
2018-02-02,1,10.290145566922874
2018-02-05,0,14.520127513022112
2018-02-06,1,14.428381403074194
2018-02-07,0,15.586428031257569
2018-02-08,0,15.040877344316758
2018-02-09,0,14.975658130762833
2018-02-12,0,15.510821021368118
2018-02-14,0,15.350946787952081
2018-02-15,0,14.942663579397687
2018-02-16,0,14.495182901672912
2018-02-19,0,14.611183732017647
2018-02-20,0,14.438468431220953
2018-02-21,0,13.961691978047643
2018-02-22,0,13.541030529312735
2018-02-23,0,13.136538814328297
2018-02-26,0,13.391659214145138
2018-02-27,0,13.332011911485733
2018-02-28,0,13.00618714760678
2018-03-01,0,12.870721893637748
2018-03-05,0,12.558680924818754
2018-03-06,0,12.934466711180235
2018-03-07,0,13.366194853454065
2018-03-08,0,13.55650841185118
2018-03-09,0,13.592605815459141
2018-03-12,1,13.206594526020092
2018-03-13,0,14.988038549680997
2018-03-14,0,14.462287897444986
2018-03-15,0,13.987865819202293
2018-03-16,1,13.700796656890937
2018-03-19,0,15.021508984630612
2018-03-20,0,15.07025093584446
2018-03-21,0,14.575181449235574
2018-03-22,0,14.085683283959002
2018-03-23,0,13.774314903315439
2018-03-26,0,14.280142366239314
2018-03-27,0,14.916012736513016
2018-03-28,0,14.463972837586352
2018-04-02,0,14.38246202881968
2018-04-03,0,14.484737556601434
2018-04-04,0,14.002357507870249
2018-04-05,1,14.53999739494883
2018-04-06,0,16.33387981067247
2018-04-09,0,15.72847072460602
2018-04-10,0,15.238186641189746
2018-04-11,0,14.699017118755524
2018-04-12,0,14.181913613070218
2018-04-13,0,13.76497606955882
2018-04-16,0,13.312374947389193
2018-04-17,0,12.979361336963587
2018-04-18,0,12.574393889769315
2018-04-19,0,12.253144491653812
2018-04-20,0,11.968168016443173
2018-04-23,0,11.631659221322973
2018-04-24,0,11.321432748365112
2018-04-25,0,11.053338656388089
2018-04-26,0,10.985553565499828
2018-04-27,0,10.84918875895048
2018-04-30,0,10.890087636391813
2018-05-02,0,10.707718827208902
2018-05-03,0,10.522581034358046
2018-05-04,0,10.424818898285553
2018-05-07,0,10.53233079067525
2018-05-08,0,10.950860622428952
2018-05-09,0,10.687526913062792
2018-05-10,0,10.450454919371671
2018-05-11,0,10.297085607799506
2018-05-14,0,10.616090585834357
2018-05-15,0,10.378185778020566
2018-05-16,0,10.155133746167213
2018-05-17,0,10.292314703177109
2018-05-18,0,10.370171318289996
2018-05-21,0,10.781025080544811
2018-05-22,0,11.048323881405407
2018-05-23,0,10.786138749886819
2018-05-24,0,11.566907742180872
2018-05-25,0,11.743943157470074
2018-05-28,0,11.844113573176848
2018-05-29,0,11.841988614042254
2018-05-30,0,11.815701521183804
2018-05-31,0,11.512237649221493
2018-06-01,0,12.136067343251604
2018-06-04,0,11.996129135141295
2018-06-05,0,12.006454546652575
2018-06-06,0,11.756456733271058
2018-06-07,0,11.93337307598592
2018-06-08,0,11.914799349737539
2018-06-11,0,11.585537893146853
2018-06-12,0,11.278598768837838
2018-06-13,0,11.14464078521501
2018-06-14,0,10.8558014654862
2018-06-15,0,10.823775294133203
2018-06-18,0,10.559688551713217
2018-06-19,0,10.365786098216873
2018-06-20,0,10.844393544785815
2018-06-21,0,10.84367586945791
2018-06-22,0,10.719192707062279
2018-06-25,0,10.873980602226842
2018-06-26,0,10.985250268417383
2018-06-27,0,10.707849774043204
2018-06-28,0,11.274366219138079
2018-06-29,0,11.495361922526337
2018-07-02,0,12.22533609343043
2018-07-03,0,12.239703952133397
2018-07-04,0,11.977604186330918
2018-07-05,0,11.882917681039993
2018-07-06,0,11.617635613102806
2018-07-09,0,11.317604066960211
2018-07-10,0,11.380558523128482
2018-07-11,0,11.529894305676986
2018-07-12,0,11.223947721002618
2018-07-13,0,11.256583367288234
2018-07-16,0,10.977101951681894
2018-07-17,0,11.255544828802059
2018-07-18,0,11.293813166195287
2018-07-19,0,11.11022796425052
2018-07-20,0,10.886848722106409
2018-07-23,0,10.777282881290995
2018-07-24,0,10.793275206555315
2018-07-25,0,10.625022989586279
2018-07-26,0,10.383400355962722
2018-07-27,0,10.209265728556074
2018-07-30,0,10.716936838112122
2018-07-31,0,10.50488412251917
2018-08-01,0,10.314046779690303
2018-08-02,0,10.110251930443308
2018-08-03,0,10.720234092056076
2018-08-06,0,11.341738809403667
2018-08-07,0,11.044619023761905
2018-08-08,0,10.766478939343774
2018-08-09,0,10.698768464076283
2018-08-10,0,10.446315672435091
2018-08-13,0,10.380452937250936
2018-08-14,0,10.569164484190573
2018-08-16,0,10.712081392534996
2018-08-17,0,10.733816638555478
2018-08-20,0,10.903833343133767
2018-08-21,0,10.929061293737433
2018-08-23,0,10.656947672439617
2018-08-24,0,10.40328992724386
2018-08-27,0,10.243366425764135
2018-08-28,0,11.09292477566187
2018-08-29,0,10.860403246269165
2018-08-30,0,10.798537917814391
2018-08-31,0,10.555396666399316
2018-09-03,0,10.308782242118815
2018-09-04,0,10.8366012633761
2018-09-05,0,10.836363143173775
2018-09-06,0,10.722747631459733
2018-09-07,0,10.648100560695033
2018-09-10,0,10.494026520666843
2018-09-11,0,11.922757147233275
2018-09-12,0,12.865503679247944
2018-09-14,0,12.858819282626893
2018-09-17,0,13.36077914806016
2018-09-18,0,14.201711382911519
2018-09-19,0,14.189106407190181
2018-09-21,0,13.811063380241453
2018-09-24,1,13.878840913436813
2018-09-25,0,15.121325922384335
2018-09-26,0,15.114691715643367
2018-09-27,0,14.619083628716782
2018-09-28,0,14.487996983136219
2018-10-01,0,14.11276560107733
2018-10-03,1,13.92132962630724
2018-10-04,1,14.926712239452279
2018-10-05,1,17.711532462589048
2018-10-08,1,20.419357040116687
2018-10-09,1,19.6376587080736
2018-10-10,1,19.009496398647276
2018-10-11,1,19.29088236340689
2018-10-12,1,21.0945088948303
2018-10-15,1,22.650610373304094
2018-10-16,1,21.69317369355888
2018-10-17,1,20.925405297172322
2018-10-19,1,20.860023017085528
2018-10-22,0,20.90350677847853
2018-10-23,0,20.167381232391204
2018-10-24,0,19.834284596278255
2018-10-25,0,19.279437107563478
2018-10-26,0,19.111754387750743
2018-10-29,1,18.79268431225528
2018-10-30,1,20.312024779680797
2018-10-31,1,19.7345314381015
2018-11-01,1,20.444616173429
2018-11-02,1,19.619956848448172
2018-11-05,0,20.022432452153758
2018-11-06,0,19.286548775652005
2018-11-07,0,18.50154761892131
2018-11-09,0,17.94157107316932
2018-11-12,0,17.263440956772694
2018-11-13,0,17.181712710117946
2018-11-14,0,17.01643569350755
2018-11-15,0,16.382950577045083
2018-11-16,0,15.818968276845574
2018-11-19,0,15.402280317699777
2018-11-20,0,15.100166799453715
2018-11-21,0,15.324759589496159
2018-11-22,0,14.936893611079181
2018-11-26,0,14.742013540387367
2018-11-27,0,14.760804632965803
2018-11-28,0,14.335076003094626
2018-11-29,0,13.896431510566053
2018-11-30,0,14.268678401402424
2018-12-03,0,13.775905521841608
2018-12-04,0,13.313290742560564
2018-12-05,0,12.905946018673255
2018-12-06,1,13.036772483732248
2018-12-07,0,14.634526519281964
2018-12-10,1,14.641572447467441
2018-12-11,0,16.752091496514844
2018-12-12,1,16.328564059107745
2018-12-13,0,17.255731158827114
2018-12-14,0,16.633466801129046
2018-12-17,0,16.00019325740343
2018-12-18,0,15.703908940418032
2018-12-19,0,15.127193110672849
2018-12-20,0,14.715436407993966
2018-12-21,1,14.23183807345331
2018-12-24,0,15.944278518999937
2018-12-26,0,15.725050636752183
2018-12-27,0,15.353415178930067
2018-12-28,0,14.859223126549903
2018-12-31,0,14.586519387818777
2019-01-02,0,14.078478798730663
2019-01-03,0,13.935317015981928
2019-01-04,0,14.331077631697807
2019-01-07,0,14.008191308455872
2019-01-08,0,13.588858961060513
2019-01-09,0,13.158944075362655
2019-01-10,0,12.85665564625431
2019-01-11,0,12.574603925841009
2019-01-14,0,12.252908016501129
2019-01-15,0,12.152183074069338
2019-01-16,0,13.12489480211173
2019-01-17,0,12.717233114796558
2019-01-18,0,12.325489234013805
2019-01-21,0,11.957727209647322
2019-01-22,0,11.759958574700969
2019-01-23,0,11.598925750630723
2019-01-24,0,11.902592691919152
2019-01-25,0,11.580611596161793
2019-01-28,0,11.69732618220143
2019-01-29,0,12.401071525191014
2019-01-30,0,12.032893003095646
2019-01-31,1,11.688899526534305
2019-02-01,0,13.247493364399793
2019-02-04,0,12.930801922826175
2019-02-05,0,12.525950541595007
2019-02-06,0,12.159382721256073
2019-02-07,0,12.697976640892007
2019-02-08,0,12.309074487883999
2019-02-11,0,13.02332284020594
2019-02-12,0,12.779570870749113
2019-02-14,0,12.626712780592362
2019-02-15,0,12.769935198082836
2019-02-18,0,12.411883399926378
2019-02-19,0,12.585142829926461
2019-02-20,0,12.306320479455573
2019-02-21,0,12.958874804783207
2019-02-22,0,12.633547904006672
2019-02-25,0,12.249021999657598
2019-02-26,0,12.3306878675151
2019-02-27,0,12.177810799264883
2019-02-28,0,11.889907489435853
2019-03-01,0,11.575087577523556
2019-03-05,0,11.534574794559772
2019-03-06,0,12.04067126298453
2019-03-07,0,11.851501577438157
2019-03-08,0,11.515380358815932
2019-03-11,0,11.257161112205862
2019-03-12,0,12.017496616481402
2019-03-13,0,12.489895107431765
2019-03-14,0,12.14513632219041
2019-03-15,0,11.790155678118238
2019-03-18,0,11.824420213081545
2019-03-19,0,11.518665510750749
2019-03-20,0,11.429127275173501
2019-03-22,0,11.152871394917987
2019-03-25,0,11.181263953194437
2019-03-26,0,11.600634715578837
2019-03-27,0,12.25262659063732
2019-03-28,0,12.076415223969589
2019-04-01,0,12.540147660052122
2019-04-02,0,12.5482121141745
2019-04-03,0,12.213105094237461
2019-04-04,0,12.19610023591595
2019-04-05,0,11.969225607593268
2019-04-08,0,11.852252967320355
2019-04-09,0,11.848838743766207
2019-04-10,0,11.745427683204145
2019-04-11,0,12.001371635958598
2019-04-12,0,11.658850028839122
2019-04-15,0,11.420010772607553
2019-04-16,0,11.184053656055276
2019-04-18,0,11.338120749177033
2019-04-22,0,11.175247427612828
2019-04-23,0,12.437602984970626
2019-04-24,0,12.074733177354483
2019-04-25,0,12.833498878529078
2019-04-26,0,13.016930992981145
2019-04-30,0,13.24800111039152
2019-05-02,0,12.84205793012273
2019-05-03,0,12.492673853080586
2019-05-06,0,12.130285526189734
2019-05-07,0,12.605476060803653
2019-05-08,0,12.79267361465863
2019-05-09,0,13.487779214541654
2019-05-10,0,13.235033664061417
2019-05-13,0,12.856366530197247
2019-05-14,0,13.555864113325878
2019-05-15,0,13.40847248767287
2019-05-16,0,13.323184636139741
2019-05-17,0,13.39879504341418
2019-05-20,1,13.94877722812879
2019-05-21,0,20.11336585864297
2019-05-22,0,20.07781905221375
2019-05-23,0,19.28837842175931
2019-05-24,1,18.776635602320685
2019-05-27,0,19.223359409584585
2019-05-28,0,18.567207859892314
2019-05-29,0,17.825496197105778
2019-05-30,0,17.327562784277546
2019-05-31,0,16.91352358732773
2019-06-03,0,16.319736857576704
2019-06-04,0,16.701062972136093
2019-06-06,1,16.350820309690597
2019-06-07,0,17.037099071724203
2019-06-10,0,16.419066783671852
2019-06-11,0,15.861490756996426
2019-06-12,0,15.307641022282926
2019-06-13,0,14.9661490528786
2019-06-14,0,14.431169131444896
2019-06-17,0,14.39063097679944
2019-06-18,0,14.999526698461423
2019-06-19,0,14.480784028539277
2019-06-20,0,13.981631031199676
2019-06-21,0,14.32171372055799
2019-06-24,0,14.561998272570763
2019-06-25,0,14.080222194335093
2019-06-26,0,14.000763079716888
2019-06-27,0,13.582957475670552
2019-06-28,0,13.147647067316376
2019-07-01,0,12.906193506537031
2019-07-02,0,12.773095579323856
2019-07-03,0,12.423912052441281
2019-07-04,0,12.049353935184241
2019-07-05,0,11.726017325945984
2019-07-08,1,12.558271445681969
2019-07-09,0,15.311591660972644
2019-07-10,0,14.756041010852387
2019-07-11,0,14.463463017856744
2019-07-12,0,14.245302008985382
2019-07-15,0,13.853961373003305
2019-07-16,0,13.431351960038397
2019-07-17,0,13.207504762116255
2019-07-18,0,12.7878808722322
2019-07-19,1,12.923872875520175
2019-07-22,0,14.19494109561361
2019-07-23,0,13.961161286801689
2019-07-24,0,13.510788108358138
2019-07-25,0,13.332212324947374
2019-07-26,0,12.931289144057718
2019-07-29,0,12.557604428559626
2019-07-30,0,12.83541079148411
2019-07-31,0,13.08670056769105
2019-08-01,0,12.724717456837798
2019-08-02,0,13.647208606412056
2019-08-05,0,13.210212547585646
2019-08-06,0,13.993486700505773
2019-08-07,0,13.927944042323901
2019-08-08,1,14.10505193014275
2019-08-09,0,15.249210510683904
2019-08-13,1,14.867980893339492
2019-08-14,0,16.26623851172974
2019-08-16,0,16.24255163985577
2019-08-19,0,15.6313522087394
2019-08-20,0,15.056777248933903
2019-08-21,0,14.615693623753193
2019-08-22,1,14.675492279391927
2019-08-23,0,15.847087938944066
2019-08-26,1,15.681190258692213
2019-08-27,0,17.256353078727496
2019-08-28,0,16.609638092200896
2019-08-29,0,16.189373627199412
2019-08-30,0,16.051958147453092
2019-09-03,1,15.718277437504447
2019-09-04,0,17.849962961424925
2019-09-05,0,17.274588720139693
2019-09-06,0,16.606490997408187
2019-09-09,0,16.346004448270122
2019-09-11,0,15.81907281797066
2019-09-12,0,15.256255760348923
2019-09-13,0,14.896853479245905
2019-09-16,0,14.785546098186469
2019-09-17,1,14.654132328436479
2019-09-18,0,15.985497580123951
2019-09-19,0,15.428873167871872
2019-09-20,1,15.99243123257999
2019-09-23,1,27.083498464780195
2019-09-24,1,27.92203625637005
2019-09-25,1,26.715446648282732
2019-09-26,1,26.10410534632794
2019-09-27,1,25.470558058943297
2019-09-30,1,24.521750949809373
2019-10-01,1,23.509549519645475
2019-10-03,1,22.93970008896195
2019-10-04,1,22.030271469441292
2019-10-07,1,21.82153620962565
2019-10-09,1,20.98365652242701
2019-10-10,0,21.2633665967816
2019-10-11,0,20.73407709592602
2019-10-14,0,20.040677565312134
2019-10-15,0,19.237508707643396
2019-10-16,0,18.678721139329046
2019-10-17,0,17.948342980463227
2019-10-18,0,17.747292510990402
2019-10-22,0,17.195563518898407
2019-10-23,0,16.828214152946533
2019-10-24,0,16.19123415062929
2019-10-25,0,15.623730633303223
2019-10-29,1,15.050466162383598
2019-10-30,0,16.184152620647396
2019-10-31,0,15.62832465754234
2019-11-01,0,15.075574717419187
2019-11-04,0,14.534581641503909
2019-11-05,0,14.108062810046471
2019-11-06,0,13.684792388403128
2019-11-07,0,13.316079946161826
2019-11-08,0,12.942383588306011
2019-11-11,0,13.203907647376706
2019-11-13,0,12.77845272016539
2019-11-14,0,12.73280215325965
2019-11-15,0,12.374480132536311
2019-11-18,0,12.009921677615148
2019-11-19,0,11.6878988383829
2019-11-20,0,11.494847479766484
2019-11-21,0,11.308230849654317
2019-11-22,0,11.114814828177812
2019-11-25,0,11.037570364267344
2019-11-26,0,12.10704524280086
2019-11-27,0,11.921278977084453
2019-11-28,0,11.757889971687876
2019-11-29,0,11.511566440880083
2019-12-02,0,11.827105171043842
2019-12-03,0,11.495543236191528
2019-12-04,0,11.402361861776196
2019-12-05,0,11.19979498289408
2019-12-06,0,10.987641844993126
2019-12-09,0,11.34663894444332
2019-12-10,0,11.055090791741199
2019-12-11,0,11.268858676525058
2019-12-12,0,11.113587648519458
2019-12-13,0,10.970401125158569
2019-12-16,0,11.295236914326328
2019-12-17,0,11.12676388180609
2019-12-18,0,11.47845855480124
2019-12-19,0,11.26319449428939
2019-12-20,0,11.00380618304823
2019-12-23,0,10.724798120008469
2019-12-24,0,10.483472887965338
2019-12-26,0,10.428062823750329
2019-12-27,0,10.714226240367017
2019-12-30,0,11.227197341304993
2019-12-31,0,10.935683661395542
2020-01-01,0,11.196451157456615
2020-01-02,0,10.912608383647889
2020-01-03,0,11.095541618371042
2020-01-06,1,11.101064924196887
2020-01-07,0,13.72863616036963
2020-01-08,0,13.485624381898413
2020-01-09,1,13.130702258314741
2020-01-10,0,14.246737800946619
2020-01-13,0,13.773030297667065
2020-01-14,0,13.489220130027116
2020-01-15,0,13.066992631807498
2020-01-16,0,12.689353134234667
2020-01-17,0,12.29766289444983
2020-01-20,0,11.938075575158726
2020-01-21,0,12.543881990327076
2020-01-22,0,12.314534078491906
2020-01-23,0,12.195523599034026
2020-01-24,0,12.069365343653798
2020-01-27,0,11.86548081932884
2020-01-28,0,12.58156081603603
2020-01-29,0,12.394051436584153
2020-01-30,0,12.268339481698401
2020-01-31,0,12.524707759286821
2020-02-03,1,12.448464003232116
2020-02-04,1,15.288784817511068
2020-02-05,0,17.87094846558397
2020-02-06,0,17.401174892060947
2020-02-07,0,16.760692705878974
2020-02-10,0,16.205402377434705
2020-02-11,0,15.801468902366965
2020-02-12,0,15.433490302703776
2020-02-13,0,15.127527278677213
2020-02-14,0,14.656152264092768
2020-02-17,0,14.33440132295158
2020-02-18,0,14.069408951931026
2020-02-19,0,13.748610322235631
2020-02-20,0,14.039504251041501
2020-02-24,1,13.749224349648228
2020-02-25,0,16.191088384722335
2020-02-26,0,15.603943907893447
2020-02-27,0,15.750861753306323
2020-02-28,1,15.276796073114962
2020-03-02,1,22.13857256754936
2020-03-03,1,21.28957749697799
2020-03-04,1,21.33319519267841
2020-03-05,1,20.649520517339067
2020-03-06,1,19.796325617177512
2020-03-09,1,21.99406066880206
2020-03-11,1,29.91445425400029
2020-03-12,1,28.596123237592305
2020-03-13,1,46.77836116331816
2020-03-16,1,48.06060063603755
2020-03-17,1,58.112324799474074
2020-03-18,1,56.144406675091524
2020-03-19,1,58.74743514959889
2020-03-20,1,56.815283023571396
2020-03-23,2,59.39689266528264
2020-03-24,1,84.08035740215941
2020-03-25,1,81.33454769984856
2020-03-26,1,81.84023293387497
2020-03-27,1,79.11723374771971
2020-03-30,1,75.34007232766429
2020-03-31,1,74.26318754119058
2020-04-01,1,72.81447798620299
2020-04-03,1,71.92547493247915
2020-04-07,1,68.99211151782681
2020-04-08,1,75.17551951914422
2020-04-09,1,71.77177040947477
2020-04-13,1,70.56407196678661
2020-04-15,1,67.52933607443428
2020-04-16,1,64.39234729136666
2020-04-17,1,61.42298162526615
2020-04-20,1,59.78871034298592
2020-04-21,1,56.97143951049236
2020-04-22,1,55.90246641762406
2020-04-23,1,54.27958957530281
2020-04-24,1,51.94110815527189
2020-04-27,1,50.170531203302666
2020-04-28,1,48.22509772888973
2020-04-29,1,46.12139303594922
2020-04-30,1,44.54410584823773
2020-05-04,1,44.375377997752935
2020-05-05,1,49.94680513252706
2020-05-06,1,47.662966574238716
2020-05-07,1,45.52156776936238
2020-05-08,1,43.5937798526788
2020-05-11,1,41.62241501981294
2020-05-12,1,39.69716108214782
2020-05-13,1,37.92361253545219
2020-05-14,1,37.15909537223122
2020-05-15,1,37.45124728291554
2020-05-18,1,35.72154549629347
2020-05-19,1,37.362101467429724
2020-05-20,1,35.7838811701148
2020-05-21,1,35.15229022465036
2020-05-22,1,33.54764389559806
2020-05-26,1,32.205564134277346
2020-05-27,1,30.74366654875894
2020-05-28,1,32.16296614592078
2020-05-29,1,31.442395010521018
2020-06-01,1,30.201686250214344
2020-06-02,1,30.716347205962723
2020-06-03,1,29.888424346034313
2020-06-04,1,28.6925789541947
2020-06-05,1,27.462263344273275
2020-06-08,1,26.66206636649337
2020-06-09,1,25.48637337814204
2020-06-10,1,24.98200369746103
2020-06-11,1,24.085665457574446
2020-06-12,1,25.01810013124646
2020-06-15,1,24.15372331109797
2020-06-16,1,24.285588616533733
2020-06-17,1,23.648798163347642
2020-06-18,1,22.719040806484415
2020-06-19,1,23.46397875838683
2020-06-22,1,23.14285970889214
2020-06-23,1,22.249544009618546
2020-06-24,1,22.214615187286974
2020-06-25,1,22.555766287094226
2020-06-26,1,21.597170619478014
2020-06-29,1,21.01100301355856
2020-06-30,1,20.44997911031554
2020-07-01,1,19.607674135951612
2020-07-02,1,19.473882057181925
2020-07-03,1,19.1662524691579
2020-07-06,1,18.46329560239616
2020-07-07,0,18.696718819446357
2020-07-08,0,17.962312513841997
2020-07-09,0,17.728605304550296
2020-07-10,0,17.575244505471506
2020-07-13,0,17.058461038871776
2020-07-14,1,16.441747186819953
2020-07-15,0,17.827018541814795
2020-07-16,0,17.135595666042843
2020-07-17,1,17.082498044612688
2020-07-20,0,17.38706091217641
2020-07-21,0,17.193013296009802
2020-07-22,0,17.24717890817032
2020-07-23,0,16.663157873608085
2020-07-24,0,16.317088809929484
2020-07-27,0,15.752915419820733
2020-07-28,1,15.39993478871327
2020-07-29,0,16.144499266859835
2020-07-30,0,16.1779620472805
2020-07-31,0,16.059036895808593
2020-08-03,1,15.498570439058067
2020-08-04,1,16.685766427381605
2020-08-05,0,17.966194449860613
2020-08-06,0,17.267623922678126
2020-08-07,0,16.951960485853355
2020-08-10,0,16.299207054138545
2020-08-11,0,15.791659834259695
2020-08-12,0,15.290351095457577
2020-08-13,0,14.765834420568957
2020-08-14,0,14.252212003199265
2020-08-17,0,14.622099565258528
2020-08-18,0,14.349449309841823
2020-08-19,0,14.639299581291237
2020-08-20,0,14.124512761846361
2020-08-21,0,14.197217896245554
2020-08-24,0,13.893182965784538
2020-08-25,0,13.777035715549076
2020-08-26,0,13.319036461336323
2020-08-27,0,13.150556380654109
2020-08-28,0,12.727811441962402
2020-08-31,1,12.68525093023794
2020-09-01,0,15.980725327711578
2020-09-02,0,15.77213437194918
2020-09-03,0,15.303299881942648
2020-09-04,1,14.771639131028317
2020-09-07,0,16.113971027519938
2020-09-08,0,15.54204947282187
2020-09-09,0,15.086587244005171
2020-09-10,1,14.654861988962653
2020-09-11,0,15.469259162126892
2020-09-14,0,14.904536996807385
2020-09-15,0,14.425115507940195
2020-09-16,0,14.222029259110954
2020-09-17,0,13.970536012594541
2020-09-18,0,14.018775116692566
2020-09-21,1,13.548411016949677
2020-09-22,0,16.421258478560908
2020-09-23,0,16.171889892878767
2020-09-24,1,15.596006312041505
2020-09-25,1,20.012742076528383
2020-09-28,1,21.691940170694902
2020-09-29,1,21.569843472604024
2020-09-30,1,20.68565328814725
2020-10-01,1,19.841462829342742
2020-10-05,1,19.995497722436266
2020-10-06,1,19.336379314617098
2020-10-07,0,19.334790801257835
2020-10-08,0,18.68018147598079
2020-10-09,0,18.19413076605533
2020-10-12,0,17.64083716085098
2020-10-13,0,16.949217448579383
2020-10-14,0,16.297147455693732
2020-10-15,1,15.716762250073053
2020-10-16,0,18.696968515744064
2020-10-19,0,18.266099916540178
2020-10-20,0,17.87518429784765
2020-10-21,0,17.17027926800124
2020-10-22,0,16.54700487771958
2020-10-23,0,16.023201553125432
2020-10-26,0,15.459169193266014
2020-10-27,0,16.169175241959
2020-10-28,0,16.19860655492699
2020-10-29,0,16.87511127217867
2020-10-30,0,16.366192928129173
2020-11-02,0,15.793624565047434
2020-11-03,0,15.222503275556523
2020-11-04,0,15.463271733765025
2020-11-05,1,15.156508681546393
2020-11-06,1,16.24948137210465
2020-11-09,1,16.231429013090917
2020-11-10,1,16.86074922328875
2020-11-11,0,17.031806172445243
2020-11-12,0,16.730989302845956
2020-11-13,0,16.27063945856035
2020-11-17,0,15.683997680872373
2020-11-18,0,15.865570572553517
2020-11-19,0,15.346809383339243
2020-11-20,0,15.949711255468225
2020-11-23,0,15.65993834150371
2020-11-24,0,15.181744659050498
2020-11-25,1,15.10922423039612
2020-11-26,0,16.191723424320514
2020-11-27,0,16.21073455002317
2020-12-01,0,15.646075631112225
2020-12-02,0,15.673628837344868
2020-12-03,0,15.101012045092864
2020-12-04,0,14.561854752820038
2020-12-07,0,14.549173398405824
2020-12-08,0,14.273523785008187
2020-12-09,0,13.799038110066922
2020-12-10,0,13.93530090328689
2020-12-11,0,13.635682739095385
2020-12-14,0,13.21833861806259
2020-12-15,0,12.835450935152403
2020-12-16,0,12.433086593049488
2020-12-17,0,12.507114952887747
2020-12-18,0,12.194708590856909
2020-12-21,1,11.836066254901102
2020-12-22,0,18.14332511578972
2020-12-23,0,18.139339958724822
2020-12-24,0,17.784014432727542
2020-12-28,0,17.53136119867627
2020-12-29,0,17.173580032434135
2020-12-30,0,16.564673478076855
2020-12-31,0,15.978109216859119
2021-01-01,0,15.385980660242396
2021-01-04,0,14.849744685854914
2021-01-05,0,14.660489195400231
2021-01-06,0,14.222146880147271
2021-01-07,0,13.879207260545758
2021-01-08,0,13.416524356336318
2021-01-11,0,14.325525342287127
2021-01-12,0,14.231464201134692
2021-01-13,0,13.858498641260459
2021-01-14,0,13.394222029613289
2021-01-15,0,12.972807150553585
2021-01-18,0,13.57350345552252
2021-01-19,1,13.89335970577971
2021-01-20,0,15.201973045908856
2021-01-21,0,14.912044615616036
2021-01-22,1,14.539290598887284
2021-01-25,0,15.496767741232395
2021-01-27,1,15.419309320116904
2021-01-28,1,17.072111091924125
2021-01-29,1,17.026766484671057
2021-02-01,1,17.38883284776106
2021-02-02,1,25.97007095818218
2021-02-03,1,26.4758472025675
2021-02-04,1,25.510048295731757
2021-02-05,1,24.553548637130515
2021-02-08,1,23.48893238243149
2021-02-09,1,23.071040606829037
2021-02-10,1,22.094805259582767
2021-02-11,1,21.158590639079637
2021-02-12,0,20.33878875115986
2021-02-15,0,19.508871441716913
2021-02-16,0,19.134746540512317
2021-02-17,0,18.36795656977708
2021-02-18,0,17.927100578502017
2021-02-19,0,17.41622874716964
2021-02-22,1,17.230074055365183
2021-02-23,1,18.849656143457526
2021-02-24,1,18.125249640132925
2021-02-25,1,18.937677323581106
2021-02-26,1,18.325757115681927
2021-03-01,1,24.44674370199306
2021-03-02,1,24.628147367797087
2021-03-03,1,23.84708143042543
2021-03-04,1,24.36850694316865
2021-03-05,1,23.943505462444406
2021-03-08,1,23.246465146991085
2021-03-09,1,22.253128532453534
2021-03-10,1,21.61451364031277
2021-03-12,0,20.759744137987827
2021-03-15,0,20.399295254070754
2021-03-16,0,19.765075519226855
2021-03-17,0,18.965443254250726
2021-03-18,0,19.115106902129302
2021-03-19,0,18.95767179225031
2021-03-22,0,18.982693814701985
2021-03-23,0,18.241845572859095
2021-03-24,1,17.62594535346549
2021-03-25,1,18.804802525844647
2021-03-26,1,19.17600185336169
2021-03-30,1,19.213998001560093
2021-03-31,1,20.5547864093957
2021-04-01,1,20.45347344834481
2021-04-05,1,20.30335062062007
2021-04-06,0,20.771755003893603
2021-04-07,0,19.95794785574172
2021-04-08,0,19.46609409685195
2021-04-09,0,18.694942297660393
2021-04-12,1,18.004911585365022
2021-04-13,1,23.331791060649234
2021-04-15,1,23.25738040389359
2021-04-16,1,22.303025165185854
2021-04-19,1,21.358240744831242
2021-04-20,1,21.956923773421575
2021-04-22,1,21.091585803949826
2021-04-23,1,20.437454368851093
2021-04-26,1,19.75797565947941
2021-04-27,1,19.387979157291802
2021-04-28,1,19.111678669601986
2021-04-29,1,19.157511703788305
2021-04-30,1,18.381419834500875
2021-05-03,0,19.355354088625774
2021-05-04,0,18.570057600073614
2021-05-05,0,18.36916480313638
2021-05-06,0,17.96959978095041
2021-05-07,0,17.447793841984886
2021-05-10,0,16.927485634832777
2021-05-11,0,16.554530305657412
2021-05-12,0,16.227465537190497
2021-05-14,0,16.271497101711574
2021-05-17,1,15.66750913938901
2021-05-18,0,16.549638191959446
2021-05-19,0,16.535072928288642
2021-05-20,0,16.156638856689565
2021-05-21,1,15.961613719480106
2021-05-24,0,17.180506896156746
2021-05-25,0,16.516065121854254
2021-05-26,0,15.888430865862528
2021-05-27,0,15.484643269255411
2021-05-28,0,14.927995855228106
2021-05-31,0,14.591037776907458
2021-06-01,0,14.541029808091794
2021-06-02,0,14.051725137668223
2021-06-03,0,13.57324775201001
2021-06-04,0,13.436324789597988
2021-06-07,0,13.039030888751464
2021-06-08,0,12.778087012857341
2021-06-09,0,12.400853138453254
2021-06-10,0,12.433144355573479
2021-06-11,0,12.358642731917756
2021-06-14,0,12.043151633485884
2021-06-15,0,11.692809587235416
2021-06-16,0,11.437384535363162
2021-06-17,0,11.566899339788632
2021-06-18,0,11.46098261909358
2021-06-21,0,11.156824916742615
2021-06-22,0,10.95436547568117
2021-06-23,0,10.681751488472042
2021-06-24,0,10.767896581351401
2021-06-25,0,10.847662617431029
2021-06-28,0,10.671228138891236
2021-06-29,0,10.55045493312129
2021-06-30,0,10.492930281468375
2021-07-01,0,10.290826035867124
2021-07-02,0,10.16388827957929
2021-07-05,0,9.985158426984748
2021-07-06,0,10.134390091221743
2021-07-07,0,9.963488637604001
2021-07-08,0,9.863491109927201
2021-07-09,0,10.671490242707298
2021-07-12,0,10.47117337599323
2021-07-13,0,10.231390444512824
2021-07-14,0,10.418946730011168
2021-07-15,0,10.198830229148303
2021-07-16,0,10.096918115348691
2021-07-19,0,9.891418499192826
2021-07-20,0,10.874359212488676
2021-07-22,0,11.1010367085174
2021-07-23,0,11.967508567261483
2021-07-26,0,11.622605666898956
2021-07-27,0,11.36650428321217
2021-07-28,0,11.300015021960524
2021-07-29,0,11.063154929724334
2021-07-30,0,10.90021390526809
2021-08-02,0,10.665237139846361
2021-08-03,1,10.845787275464911
2021-08-04,0,12.211693199079646
2021-08-05,0,12.150423684393614
2021-08-06,0,11.803641627263291
2021-08-09,0,11.602276954899745
2021-08-10,0,11.287433771918149
2021-08-11,0,10.990671701021485
2021-08-12,0,10.716525492755705
2021-08-13,0,10.622647065615636
2021-08-16,0,11.068951544571219
2021-08-17,0,10.789425483552636
2021-08-18,0,10.575844731097465
2021-08-20,0,10.438619336706397
2021-08-23,0,10.71956877339322
2021-08-24,0,10.51807928960329
2021-08-25,0,10.676102736782308
2021-08-26,0,10.424202747884005
2021-08-27,0,10.188811707824787
2021-08-30,0,10.079779842172012
2021-08-31,0,11.23068835578031
2021-09-01,0,11.792957958408428
2021-09-02,0,11.629107411143579
2021-09-03,0,11.94775294742064
2021-09-06,0,11.729409584197253
2021-09-07,0,11.435671245691958
2021-09-08,0,11.149342530045923
2021-09-09,0,10.869379127629728
2021-09-13,0,10.600021739060585
2021-09-14,0,10.37222291920106
2021-09-15,0,10.143355051669225
2021-09-16,0,10.397339416108634
2021-09-17,0,10.389134684641867
2021-09-20,0,10.269166736702958
2021-09-21,0,11.134722902720869
2021-09-22,0,11.590572145620868
2021-09-23,1,11.315058337302224
2021-09-24,0,12.747861026767103
2021-09-27,0,12.35076508156642
2021-09-28,0,11.9824759751329
2021-09-29,0,11.967545243976913
2021-09-30,0,11.668164147797915
2021-10-01,0,11.624207717982065
2021-10-04,0,11.535817234102275
2021-10-05,0,11.811189504362513
2021-10-06,0,11.760082878776679
2021-10-07,0,12.393450392414906
2021-10-08,0,12.534085393847814
2021-10-11,0,12.31402598930286
2021-10-12,0,11.966923299188002
2021-10-13,0,11.64737072986633
2021-10-14,0,11.914565908205224
2021-10-18,0,12.126486862353474
2021-10-19,0,12.077198070512488
2021-10-20,0,11.86115527808697
2021-10-21,0,12.106540734631029
2021-10-22,0,11.944560080014313
2021-10-25,0,11.727250397750316
2021-10-26,0,11.397850015957262
2021-10-27,0,11.494791976104136
2021-10-28,1,11.342288904925425
2021-10-29,0,14.017593053035505
2021-11-01,0,14.184225314135157
2021-11-02,0,15.009997952118656
2021-11-03,0,14.58816115518226
2021-11-04,0,14.176837427832098
2021-11-08,0,13.829880079686683
2021-11-09,0,13.732647762003342
2021-11-10,0,13.320564401789566
2021-11-11,0,12.91542721771538
2021-11-12,0,13.035597706810513
2021-11-15,0,13.722718039270008
2021-11-16,0,13.274620825109173
2021-11-17,0,13.177985011422974
2021-11-18,0,12.992036180005721
2021-11-22,1,13.031807761915445
2021-11-23,0,15.313691804850775
2021-11-24,0,14.940045250799738
2021-11-25,0,14.663887958628704
2021-11-26,1,14.407241821158948
2021-11-29,0,19.1752227146119
2021-11-30,0,18.43616307472444
2021-12-01,0,17.83625124862018
2021-12-02,0,17.660445932894522
2021-12-03,0,17.755263789491117
2021-12-06,1,18.009025061884707
2021-12-07,1,18.67891128845103
2021-12-08,1,19.20088496331361
2021-12-09,0,19.506307597527822
2021-12-10,0,18.71201929113098
2021-12-13,0,17.96293973822406
2021-12-14,0,17.651158063250005
2021-12-15,0,16.996485710541887
2021-12-16,0,16.58781943951825
2021-12-17,1,15.963193373385048
2021-12-20,1,16.892128909422482
2021-12-21,0,18.77527765845269
2021-12-22,0,18.526580820831064
2021-12-23,0,18.223806582394364
2021-12-24,0,17.643597661772404
2021-12-27,0,17.08728443832013
2021-12-28,0,16.544585737309376
2021-12-29,0,16.247245170445034
2021-12-30,0,15.670328234884206
2021-12-31,0,15.099484892411429
2022-01-03,1,14.968411439617888
2022-01-04,0,15.679591523140001
2022-01-05,0,15.535144289981393
2022-01-06,0,15.156572301187222
2022-01-07,0,15.34964049746886
2022-01-10,0,14.884860734549132
2022-01-11,0,14.947632563759637
2022-01-12,0,14.425552077609867
2022-01-13,0,14.32855229078134
2022-01-14,0,13.84420483667959
2022-01-17,0,13.38276538374435
2022-01-18,0,12.982164757315742
2022-01-19,0,13.524388824800155
2022-01-20,0,13.72709310737498
2022-01-21,0,13.989864574105379
2022-01-24,1,13.965439681557212
2022-01-25,0,17.906859988038242
2022-01-27,0,17.569586962224886
2022-01-28,0,17.56737922170458
2022-01-31,0,16.882991913786608
2022-02-01,0,17.19277934476806
2022-02-02,0,17.293231319154074
2022-02-03,0,17.168918920677815
2022-02-04,0,17.51555833943503
2022-02-07,1,16.85553401063596
2022-02-08,0,17.956631803989072
2022-02-09,0,17.305493769646866
2022-02-10,0,17.208558777423224
2022-02-11,1,16.772119900571624
2022-02-14,1,17.270249210622943
2022-02-15,1,21.233429106884323
2022-02-16,1,24.36024378654354
2022-02-17,1,23.39353457696189
2022-02-18,1,22.398365863208532
2022-02-21,1,21.459388454086373
2022-02-22,1,20.653768784281933
2022-02-23,1,20.031815191877822
2022-02-24,1,19.225390194924053
2022-02-25,1,28.24891251094629
2022-02-28,1,29.441763066478135
2022-03-02,1,28.21137325995856
2022-03-03,1,27.51954206452245
2022-03-04,1,26.426522169051008
2022-03-07,1,26.150183185857436
2022-03-08,1,27.003410788121624
2022-03-09,1,26.16646220889529
2022-03-10,1,26.288841023376243
2022-03-11,1,25.732054239817483
2022-03-14,1,24.60233101430779
2022-03-15,1,24.280321675971777
2022-03-16,1,23.981298692417525
2022-03-17,1,24.330291708945285
2022-03-21,1,24.31405398558663
2022-03-22,1,23.802670608800682
2022-03-23,1,23.333385522926836
2022-03-24,1,22.44746102649978
2022-03-25,1,21.50405595999453
2022-03-28,0,20.691445057739767
2022-03-29,0,19.886061669752014
2022-03-30,0,19.18652061086284
2022-03-31,0,18.793585134047316
2022-04-01,0,18.08804585820282
2022-04-04,1,18.03600105389411
2022-04-05,0,19.358080289766438
2022-04-06,0,18.839102574625127
2022-04-07,0,18.439255671690344
2022-04-08,0,18.161366569552506
2022-04-11,0,17.771462275418102
2022-04-12,0,17.383183754781363
2022-04-13,0,17.110076622182934
2022-04-18,1,16.50752361017664
2022-04-19,1,17.68966345331583
2022-04-20,1,17.80228635026355
2022-04-21,1,17.672963596552403
2022-04-22,1,17.892571090474252
2022-04-25,1,18.289992464271446
2022-04-26,1,18.3560226663336
2022-04-27,0,18.71942088344893
2022-04-28,0,18.626764830172334
2022-04-29,0,18.60012165562633
2022-05-02,0,18.335498726046684
2022-05-04,1,17.628136412823746
2022-05-05,1,19.7771509093406
2022-05-06,1,18.96950354880707
2022-05-09,0,19.67741762498713
2022-05-10,0,19.08544642406247
2022-05-11,0,18.401118482155976
2022-05-12,1,17.808962464462173
2022-05-13,1,19.769320743801448
2022-05-16,1,18.96207752355254
2022-05-17,1,18.239387868683796
2022-05-18,1,20.494742578279993
2022-05-19,1,19.703213415378592
2022-05-20,1,22.24935263579533
2022-05-23,1,24.879570090160957
2022-05-24,1,23.93175918225512
2022-05-25,1,23.048198241277913
2022-05-26,1,22.219549840627796
2022-05-27,1,21.59176512615403
2022-05-30,1,21.105411529777314
2022-05-31,1,21.54380441292777
2022-06-01,0,20.815890010765948
2022-06-02,0,20.015554772421886
2022-06-03,0,19.367663554904766
2022-06-06,0,18.652075869960616
2022-06-07,0,17.913026866747792
2022-06-08,0,17.724688156638557
2022-06-09,0,17.10678670455088
2022-06-10,1,16.707920227356045
2022-06-13,1,17.89112685327927
2022-06-14,1,20.590821120458603
2022-06-15,1,19.74738959549795
2022-06-16,1,18.997306657230776
2022-06-17,1,20.59830542506339
2022-06-20,1,19.80708641176771
2022-06-21,1,19.038720648301236
2022-06-22,1,19.738922204897836
2022-06-23,0,20.21683681153141
2022-06-24,0,19.824273371620766
2022-06-27,0,19.313012287222826
2022-06-28,0,18.77011716306575
2022-06-29,0,18.01383870115786
2022-06-30,0,17.37897173810573
2022-07-01,0,16.71541774244499
2022-07-04,0,16.110530834136963
2022-07-05,0,15.633830666352308
2022-07-06,0,15.10099990444501
2022-07-07,0,15.263699169029906
2022-07-08,0,15.061522726246968
2022-07-11,0,14.631870350947798
2022-07-12,0,14.12494387864719
2022-07-13,0,14.346074038358221
2022-07-14,0,14.066931902039997
2022-07-15,0,13.618712747041759
2022-07-18,0,13.42865968451512
2022-07-19,0,14.131446808711473
2022-07-20,0,13.67935781868706
2022-07-21,0,13.934908075059807
2022-07-22,0,13.565254627696264
2022-07-25,0,13.363072930321174
2022-07-26,0,13.207332289726862
2022-07-27,0,13.373199705499173
2022-07-28,1,13.560182007652402
2022-07-29,0,14.74535147719118
2022-08-01,0,15.066779476168158
2022-08-02,0,15.056487184100675
2022-08-03,0,14.519043709704135
2022-08-04,0,14.03628406375216
2022-08-05,0,13.565666429715519
2022-08-08,0,13.116584437604134
2022-08-10,0,13.006207023323094
2022-08-11,0,12.595432061695483
2022-08-12,0,12.51340988792319
2022-08-16,0,12.141361914876612
2022-08-17,0,12.09802244466309
2022-08-18,0,11.986673943812853
2022-08-19,0,11.64092617977827
2022-08-22,1,12.390371035533642
2022-08-23,0,13.6633341703882
2022-08-24,0,13.392154583799295
2022-08-25,0,12.954156563591393
2022-08-26,0,12.779334090062283
2022-08-29,1,12.402861164645694
2022-08-30,1,13.650209537951923
2022-09-01,0,17.201023222084796
2022-09-02,0,17.710261953467548
2022-09-05,0,17.013856307924577
2022-09-06,0,16.60961269445647
2022-09-07,0,15.997967161951541
2022-09-08,0,15.435144510200526
2022-09-09,0,15.404318279167455
2022-09-12,0,14.844175936527028
2022-09-13,0,14.475030564755789
2022-09-14,0,14.244626689725342
2022-09-15,0,13.907969710800593
2022-09-16,1,13.808798899771675
2022-09-19,0,15.829859272081432
2022-09-20,0,15.435879410231598
2022-09-21,0,15.440786909586357
2022-09-22,0,15.192051944555885
2022-09-23,1,14.813914440115655
2022-09-26,1,16.174554824243195
2022-09-27,0,17.355408087133515
2022-09-28,0,16.679634364233994
2022-09-29,0,16.593004240218548
2022-09-30,1,16.00589215038067
2022-10-03,1,16.818552479379683
2022-10-04,1,17.27574033237656
2022-10-06,0,19.29856865604132
2022-10-07,0,18.52038520752428
2022-10-10,0,17.79685415663868
2022-10-11,1,17.2100216914256
2022-10-12,0,17.83094860260648
2022-10-13,0,17.5081620344902
2022-10-14,0,17.15825298438208
2022-10-17,0,17.003345452415484
2022-10-18,0,16.549764915616834
2022-10-19,0,16.372209779412433
2022-10-20,0,15.75333012132717
2022-10-21,0,15.203054031704035
2022-10-24,0,14.65304833232516
2022-10-25,0,14.552911349260997
2022-10-27,0,14.237285209616966
2022-10-28,0,13.86399293141624
2022-10-31,0,13.419985390165163
2022-11-01,0,13.919746191389299
2022-11-02,0,13.68674647787984
2022-11-03,0,13.371893210079635
2022-11-04,0,12.961745954549317
2022-11-07,0,12.617981762574265
2022-11-09,0,12.333107413082626
2022-11-10,0,12.05984165197174
2022-11-11,1,12.155899133764905
2022-11-14,0,13.991234524132098
2022-11-15,0,13.580312397648296
2022-11-16,0,13.213814487221047
2022-11-17,0,12.788027160904587
2022-11-18,0,12.526019953627669
2022-11-21,0,12.18762452168976
2022-11-22,0,12.408775944297652
2022-11-23,0,12.18058679611885
2022-11-24,0,11.820890586060596
2022-11-25,0,12.41330881207332
2022-11-28,0,12.038170510155451
2022-11-29,0,11.719160416239989
2022-11-30,0,11.431154623552379
2022-12-01,0,11.483375465970061
2022-12-02,0,11.195476956646564
2022-12-05,0,11.313596791251141
2022-12-06,0,11.012573375149117
2022-12-07,0,10.861405737150166
2022-12-08,0,10.809981921296679
2022-12-09,0,10.585861986215233
2022-12-12,0,10.772346906914548
2022-12-13,0,10.5102835569974
2022-12-14,0,10.511101584097933
2022-12-15,0,10.290580623828161
2022-12-16,0,11.751424188420977
2022-12-19,0,11.893477411532329
2022-12-20,0,12.053787508162586
2022-12-21,0,11.79373431966742
2022-12-22,0,12.369284512855408
2022-12-23,1,12.114882246215362
2022-12-26,0,14.183352385641777
2022-12-27,0,14.621122566483187
2022-12-28,0,14.259514177671031
2022-12-29,0,13.789100960793236
2022-12-30,0,13.400775149780818
2023-01-02,0,13.185045815338807
2023-01-03,0,12.918682294306251
2023-01-04,0,12.516314458231642
2023-01-05,0,13.076874377526966
2023-01-06,0,12.714854282726769
2023-01-09,0,12.792566104945676
2023-01-10,0,13.608475963070333
2023-01-11,0,14.148073756019082
2023-01-12,0,13.669869202355926
2023-01-13,0,13.263595765210408
2023-01-16,0,12.996894182370388
2023-01-17,0,12.735579670141705
2023-01-18,0,12.85148800242643
2023-01-19,0,12.627797913824107
2023-01-20,0,12.375628879591904
2023-01-23,0,12.178768760695993
2023-01-24,0,11.987760115892002
2023-01-25,0,11.651075526270787
2023-01-27,1,12.694244204812682
2023-01-30,0,14.108017459258322
2023-01-31,0,13.676735092206522
2023-02-01,0,13.221617837039364
2023-02-02,0,12.88520658742155
2023-02-03,0,12.484502763802864
2023-02-06,0,13.342788465260236
2023-02-07,0,13.223819139636085
2023-02-08,0,12.849295867784056
2023-02-09,0,12.91534757753296
2023-02-10,0,12.507517682840112
2023-02-13,0,12.187085537969125
2023-02-14,0,12.0428404451484
2023-02-15,0,12.251723639734216
2023-02-16,0,11.978003143443567
2023-02-17,0,11.631721307377612
2023-02-20,0,11.575351367822265
2023-02-21,0,11.537945755691995
2023-02-22,1,11.237314348739242
2023-02-23,0,12.968556112753786
2023-02-24,0,12.594440602571087
2023-02-27,0,12.289582592465731
2023-02-28,0,12.112367184845404
2023-03-01,0,12.003106870760588
2023-03-02,0,12.154321684941152
2023-03-03,1,12.388425969318755
2023-03-06,0,13.719241433927047
2023-03-08,0,13.429969175403247
2023-03-09,0,13.00123222730763
2023-03-10,0,13.297402985233942
2023-03-13,0,13.58100716563097
2023-03-14,0,14.647069689388452
2023-03-15,0,14.39994628640526
2023-03-16,0,14.047146393854392
2023-03-17,0,13.567696692268152
2023-03-20,0,13.356180006752565
2023-03-21,0,13.344858373247673
2023-03-22,0,13.23368560041494
2023-03-23,0,12.82049723320457
2023-03-24,0,12.626522320037566
2023-03-27,0,12.72187613175557
2023-03-28,0,12.362151452021187
2023-03-29,0,12.059611899653433
2023-03-31,1,12.080610562596858
2023-04-03,0,13.390548599076777
2023-04-05,0,12.953728695570815
2023-04-06,0,13.062266385927952
2023-04-10,0,12.657351057260126
2023-04-11,0,12.269208405568804
2023-04-12,0,12.087858851266336
2023-04-13,0,11.86192437603832
2023-04-17,0,11.523486259638936
2023-04-18,0,11.662227273626574
2023-04-19,0,11.403171971528765
2023-04-20,0,11.16786364524018
2023-04-21,0,10.877984751418612
2023-04-24,0,10.613274527867791
2023-04-25,0,10.679564985173569
2023-04-26,0,10.42399660721835
2023-04-27,0,10.213437403137675
2023-04-28,0,10.211049216197589
2023-05-02,0,10.469966511472858
2023-05-03,0,10.331789542991583
2023-05-04,0,10.251447030837042
2023-05-05,0,10.713392532685276
2023-05-08,0,11.581437940999548
2023-05-09,0,12.175487548897241
2023-05-10,0,11.829306209684875
2023-05-11,0,11.522667985460608
2023-05-12,0,11.232396822732861
2023-05-15,0,10.937955344681498
2023-05-16,0,10.789523710040049
2023-05-17,0,10.966371758120006
2023-05-18,0,10.999022987142954
2023-05-19,0,10.807582058986716
2023-05-22,0,10.642445283258017
2023-05-23,0,10.60961442413037
2023-05-24,0,10.362834694366404
2023-05-25,0,10.286349846175995
2023-05-26,0,10.080662842226497
2023-05-29,0,10.575411838432947
2023-05-30,0,10.467502869389229
2023-05-31,0,10.2342248322696
2023-06-01,0,10.341435159561067
2023-06-02,0,10.181599067920661
2023-06-05,0,9.996140042662685
2023-06-06,0,9.837620056836395
2023-06-07,0,9.647549856163689
2023-06-08,0,9.831058630597992
2023-06-09,0,9.982094009216997
2023-06-12,0,9.940081147429067
2023-06-13,0,9.763237172473726
2023-06-14,0,9.8328655227983
2023-06-15,0,9.647951801696353
2023-06-16,0,9.656195316002165
2023-06-19,0,9.939288598401957
2023-06-20,0,9.968594441456219
2023-06-21,0,9.838620615570216
2023-06-22,0,9.65954904422627
2023-06-23,0,9.763058695721002
2023-06-26,0,9.91853317433712
2023-06-27,0,9.727947721072187
2023-06-28,0,9.865390830660596
2023-06-30,0,10.124140197416033
2023-07-03,0,10.836825608931498
2023-07-04,0,10.84326794603785
2023-07-05,0,10.628078115254711
2023-07-06,0,10.37597967398452
2023-07-07,0,10.320781468355532
2023-07-10,0,10.893133083389465
2023-07-11,0,10.632698008795687
2023-07-12,0,10.488563466969666
2023-07-13,0,10.385376166607195
2023-07-14,0,10.16010085377047
2023-07-17,0,10.382375219419533
2023-07-18,0,10.496910617994628
2023-07-19,0,10.259375398384599
2023-07-20,0,10.149697194353429
2023-07-21,0,10.313172141818464
2023-07-24,0,11.518909412501776
2023-07-25,0,11.305930751721082
2023-07-26,0,11.005429883637287
2023-07-27,0,10.86514178430965
2023-07-28,0,11.026919178456577
2023-07-31,0,10.754260663625248
2023-08-01,0,10.695180967234366
2023-08-02,0,10.4800055438303
2023-08-03,0,11.310740817784957
2023-08-04,0,11.46412945069858
2023-08-07,0,11.512215625535337
2023-08-08,0,11.25937163796639
2023-08-09,0,11.009738872776756
2023-08-10,0,10.789934208882794
2023-08-11,0,10.784299247906574
2023-08-14,0,10.865215415593125
2023-08-16,0,10.595595516136036
2023-08-17,0,10.349905863330681
2023-08-18,0,10.445681170901809
2023-08-21,0,10.299808642400045
2023-08-22,0,10.200212621970802
2023-08-23,0,9.987012445315692
2023-08-24,0,9.80941151815494
2023-08-25,0,9.753688117905083
2023-08-28,0,9.99916087058562
2023-08-29,0,9.82275790304191
2023-08-30,0,9.638263074431652
2023-08-31,0,9.463408812208392
2023-09-01,0,9.5997843731347
2023-09-04,0,10.190936221123916
2023-09-05,0,10.079107810594381
2023-09-06,0,9.88351502124386
2023-09-07,0,9.69796273762657
2023-09-08,0,9.768329235709881
2023-09-11,0,9.706673456308168
2023-09-12,0,10.113019004373628
2023-09-13,0,9.914896051654797
2023-09-14,0,9.815530258617661
2023-09-15,0,9.628905892654066
2023-09-18,0,9.57917066646265
2023-09-20,0,9.551590448307026
2023-09-21,0,10.720848884452261
2023-09-22,0,11.008297964487435
2023-09-25,0,10.851561256116732
2023-09-26,0,10.587096447804797
2023-09-27,0,10.35375709606707
2023-09-28,0,10.153965816602927
2023-09-29,0,10.95767483360822
2023-10-03,0,10.969606739976053
2023-10-04,0,11.080023141183508
2023-10-05,0,11.024008909802308
2023-10-06,0,10.97823904049298
2023-10-09,0,10.859815326709448
2023-10-10,0,11.1778419437414
2023-10-11,0,11.544882520735863
2023-10-12,0,11.42077417235797
2023-10-13,0,11.146143334965355
2023-10-16,0,10.917421517746266
2023-10-17,0,10.663273926964077
2023-10-18,0,10.50759016413508
2023-10-19,0,10.844646634936392
2023-10-20,0,10.635430599702621
2023-10-23,0,10.582865127281297
2023-10-25,0,11.96341060272669
2023-10-26,0,12.14528125293016
2023-10-27,0,13.297952906394856
2023-10-30,0,13.564429601383178
2023-10-31,0,13.192418090901183
2023-11-01,0,12.902992805299231
2023-11-02,0,12.687007743842404
2023-11-03,0,12.67763972434607
2023-11-06,0,12.392652596998776
2023-11-07,0,12.542477720311043
2023-11-08,0,12.174855608258778
2023-11-09,0,11.829314654270277
2023-11-10,0,11.57573597184389
2023-11-13,0,11.264919579401354
2023-11-15,0,10.967354032842266
2023-11-16,0,11.703420800637376
2023-11-17,0,11.45296889489076
2023-11-20,0,11.198377629675342
2023-11-21,0,10.951736157277859
2023-11-22,0,10.812712657536453
2023-11-23,0,10.548128320389042
2023-11-24,0,10.316386169068574
2023-11-28,0,10.095313544785974
2023-11-29,0,10.038740995780087
2023-11-30,0,10.615471430261087
2023-12-01,0,10.365577325063734
2023-12-04,1,10.454064820496189
2023-12-05,0,13.210225886690253
2023-12-06,0,13.052768976807949
2023-12-07,0,12.699959947807013
2023-12-08,0,12.349216700273676
2023-12-11,0,12.038323944384372
2023-12-12,0,11.689364802189262
2023-12-13,0,11.575381401046238
2023-12-14,0,11.258972116726415
2023-12-15,0,12.007032140730889
2023-12-18,0,12.632060451989025
2023-12-19,0,12.320752134640442
2023-12-20,0,11.963973380640208
2023-12-21,0,13.272812640081026
2023-12-22,0,13.031950982456822
2023-12-26,0,12.695878094494525
2023-12-27,0,12.376659920951326
2023-12-28,0,12.614656470304945
2023-12-29,0,12.374415335335243
2024-01-01,0,12.077229311353033
2024-01-02,0,11.724291388884014
2024-01-03,0,11.537926342801985
2024-01-04,0,11.664092961325812
2024-01-05,0,11.65420156833227
2024-01-08,0,11.340756435826052
2024-01-09,0,11.858395855813468
2024-01-10,0,11.537265306607962
2024-01-11,0,11.27493045270783
2024-01-12,0,10.977165746482147
2024-01-15,0,11.63365305728018
2024-01-16,0,11.801217880794617
2024-01-17,1,11.60625307373615
2024-01-18,0,14.577384736122262
2024-01-19,0,14.189223749815305
2024-01-23,1,14.013949512847686
2024-01-24,0,15.911444792114565
2024-01-25,0,15.975928936708772
2024-01-29,1,15.607419967368159
2024-01-30,0,16.781571579917063
2024-01-31,0,16.914749417684714
2024-02-01,0,16.763770288598696
2024-02-02,0,16.157324902807492
2024-02-05,0,15.800377848493127
2024-02-06,0,15.357071455529395
2024-02-07,0,15.083729753889234
2024-02-08,0,14.548305367761344
2024-02-09,0,14.742041511941126
2024-02-12,0,14.277551328930276
2024-02-13,0,14.279904509757294
2024-02-14,0,13.991683083169393
2024-02-15,0,13.590824033874737
2024-02-16,0,13.173111153152142
2024-02-19,0,12.936041615877285
2024-02-20,0,12.579450192152656
2024-02-21,0,12.240747367217011
2024-02-22,0,12.280273379252844
2024-02-23,0,12.301174967282487
2024-02-26,0,11.94900540320585
2024-02-27,0,11.788583689555661
2024-02-28,0,11.531694475797352
2024-02-29,0,12.381769284004204
2024-03-01,1,12.024345010605114
2024-03-04,0,13.38580062941347
2024-03-05,0,12.956246551390151
2024-03-06,0,12.610595480959528
2024-03-07,0,12.403779351986321
2024-03-11,0,12.029377476736173
2024-03-12,0,12.17002656345313
2024-03-13,1,11.810868499674852
2024-03-14,0,13.391580758482545
2024-03-15,0,13.293117990597391
2024-03-18,0,13.196573932094198
2024-03-19,0,12.777451615378226
2024-03-20,0,13.354582351619475
2024-03-21,0,12.924623461043753
2024-03-22,0,12.877121832149108
2024-03-26,0,12.517322885800974
2024-03-27,0,12.330002449929667
2024-03-28,0,12.15845830681761
2024-04-01,0,12.303686337078286
2024-04-02,0,12.106654395916502
2024-04-03,0,11.766237929375297
2024-04-04,0,11.449148446293593
2024-04-05,0,11.211863176620222
2024-04-08,0,10.926454887672133
2024-04-09,0,10.967375872172589
2024-04-10,0,10.730743522403854
2024-04-12,0,10.632947892056109
2024-04-15,0,11.467457675372234
2024-04-16,0,12.127175548706507
2024-04-18,0,12.018211193550261
2024-04-19,0,12.103912956460006
2024-04-22,0,12.067529989925411
2024-04-23,0,12.121141971484564
2024-04-24,0,11.765315640905671
2024-04-25,0,11.439615402834901
2024-04-26,0,11.505459921124197
2024-04-29,0,11.692370179071126
2024-04-30,0,12.111251153881136
2024-05-02,0,11.828233855662722
2024-05-03,0,11.505683782760372
2024-05-06,0,11.757903113092802
2024-05-07,0,11.449903946222275
2024-05-08,0,11.532151585512926
2024-05-09,1,11.217482042041564
2024-05-10,0,13.00344901261745
2024-05-13,0,12.748727333178838
2024-05-14,0,12.36023580594751
2024-05-15,0,12.118436566558254
2024-05-16,0,11.787074334888327
2024-05-17,0,12.026847323047958
2024-05-21,0,11.69555127038301
2024-05-22,0,11.399654014140024
2024-05-23,1,11.136170356635109
2024-05-24,0,12.70913724090551
2024-05-27,0,12.35021431504069
2024-05-28,0,11.998726663297825
2024-05-29,0,11.696000225410366
2024-05-30,0,11.964350155456199
2024-05-31,0,12.359674118861884
2024-06-03,1,12.009840703296154
2024-06-04,1,17.729069560974786
2024-06-05,1,32.41939986081664
2024-06-06,1,34.73342312343141
2024-06-07,1,33.23661279399885
2024-06-10,1,32.70744687614868
2024-06-11,1,31.24132229163528
2024-06-12,1,29.825172910344058
2024-06-13,1,28.494568673178854
2024-06-14,1,27.238200595813478
2024-06-18,1,26.041376371382352
2024-06-19,1,24.928822583791337
2024-06-20,1,23.86749821472702
2024-06-21,1,22.844910666538933
2024-06-24,1,21.921675675607332
2024-06-25,0,20.996948432160085
2024-06-26,0,20.339072838614904
2024-06-27,0,19.612053835693956
2024-06-28,0,19.003210165921118
2024-07-01,0,18.26462638596563
2024-07-02,0,17.66678851439439
2024-07-03,0,16.989433725727967
2024-07-04,0,16.542668333773797
2024-07-05,0,15.914640562995128
2024-07-08,0,15.322435459130112
2024-07-09,0,14.769490373232799
2024-07-10,0,14.345675081189961
2024-07-11,0,14.046847821995252
2024-07-12,0,13.571102683464883
2024-07-15,0,13.45893835849863
2024-07-16,0,13.049704837798282
2024-07-18,0,12.63333511794932
2024-07-19,0,12.603237245551957
2024-07-22,0,13.282220481351192
2024-07-23,0,12.855503972463026
2024-07-24,0,12.477899336804272
2024-07-25,0,12.190186062411481
2024-07-26,1,11.835589868693823
2024-07-29,0,13.558436816818503
2024-07-30,0,13.133474583056028
2024-07-31,0,12.712019804449076
2024-08-01,0,12.39484511274035
2024-08-02,0,12.036658709531967
2024-08-05,1,12.889895032144116
2024-08-06,0,17.071427786570933
2024-08-07,0,16.426717284486077
2024-08-08,0,16.589756558048887
2024-08-09,0,16.460004336154714
2024-08-12,0,16.43043664610451
2024-08-13,0,15.834514967018556
2024-08-14,0,15.759371512705567
2024-08-16,1,15.176320537756267
2024-08-19,0,16.081859025815458
2024-08-20,0,15.481843401444063
2024-08-21,0,15.038084470234491
2024-08-22,0,14.52481844935221
2024-08-23,0,14.020289400400092
2024-08-26,0,13.54293293835481
2024-08-27,0,13.420739692686235
2024-08-28,0,12.986254327088716
2024-08-29,0,12.577451050977363
2024-08-30,0,12.271846082851022
2024-09-02,0,11.949562723791304
2024-09-03,0,11.610339936319654
2024-09-04,0,11.292972827431859
2024-09-05,0,11.119729176759607
2024-09-06,0,10.890646575526
2024-09-09,0,11.872250130970688
2024-09-10,0,11.624121504887725
2024-09-11,0,11.38169153696903
2024-09-12,1,11.375829188033418
2024-09-13,0,13.610681975659903
2024-09-16,0,13.23061300580701
2024-09-17,0,12.804449356185312
2024-09-18,0,12.408532487476634
2024-09-19,0,12.079034413577105
2024-09-20,0,11.732580656979664
2024-09-23,0,12.866989750367729
2024-09-24,0,12.583158491959571
2024-09-25,0,12.202946227252902
2024-09-26,0,11.871801845988468
2024-09-27,0,11.954664087760355
2024-09-30,0,11.665639362777041
2024-10-01,0,12.986272709370017
2024-10-03,1,12.574170430007563
2024-10-04,0,15.502937864253454
2024-10-07,0,15.416487017184503
2024-10-08,0,15.35956539536586
2024-10-09,0,15.219297674646251
2024-10-10,0,14.715287919355408
2024-10-11,0,14.194731358046784
2024-10-14,0,13.73395015756819
2024-10-15,0,13.514695643160364
2024-10-16,0,13.179466013482138
2024-10-17,0,12.866932461172023
2024-10-18,0,13.09567667187635
2024-10-21,0,12.792671306057835
2024-10-22,0,12.514784887827252
2024-10-23,0,13.390634330430698
2024-10-24,0,12.965653200607303
2024-10-25,0,12.591451657795194
2024-10-28,0,12.91308302079569
2024-10-29,0,12.802240227553293
2024-10-30,0,12.52041973502863
2024-10-31,0,12.436384594723101
2024-11-01,0,12.31904963289209
2024-11-04,0,12.058759871615823
2024-11-05,0,13.147702975953973
2024-11-06,0,13.317477739062566
2024-11-07,0,13.552019936884705
2024-11-08,0,14.289105414572967
2024-11-11,0,13.818016569448847
2024-11-12,0,13.35743859412194
2024-11-13,0,13.854409969533725
2024-11-14,0,14.63383092726063
2024-11-18,0,14.125291625482825
2024-11-19,0,13.763370997090789
2024-11-21,0,13.331434644787644
2024-11-22,1,13.3644291849645
2024-11-25,0,16.37137447546239
2024-11-26,0,16.423790471224798
2024-11-27,0,15.841269203677179
2024-11-28,0,15.31076314136368
2024-11-29,0,16.23949901970835
2024-12-02,0,16.133490683965267
2024-12-03,0,15.65411650821963
2024-12-04,0,15.312238405643031
2024-12-05,0,14.758070108983313
2024-12-06,0,14.775046043388903
2024-12-09,0,14.29149295367727
2024-12-10,0,13.854809985644753
2024-12-11,0,13.39182879926063
2024-12-12,0,12.955628042257844
2024-12-13,0,12.702058813232505
2024-12-16,0,12.83355351360873
2024-12-17,0,12.643678569124802
2024-12-18,0,13.655079179543879
2024-12-19,0,13.403781463907016
2024-12-20,1,13.770773176038745
2024-12-23,0,14.906693902927383
2024-12-24,0,14.699539744792064
2024-12-26,0,14.221401449207102
2024-12-27,0,13.731280007866577
2024-12-30,0,13.29818654645015
