Date,price,log_ret,abs_ret,sq_ret,vix
2010-01-05,5277.89990234375,0.0086963957751834,0.0086963957751834,7.562729947862767e-05,22.270000457763672
2010-01-06,5281.7998046875,0.0007386389062683265,0.0007386389062683265,5.455874338532695e-07,22.1200008392334
2010-01-07,5263.10009765625,-0.0035466864183382987,0.0035466864183382987,1.257898455002535e-05,22.5
2010-01-08,5244.75,-0.003492649046092997,0.003492649046092997,1.2198597359174322e-05,22.56999969482422
2010-01-11,5249.39990234375,0.0008861894848711219,0.0008861894848711219,7.853318030961444e-07,22.68000030517578
2010-01-12,5210.39990234375,-0.0074571562473284584,0.0074571562473284584,5.5609179297069856e-05,23.079999923706055
2010-01-13,5233.9501953125,0.004509678948100578,0.004509678948100578,2.0337204214941532e-05,21.989999771118164
2010-01-14,5259.89990234375,0.004945708140283072,0.004945708140283072,2.446002900886224e-05,20.979999542236328
2010-01-15,5252.2001953125,-0.0014649229624307774,0.0014649229624307774,2.145999285856965e-06,21.079999923706055
2010-01-18,5274.85009765625,0.004303187818976659,0.004303187818976659,1.8517425405389096e-05,21.549999237060547
2010-01-19,5225.64990234375,-0.00937108811281388,0.00937108811281388,8.78172924181216e-05,22.34000015258789
2010-01-20,5221.7001953125,-0.0007561165620956245,0.0007561165620956245,5.717122554753065e-07,22.290000915527344
2010-01-21,5094.14990234375,-0.024730253416518803,0.024730253416518803,0.00061158543404524,23.5
2010-01-22,5036.0,-0.011480687178891941,0.011480687178891941,0.0001318061780995738,24.850000381469727
2010-01-25,5007.89990234375,-0.005595470135225262,0.005595470135225262,3.1309286034197814e-05,25.81999969482422
2010-01-27,4853.10009765625,-0.03139894990280727,0.03139894990280727,0.0009858940549990005,28.920000076293945
2010-01-28,4867.25,0.002911399732814308,0.002911399732814308,8.476248404231226e-06,26.959999084472656
2010-01-29,4882.0498046875,0.003036077739411096,0.003036077739411096,9.217768039747591e-06,26.1299991607666
2010-02-01,4899.7001953125,0.0036088449983292152,0.0036088449983292152,1.3023762221965794e-05,25.610000610351562
2010-02-02,4830.10009765625,-0.01430682701245135,0.01430682701245135,0.00020468529916420762,26.690000534057617
2010-02-03,4931.85009765625,0.020846999413257735,0.020846999413257735,0.00043459738453636835,25.540000915527344
2010-02-04,4845.35009765625,-0.017694688705123994,0.017694688705123994,0.00031310200837124266,27.06999969482422
2010-02-05,4718.64990234375,-0.026496781268445523,0.026496781268445523,0.0007020794175878456,30.06999969482422
2010-02-08,4760.39990234375,0.008808956769992533,0.008808956769992533,7.759771937559728e-05,30.360000610351562
2010-02-09,4792.64990234375,0.006751796164294356,0.006751796164294356,4.558675144417998e-05,29.90999984741211
2010-02-10,4757.2001953125,-0.007424173049006029,0.007424173049006029,5.511834546158748e-05,30.549999237060547
2010-02-11,4826.85009765625,0.014534800298261869,0.014534800298261869,0.0002112604197103533,28.809999465942383
2010-02-15,4801.9501953125,-0.005171975135166793,0.005171975135166793,2.6749326798783568e-05,29.68000030517578
2010-02-16,4855.75,0.011141443639869172,0.011141443639869172,0.00012413176638038123,28.729999542236328
2010-02-17,4914.0,0.011924704368882228,0.011924704368882228,0.0001421985742852389,29.040000915527344
2010-02-18,4887.75,-0.005356199200524958,0.005356199200524958,2.8688869875704194e-05,29.760000228881836
2010-02-19,4844.89990234375,-0.008805489760123469,0.008805489760123469,7.753664991563927e-05,31.899999618530273
2010-02-22,4856.39990234375,0.002370817440569972,0.002370817440569972,5.620775336510752e-06,32.130001068115234
2010-02-23,4870.0498046875,0.0028067612985113975,0.0028067612985113975,7.877908986821386e-06,30.989999771118164
2010-02-24,4858.60009765625,-0.002353813207905825,0.002353813207905825,5.540436617711911e-06,30.399999618530273
2010-02-25,4859.75,0.00023664559057058937,0.00023664559057058937,5.600113553650302e-08,29.549999237060547
2010-02-26,4922.2998046875,0.012788865005232845,0.012788865005232845,0.0001635550681220693,24.020000457763672
2010-03-02,5017.0,0.01905628423679781,0.01905628423679781,0.0003631419689136287,21.6299991607666
2010-03-03,5088.10009765625,0.014072353623684244,0.014072353623684244,0.00019803113651001907,20.75
2010-03-04,5080.25,-0.0015440261478846663,0.0015440261478846663,2.3840167453515615e-06,20.979999542236328
2010-03-05,5088.7001953125,0.0016619605947973564,0.0016619605947973564,2.762113018659183e-06,20.739999771118164
2010-03-08,5124.0,0.006912950461775033,0.006912950461775033,4.7788884086955645e-05,20.729999542236328
2010-03-09,5101.5,-0.004400769901265003,0.004400769901265003,1.936677572387999e-05,20.799999237060547
2010-03-10,5116.25,0.002887134691252988,0.002887134691252988,8.335546725436486e-06,20.09000015258789
2010-03-11,5133.39990234375,0.0033464398319566976,0.0033464398319566976,1.119865954890637e-05,20.139999389648438
2010-03-12,5137.0,0.0007010628286984394,0.0007010628286984394,4.914890897826574e-07,19.729999542236328
2010-03-15,5128.89990234375,-0.0015780592864252823,0.0015780592864252823,2.4902711114730713e-06,20.260000228881836
2010-03-16,5198.10009765625,0.013402000790980504,0.013402000790980504,0.00017961362520144207,19.59000015258789
2010-03-17,5231.89990234375,0.006481289167163449,0.006481289167163449,4.2007109268390275e-05,17.729999542236328
2010-03-18,5245.89990234375,0.0026723183478340206,0.0026723183478340206,7.141285352170349e-06,17.969999313354492
2010-03-19,5262.7998046875,0.0032163668929633504,0.0032163668929633504,1.0345015990150717e-05,17.75
2010-03-22,5205.2001953125,-0.011005003954608747,0.011005003954608747,0.00012111011204095416,19.959999084472656
2010-03-23,5225.2998046875,0.003854011649290952,0.003854011649290952,1.4853405792870362e-05,18.1299991607666
2010-03-25,5260.39990234375,0.006694875828928294,0.006694875828928294,4.4821362364768315e-05,17.049999237060547
2010-03-26,5282.0,0.004097762953683076,0.004097762953683076,1.6791661224577444e-05,17.889999389648438
2010-03-29,5302.85009765625,0.003939616419884685,0.003939616419884685,1.5520577535825025e-05,18.729999542236328
2010-03-30,5262.4501953125,-0.007647695404744314,0.007647695404744314,5.8487245003747295e-05,19.799999237060547
2010-03-31,5249.10009765625,-0.0025400829491546485,0.0025400829491546485,6.452021388586177e-06,19.8700008392334
2010-04-01,5290.5,0.00785610742115299,0.00785610742115299,6.171842381269508e-05,17.6200008392334
2010-04-05,5368.39990234375,0.014617134988492871,0.014617134988492871,0.0002136606352718225,17.170000076293945
2010-04-06,5366.0,-0.0004471423471397832,0.0004471423471397832,1.999362786056744e-07,17.200000762939453
2010-04-07,5374.64990234375,0.0016106854412794307,0.0016106854412794307,2.5943075907495146e-06,17.31999969482422
2010-04-08,5304.4501953125,-0.013147309710539474,0.013147309710539474,0.00017285175262484555,19.920000076293945
2010-04-09,5361.75,0.010744286598761555,0.010744286598761555,0.00011543969451632714,18.440000534057617
2010-04-12,5339.7001953125,-0.004120906136825128,0.004120906136825128,1.6981867388523002e-05,20.049999237060547
2010-04-13,5322.9501953125,-0.0031418105563994977,0.0031418105563994977,9.870973572303322e-06,20.139999389648438
2010-04-15,5273.60009765625,-0.009314437828800527,0.009314437828800527,8.675875206659026e-05,21.579999923706055
2010-04-16,5262.60009765625,-0.0020880400510003044,0.0020880400510003044,4.359911254581354e-06,21.780000686645508
2010-04-19,5203.64990234375,-0.011264936095264202,0.011264936095264202,0.0001268987852303863,22.65999984741211
2010-04-20,5230.10009765625,0.005070133360250802,0.005070133360250802,2.570625229072809e-05,20.8700008392334
2010-04-21,5244.89990234375,0.0028257402454029998,0.0028257402454029998,7.984807934490205e-06,19.229999542236328
2010-04-22,5269.35009765625,0.004650876550451328,0.004650876550451328,2.163065268753804e-05,20.530000686645508
2010-04-23,5304.10009765625,0.006573090991872485,0.006573090991872485,4.320552518743521e-05,20.209999084472656
2010-04-26,5322.4501953125,0.0034536355429986695,0.0034536355429986695,1.1927598463863714e-05,19.790000915527344
2010-04-27,5308.35009765625,-0.002652689456282345,0.002652689456282345,7.036761351471523e-06,19.81999969482422
2010-04-28,5215.4501953125,-0.017655659171124917,0.017655659171124917,0.0003117223007669274,22.729999542236328
2010-04-29,5254.14990234375,0.007392810217539679,0.007392810217539679,5.4653642912559073e-05,21.190000534057617
2010-04-30,5278.0,0.004529016135379945,0.004529016135379945,2.0511987154531895e-05,20.350000381469727
2010-05-03,5222.75,-0.010523154984110675,0.010523154984110675,0.00011073679081961333,22.139999389648438
2010-05-04,5148.5,-0.014318672982353193,0.014318672982353193,0.00020502439597557128,23.299999237060547
2010-05-05,5124.89990234375,-0.004594416530933983,0.004594416530933983,2.1108663259719454e-05,23.690000534057617
2010-05-06,5090.85009765625,-0.006666163674476285,0.006666163674476285,4.443773813490716e-05,24.360000610351562
2010-05-07,5018.0498046875,-0.014403456807526558,0.014403456807526558,0.00020745956800628316,27.399999618530273
2010-05-10,5193.60009765625,0.03438574403959364,0.03438574403959364,0.0011823793931564493,24.139999389648438
2010-05-11,5136.14990234375,-0.011123364586176314,0.011123364586176314,0.00012372923971700137,25.809999465942383
2010-05-12,5156.64990234375,0.003983372356512285,0.003983372356512285,1.5867255330626233e-05,25.81999969482422
2010-05-13,5178.89990234375,0.004305534740252186,0.004305534740252186,1.8537629399518458e-05,24.860000610351562
2010-05-14,5093.5,-0.016627442603929482,0.016627442603929482,0.0002764718475469692,26.530000686645508
2010-05-17,5059.89990234375,-0.0066185160897830105,0.0066185160897830105,4.380475523071659e-05,27.170000076293945
2010-05-18,5066.2001953125,0.0012443672728817412,0.0012443672728817412,1.5484499098191418e-06,26.540000915527344
2010-05-19,4919.64990234375,-0.02935369831893425,0.02935369831893425,0.0008616396049990035,32.040000915527344
2010-05-20,4947.60009765625,0.005665260344674226,0.005665260344674226,3.2095174772938326e-05,31.040000915527344
2010-05-21,4931.14990234375,-0.0033304234883113635,0.0033304234883113635,1.109172061149603e-05,32.2599983215332
2010-05-24,4943.9501953125,0.002592439572484712,0.002592439572484712,6.720742936984717e-06,31.299999237060547
2010-05-25,4806.75,-0.02814346627068717,0.02814346627068717,0.0007920546937293064,34.52000045776367
2010-05-26,4917.39990234375,0.022758735608322447,0.022758735608322447,0.0005179600464895241,32.150001525878906
2010-05-27,5003.10009765625,0.01727782415402294,0.01727782415402294,0.00029852320749733857,29.010000228881836
2010-05-28,5066.5498046875,0.012602334221159585,0.012602334221159585,0.00015881882782180996,26.43000030517578
2010-05-31,5086.2998046875,0.0038905382570750065,0.0038905382570750065,1.513628792976423e-05,26.43000030517578
2010-06-01,4970.2001953125,-0.023090492266616938,0.023090492266616938,0.0005331708331146966,29.079999923706055
2010-06-02,5019.85009765625,0.009939952188865392,0.009939952188865392,9.88026495169299e-05,27.760000228881836
2010-06-03,5110.5,0.01789717455385668,0.01789717455385668,0.0003203088570112151,25.290000915527344
2010-06-04,5135.5,0.004879962836728166,0.004879962836728166,2.3814037287848007e-05,24.719999313354492
2010-06-07,5034.0,-0.019962312910597833,0.019962312910597833,0.0003984939367406209,27.989999771118164
2010-06-08,4987.10009765625,-0.009360298632856782,0.009360298632856782,8.761519049626055e-05,28.770000457763672
2010-06-09,5000.2998046875,0.0026432734937479525,0.0026432734937479525,6.986894762750507e-06,28.15999984741211
2010-06-10,5078.60009765625,0.015537780712110243,0.015537780712110243,0.0002414226294576251,26.5
2010-06-11,5119.35009765625,0.007991844656968942,0.007991844656968942,6.386958102112304e-05,25.100000381469727
2010-06-14,5197.7001953125,0.01518876068179503,0.01518876068179503,0.0002306984510488426,22.950000762939453
2010-06-15,5222.35009765625,0.004731253234392907,0.004731253234392907,2.2384757167953347e-05,21.979999542236328
2010-06-16,5233.35009765625,0.0021041161955454323,0.0021041161955454323,4.427304964356584e-06,22.670000076293945
2010-06-17,5274.85009765625,0.007898634397593373,0.007898634397593373,6.238842534684523e-05,20.850000381469727
2010-06-18,5262.60009765625,-0.002325041692512812,0.002325041692512812,5.405818871922843e-06,19.959999084472656
2010-06-21,5353.2998046875,0.017087936936644132,0.017087936936644132,0.00029199758875072683,19.40999984741211
2010-06-22,5316.5498046875,-0.006888596684940277,0.006888596684940277,4.745276428777017e-05,20.639999389648438
2010-06-23,5323.14990234375,0.001240655034366222,0.001240655034366222,1.5392249142982513e-06,20.34000015258789
2010-06-24,5320.60009765625,-0.00047911774257688094,0.00047911774257688094,2.2955381125196636e-07,20.06999969482422
2010-06-25,5269.0498046875,-0.009736053722463615,0.009736053722463615,9.479074208669761e-05,20.0
2010-06-28,5333.5,0.01215763950246269,0.01215763950246269,0.00014780819827184125,19.549999237060547
2010-06-29,5256.14990234375,-0.014608882074956035,0.014608882074956035,0.00021341943547997173,20.639999389648438
2010-06-30,5312.5,0.01066373324209074,0.01066373324209074,0.00011371520665847108,20.06999969482422
2010-07-01,5251.39990234375,-0.011567845125803692,0.011567845125803692,0.00013381504085458024,21.440000534057617
2010-07-02,5237.10009765625,-0.002726760461016281,0.002726760461016281,7.435222611761722e-06,21.899999618530273
2010-07-05,5235.89990234375,-0.00022919799823436973,0.00022919799823436973,5.253172239464215e-08,21.989999771118164
2010-07-06,5289.0498046875,0.010099878028875301,0.010099878028875301,0.00010200753619815803,20.899999618530273
2010-07-07,5241.10009765625,-0.009107190095395111,0.009107190095395111,8.294091143366281e-05,22.110000610351562
2010-07-08,5296.85009765625,0.010580904083332588,0.010580904083332588,0.00011195553122068423,21.1200008392334
2010-07-09,5352.4501953125,0.010442113816835361,0.010442113816835361,0.00010903774096374395,20.209999084472656
2010-07-12,5383.0,0.005691403079691351,0.005691403079691351,3.23920690155202e-05,19.90999984741211
2010-07-13,5400.64990234375,0.0032734590355328547,0.0032734590355328547,1.0715534057311688e-05,19.110000610351562
2010-07-14,5386.14990234375,-0.0026884727623095483,0.0026884727623095483,7.227885793680333e-06,20.06999969482422
2010-07-15,5378.75,-0.0013748206813710688,0.0013748206813710688,1.89013190592561e-06,20.18000030517578
2010-07-16,5393.89990234375,0.002812662152533556,0.002812662152533556,7.911068384294698e-06,19.700000762939453
2010-07-19,5386.4501953125,-0.0013820902196343338,0.0013820902196343338,1.910173375208881e-06,20.709999084472656
2010-07-20,5368.0,-0.0034311774341907633,0.0034311774341907633,1.177297858489991e-05,20.3799991607666
2010-07-21,5399.35009765625,0.005823194372050832,0.005823194372050832,3.3909592694684486e-05,20.0
2010-07-22,5441.9501953125,0.007858894368978778,0.007858894368978778,6.176222070276635e-05,18.899999618530273
2010-07-23,5449.10009765625,0.0013129869348835793,0.0013129869348835793,1.7239346911749765e-06,19.239999771118164
2010-07-26,5418.60009765625,-0.005612977820209495,0.005612977820209495,3.150552001016373e-05,19.969999313354492
2010-07-27,5430.60009765625,0.0022121455365479116,0.0022121455365479116,4.893587874868847e-06,19.219999313354492
2010-07-28,5397.5498046875,-0.006104532335174015,0.006104532335174015,3.726531503118511e-05,19.520000457763672
2010-07-29,5408.89990234375,0.002100616231522225,0.002100616231522225,4.412588552134634e-06,18.329999923706055
2010-07-30,5367.60009765625,-0.00766482751966219,0.00766482751966219,5.874958090617084e-05,18.940000534057617
2010-08-02,5431.64990234375,0.011862037773378627,0.011862037773378627,0.0001407079401370614,17.989999771118164
2010-08-03,5439.5498046875,0.0014533637403788082,0.0014533637403788082,2.11226616184788e-06,17.549999237060547
2010-08-04,5467.85009765625,0.005189203059859094,0.005189203059859094,2.6927828396450986e-05,17.040000915527344
2010-08-05,5447.10009765625,-0.003802129121223046,0.003802129121223046,1.4456185854452332e-05,17.709999084472656
2010-08-06,5439.25,-0.0014421911745366375,0.0014421911745366375,2.079915383911366e-06,17.3700008392334
2010-08-09,5486.14990234375,0.008585532950855656,0.008585532950855656,7.371137605022823e-05,17.0
2010-08-10,5460.7001953125,-0.004649694232652821,0.004649694232652821,2.1619656457164904e-05,17.329999923706055
2010-08-11,5420.60009765625,-0.007370493986963361,0.007370493986963361,5.4324181611863064e-05,18.110000610351562
2010-08-12,5416.4501953125,-0.0007658730806648022,0.0007658730806648022,5.865615756869946e-07,18.0
2010-08-13,5452.10009765625,0.006560218103885612,0.006560218103885612,4.303646157054854e-05,16.739999771118164
2010-08-16,5418.2998046875,-0.006218796401868112,0.006218796401868112,3.867342868788778e-05,18.110000610351562
2010-08-17,5414.14990234375,-0.000766198350143573,0.000766198350143573,5.870599117627334e-07,17.6299991607666
2010-08-18,5479.14990234375,0.011934082898280511,0.011934082898280511,0.00014242233462303136,16.399999618530273
2010-08-19,5540.2001953125,0.0110806748273832,0.0110806748273832,0.00012278135463020373,16.530000686645508
2010-08-20,5530.64990234375,-0.0017253047875308014,0.0017253047875308014,2.9766766098767036e-06,16.700000762939453
2010-08-23,5543.5,0.0023207385735129846,0.0023207385735129846,5.385827526591083e-06,17.139999389648438
2010-08-24,5505.10009765625,-0.006951117177111686,0.006951117177111686,4.8318030009937136e-05,16.989999771118164
2010-08-25,5462.35009765625,-0.007795835084648713,0.007795835084648713,6.07750446670398e-05,18.920000076293945
2010-08-26,5477.89990234375,0.002842680040908752,0.002842680040908752,8.080829814980983e-06,17.09000015258789
2010-08-27,5408.7001953125,-0.012712993664487983,0.012712993664487983,0.00016162020791331158,19.6299991607666
2010-08-30,5415.4501953125,0.0012472112140708633,0.0012472112140708633,1.5555358125041168e-06,18.360000610351562
2010-08-31,5402.39990234375,-0.00241273435696224,0.00241273435696224,5.821287077265993e-06,18.469999313354492
2010-09-01,5471.85009765625,0.012773504308811986,0.012773504308811986,0.0001631624123272384,16.700000762939453
2010-09-02,5486.14990234375,0.002609931156180491,0.002609931156180491,6.811740640001635e-06,16.149999618530273
2010-09-03,5479.39990234375,-0.0012311285750001095,0.0012311285750001095,1.5156775681818003e-06,15.859999656677246
2010-09-06,5576.9501953125,0.017646478902998107,0.017646478902998107,0.00031139821767395726,15.220000267028809
2010-09-07,5604.0,0.004838561479732106,0.004838561479732106,2.341167719314735e-05,15.829999923706055
2010-09-08,5607.85009765625,0.0006867908104461945,0.0006867908104461945,4.716816173133406e-07,15.970000267028809
2010-09-09,5640.0498046875,0.005725476804122235,0.005725476804122235,3.278108463454176e-05,15.920000076293945
2010-09-13,5760.0,0.021044578618470873,0.021044578618470873,0.00044287428922900143,18.139999389648438
2010-09-14,5795.5498046875,0.006152873284535868,0.006152873284535868,3.7857849655555196e-05,18.600000381469727
2010-09-15,5860.9501953125,0.011221391822531002,0.011221391822531002,0.00012591963443476565,19.43000030517578
2010-09-16,5828.7001953125,-0.005517715371069107,0.005517715371069107,3.0445182916132294e-05,18.850000381469727
2010-09-17,5884.9501953125,0.009604253244100887,0.009604253244100887,9.224168037682241e-05,19.489999771118164
2010-09-20,5980.4501953125,0.016097570938055195,0.016097570938055195,0.0002591317901057192,21.950000762939453
2010-09-21,6009.0498046875,0.004770785040215841,0.004770785040215841,2.276038989994726e-05,22.6299991607666
2010-09-22,5991.0,-0.0030082905643817803,0.0030082905643817803,9.04981211974845e-06,24.290000915527344
2010-09-23,5959.5498046875,-0.005263401003784735,0.005263401003784735,2.770339012664215e-05,23.899999618530273
2010-09-24,6018.2998046875,0.009809852862910048,0.009809852862910048,9.623321319194447e-05,21.709999084472656
2010-09-27,6035.64990234375,0.00287874266275489,0.00287874266275489,8.287159318365114e-06,22.360000610351562
2010-09-28,6029.5,-0.0010194490621581462,0.0010194490621581462,1.0392763903351238e-06,21.209999084472656
2010-09-29,5991.2998046875,-0.006355704200122867,0.006355704200122867,4.0394975879459456e-05,22.15999984741211
2010-09-30,6029.9501953125,0.0064303668597660915,0.0064303668597660915,4.134961795117803e-05,22.25
2010-10-01,6143.39990234375,0.018639567709410974,0.018639567709410974,0.00034743348439371624,21.43000030517578
2010-10-04,6159.4501953125,0.002609200623776862,0.002609200623776862,6.807927895117566e-06,22.799999237060547
2010-10-05,6145.7998046875,-0.002218629645768462,0.002218629645768462,4.9223175050826905e-06,22.170000076293945
2010-10-06,6186.4501953125,0.006592558187392446,0.006592558187392446,4.3461823454155174e-05,21.729999542236328
2010-10-07,6120.2998046875,-0.01075036507755265,0.01075036507755265,0.00011557034930066358,22.450000762939453
2010-10-08,6103.4501953125,-0.0027568659448782853,0.0027568659448782853,7.6003098380296404e-06,21.399999618530273
2010-10-11,6135.85009765625,0.0052944167152087305,0.0052944167152087305,2.8030848354281604e-05,21.200000762939453
2010-10-12,6090.89990234375,-0.007352795767714826,0.007352795767714826,5.406360560172506e-05,20.510000228881836
2010-10-13,6233.89990234375,0.023206286464976675,0.023206286464976675,0.0005385317314945597,20.020000457763672
2010-10-14,6177.35009765625,-0.009112731758761925,0.009112731758761925,8.304188010714822e-05,20.600000381469727
2010-10-15,6062.64990234375,-0.018742410609534424,0.018742410609534424,0.00035127795545638853,22.649999618530273
2010-10-18,6075.9501953125,0.0021914056290457356,0.0021914056290457356,4.802258631013337e-06,22.350000381469727
2010-10-19,6027.2998046875,-0.008039270881310663,0.008039270881310663,6.462987630308952e-05,23.229999542236328
2010-10-20,5982.10009765625,-0.007527423655550523,0.007527423655550523,5.6662106890141595e-05,23.799999237060547
2010-10-21,6101.5,0.019762949379863604,0.019762949379863604,0.00039057416819105123,22.190000534057617
2010-10-22,6066.0498046875,-0.005827022890950839,0.005827022890950839,3.395419577166508e-05,21.610000610351562
2010-10-25,6105.7998046875,0.006531487421865502,0.006531487421865502,4.2660327941987254e-05,21.360000610351562
2010-10-26,6082.0,-0.003905517865498991,0.003905517865498991,1.5253069797731794e-05,20.549999237060547
2010-10-27,6012.64990234375,-0.011468022351340748,0.011468022351340748,0.00013151553665085097,21.020000457763672
2010-10-28,5987.7001953125,-0.004158169182956317,0.004158169182956317,1.729037095408761e-05,20.520000457763672
2010-10-29,6017.7001953125,0.004997761252085383,0.004997761252085383,2.4977617532846055e-05,20.760000228881836
2010-11-01,6117.5498046875,0.01645649867513474,0.01645649867513474,0.00027081634864471147,20.920000076293945
2010-11-02,6119.0,0.00023702683230754845,0.00023702683230754845,5.618171923375069e-08,21.25
2010-11-03,6160.5,0.0067592586021823315,0.0067592586021823315,4.568757685117585e-05,21.530000686645508
2010-11-04,6281.7998046875,0.019498589440667992,0.019498589440667992,0.0003801949901757293,19.360000610351562
2010-11-08,6273.2001953125,-0.0013699101106928303,0.0013699101106928303,1.8766537113784428e-06,19.610000610351562
2010-11-09,6301.5498046875,0.004508981475751922,0.004508981475751922,2.0330913948673978e-05,18.75
2010-11-10,6275.7001953125,-0.004110540185239915,0.004110540185239915,1.6896540614472194e-05,19.079999923706055
2010-11-11,6194.25,-0.013063621326274108,0.013063621326274108,0.00017065820215628367,19.360000610351562
2010-11-12,6071.64990234375,-0.01999106166251395,0.01999106166251395,0.00039964254639443503,21.6299991607666
2010-11-15,6121.60009765625,0.0081931355022444,0.0081931355022444,6.712746935813758e-05,20.25
2010-11-16,5988.7001953125,-0.021949123410368025,0.021949123410368025,0.0004817640184835657,21.1299991607666
2010-11-18,5998.7998046875,0.0016850238606307781,0.0016850238606307781,2.839305410895052e-06,20.6200008392334
2010-11-19,5890.2998046875,-0.018252519672628757,0.018252519672628757,0.00033315447439969976,21.600000381469727
2010-11-22,6010.0,0.020117851552952617,0.020117851552952617,0.000404727951106638,19.93000030517578
2010-11-23,5934.75,-0.01259984437184087,0.01259984437184087,0.00015875607819461004,23.260000228881836
2010-11-24,5865.75,-0.01169455300758192,0.01169455300758192,0.00013676257004714332,24.68000030517578
2010-11-25,5799.75,-0.011315537992575984,0.011315537992575984,0.00012804140006143053,21.6299991607666
2010-11-26,5751.9501953125,-0.00827585146692871,0.00827585146692871,6.848971750266609e-05,22.579999923706055
2010-11-29,5830.0,0.013478038654212304,0.013478038654212304,0.000181657525964441,21.309999465942383
2010-11-30,5862.7001953125,0.005593281281109418,0.005593281281109418,3.128479548960901e-05,20.709999084472656
2010-12-01,5960.89990234375,0.016611178361988586,0.016611178361988586,0.00027593124657379777,19.200000762939453
2010-12-02,6011.7001953125,0.00848614292930173,0.00848614292930173,7.201462181653775e-05,18.799999237060547
2010-12-03,5992.7998046875,-0.0031488868744578725,0.0031488868744578725,9.91548854813307e-06,18.600000381469727
2010-12-06,5992.25,-9.17484193800369e-05,9.17484193800369e-05,8.41777245873513e-09,19.3700008392334
2010-12-07,5976.5498046875,-0.0026235219193067112,0.0026235219193067112,6.88286726108277e-06,19.239999771118164
2010-12-08,5903.7001953125,-0.012264139639573417,0.012264139639573417,0.00015040912109895598,20.43000030517578
2010-12-09,5766.5,-0.023513995398226302,0.023513995398226302,0.0005529079795878077,22.600000381469727
2010-12-10,5857.35009765625,0.01563198886586812,0.01563198886586812,0.0002443590759026249,21.6299991607666
2010-12-13,5907.64990234375,0.008550805127915114,0.008550805127915114,7.31162683355794e-05,22.56999969482422
2010-12-14,5944.10009765625,0.0061510427131599675,0.0061510427131599675,3.783532645911834e-05,21.459999084472656
2010-12-15,5892.2998046875,-0.00875276673674562,0.00875276673674562,7.661092554788057e-05,21.420000076293945
2010-12-16,5948.75,0.009534732799129053,0.009534732799129053,9.091112955078736e-05,20.239999771118164
2010-12-20,5947.0498046875,-0.00028584800551315775,0.00028584800551315775,8.170908225585026e-08,20.780000686645508
2010-12-21,6000.64990234375,0.00897251497180786,0.00897251497180786,8.050602491931622e-05,19.770000457763672
2010-12-22,5984.39990234375,-0.002711713380007471,0.002711713380007471,7.353389455311542e-06,19.559999465942383
2010-12-23,5980.0,-0.0007354990769299838,0.0007354990769299838,5.409588921648582e-07,19.030000686645508
2010-12-24,6011.60009765625,0.005270384359897009,0.005270384359897009,2.7776951301047007e-05,17.649999618530273
2010-12-27,5998.10009765625,-0.0022481836293281954,0.0022481836293281954,5.054329631179297e-06,18.450000762939453
2010-12-28,5996.0,-0.000350188452758028,0.000350188452758028,1.226319524450616e-07,18.1299991607666
2010-12-29,6060.35009765625,0.010674990062610617,0.010674990062610617,0.00011395541283683543,17.1299991607666
2010-12-30,6101.85009765625,0.006824449589510328,0.006824449589510328,4.657311219976769e-05,17.020000457763672
2010-12-31,6134.5,0.005336555356628161,0.005336555356628161,2.8478823074356715e-05,16.559999465942383
2011-01-03,6157.60009765625,0.003758531848336433,0.003758531848336433,1.4126561654959285e-05,16.989999771118164
2011-01-04,6146.35009765625,-0.0018286815139022822,0.0018286815139022822,3.344076079287943e-06,17.030000686645508
2011-01-05,6079.7998046875,-0.010886657008168427,0.010886657008168427,0.00011851930081350272,17.8799991607666
2011-01-06,6048.25,-0.0052027945736062816,0.0052027945736062816,2.7069071375146968e-05,18.200000762939453
2011-01-07,5904.60009765625,-0.024037249311890194,0.024037249311890194,0.0005777893544819656,20.81999969482422
2011-01-10,5762.85009765625,-0.0242995637386114,0.0242995637386114,0.0005904687978868381,23.15999984741211
2011-01-11,5754.10009765625,-0.0015194997868653757,0.0015194997868653757,2.308879602283922e-06,22.329999923706055
2011-01-12,5863.25,0.01879139619515671,0.01879139619515671,0.00035311657096335,21.40999984741211
2011-01-13,5751.89990234375,-0.019173839327316797,0.019173839327316797,0.0003676361145497602,23.149999618530273
2011-01-14,5654.5498046875,-0.017069721768040398,0.017069721768040398,0.00029137540123831224,23.809999465942383
2011-01-17,5654.75,3.5403661761228884e-05,3.5403661761228884e-05,1.2534192661035002e-09,23.56999969482422
2011-01-18,5724.0498046875,0.012180662758961016,0.012180662758961016,0.00014836854524753979,21.459999084472656
2011-01-19,5691.0498046875,-0.0057818316196177775,0.0057818316196177775,3.342957687761193e-05,21.09000015258789
2011-01-20,5711.60009765625,0.0036044806065857974,0.0036044806065857974,1.2992280443253118e-05,21.010000228881836
2011-01-21,5696.5,-0.0026472605158493817,0.0026472605158493817,7.007988238775135e-06,21.030000686645508
2011-01-24,5743.25,0.008173301034109938,0.008173301034109938,6.680284979418257e-05,20.170000076293945
2011-01-25,5687.39990234375,-0.009772067655861168,0.009772067655861168,9.549330627072798e-05,20.780000686645508
2011-01-27,5604.2998046875,-0.014719059152266116,0.014719059152266116,0.00021665070232790892,22.09000015258789
2011-01-28,5512.14990234375,-0.016579396404794635,0.016579396404794635,0.00027487638514731727,22.579999923706055
2011-01-31,5505.89990234375,-0.0011345021634778043,0.0011345021634778043,1.2870951589358187e-06,23.40999984741211
2011-02-01,5417.2001953125,-0.016241113960522698,0.016241113960522698,0.0002637737826786853,23.729999542236328
2011-02-02,5432.0,0.0027282774031740335,0.0027282774031740335,7.443497588670048e-06,23.520000457763672
2011-02-03,5526.75,0.017292549076686366,0.017292549076686366,0.0002990322535696065,22.690000534057617
2011-02-04,5395.75,-0.023988332676138546,0.023988332676138546,0.0005754401045810963,24.40999984741211
2011-02-07,5396.0,4.633168856676948e-05,4.633168856676948e-05,2.1466253654481176e-09,24.690000534057617
2011-02-08,5312.5498046875,-0.015586029138919214,0.015586029138919214,0.00024292430431923883,24.739999771118164
2011-02-09,5253.5498046875,-0.011167907817883387,0.011167907817883387,0.00012472216502874088,25.239999771118164
2011-02-10,5225.7998046875,-0.0052961425847933225,0.0052961425847933225,2.8049126278461295e-05,24.81999969482422
2011-02-11,5310.0,0.01598397644993397,0.01598397644993397,0.0002554875031520437,23.469999313354492
2011-02-14,5456.0,0.027124085287313617,0.027124085287313617,0.000735716002673463,22.579999923706055
2011-02-15,5481.0,0.00457164552281843,0.00457164552281843,2.0899942786305795e-05,22.850000381469727
2011-02-16,5481.7001953125,0.00012774139600228233,0.00012774139600228233,1.631786425261191e-08,23.049999237060547
2011-02-17,5546.4501953125,0.011742811215976985,0.011742811215976985,0.0001378936152540749,22.56999969482422
2011-02-18,5458.9501953125,-0.01590161932654793,0.01590161932654793,0.00025286149720644263,24.18000030517578
2011-02-21,5518.60009765625,0.01086772327922514,0.01086772327922514,0.00011810740927381204,24.90999984741211
2011-02-22,5469.2001953125,-0.008991833464499622,0.008991833464499622,8.085306905329527e-05,26.850000381469727
2011-02-23,5437.35009765625,-0.0058405613764712025,0.0058405613764712025,3.411215719232719e-05,26.549999237060547
2011-02-24,5262.7001953125,-0.03264758763813046,0.03264758763813046,0.0010658649785894086,28.200000762939453
2011-02-25,5303.5498046875,0.0077321306790641905,0.0077321306790641905,5.9785844838125664e-05,27.270000457763672
2011-02-28,5333.25,0.00558443762100127,0.00558443762100127,3.118594354285432e-05,24.399999618530273
2011-03-01,5522.2998046875,0.03483359635665696,0.03483359635665696,0.0012133794351385052,22.219999313354492
2011-03-03,5536.2001953125,0.0025139753033331146,0.0025139753033331146,6.320071825768825e-06,22.959999084472656
2011-03-04,5538.75,0.0004604634219720642,0.0004604634219720642,2.1202656297422325e-07,22.90999984741211
2011-03-07,5463.14990234375,-0.013743314929411162,0.013743314929411162,0.00018887870524897574,25.219999313354492
2011-03-08,5520.7998046875,0.010497213344531289,0.010497213344531289,0.00011019148800060578,23.670000076293945
2011-03-09,5531.0,0.0018458890658586942,0.0018458890658586942,3.4073064434566826e-06,23.280000686645508
2011-03-10,5494.39990234375,-0.006639257065300575,0.006639257065300575,4.40797343791436e-05,23.530000686645508
2011-03-11,5445.4501953125,-0.008948940481997226,0.008948940481997226,8.008353575032874e-05,24.1299991607666
2011-03-14,5531.5,0.01567859302758532,0.01567859302758532,0.00024581827932464704,23.299999237060547
2011-03-15,5449.64990234375,-0.014907657983095256,0.014907657983095256,0.0002222382665409437,26.6299991607666
2011-03-16,5511.14990234375,0.01122192659188634,0.01122192659188634,0.00012593163643368578,24.889999389648438
2011-03-17,5446.64990234375,-0.011772572247673354,0.011772572247673354,0.00013859345732668884,25.260000228881836
2011-03-18,5373.7001953125,-0.013484002212295716,0.013484002212295716,0.00018181831566119576,25.889999389648438
2011-03-21,5364.75,-0.0016669439671844774,0.0016669439671844774,2.778702189732724e-06,25.209999084472656
2011-03-22,5413.85009765625,0.009110726224509216,0.009110726224509216,8.300533233795996e-05,22.260000228881836
2011-03-23,5480.25,0.012190217458324736,0.012190217458324736,0.00014860140168124517,20.969999313354492
2011-03-24,5522.39990234375,0.007661810366167588,0.007661810366167588,5.870333808711311e-05,19.84000015258789
2011-03-25,5654.25,0.023594944054316423,0.023594944054316423,0.0005567213849263219,20.469999313354492
2011-03-28,5687.25,0.005819352489233676,0.005819352489233676,3.386486339395018e-05,21.020000457763672
2011-03-29,5736.35009765625,0.008596309323982254,0.008596309323982254,7.389653399358424e-05,21.219999313354492
2011-03-30,5787.64990234375,0.008903183538841914,0.008903183538841914,7.926667712630562e-05,22.040000915527344
2011-03-31,5833.75,0.007933698152046535,0.007933698152046535,6.29435663677866e-05,22.18000030517578
2011-04-01,5826.0498046875,-0.0013208110878279227,0.0013208110878279227,1.7445419297291807e-06,20.110000610351562
2011-04-04,5908.4501953125,0.014044355538836166,0.014044355538836166,0.0001972439225012381,20.059999465942383
2011-04-05,5910.0498046875,0.00027069583868808463,0.00027069583868808463,7.327623708304553e-08,19.899999618530273
2011-04-06,5891.75,-0.0031011912855171014,0.0031011912855171014,9.617387389367212e-06,20.360000610351562
2011-04-07,5885.7001953125,-0.001027353989069185,0.001027353989069185,1.0554562188563671e-06,20.31999969482422
2011-04-08,5842.0,-0.007452509331449193,0.007452509331449193,5.55398953353373e-05,20.540000915527344
2011-04-11,5785.7001953125,-0.009683814289420984,0.009683814289420984,9.377625919199404e-05,21.239999771118164
2011-04-13,5911.5,0.021510216644902755,0.021510216644902755,0.0004626894201106515,20.40999984741211
2011-04-15,5824.5498046875,-0.014817896604968487,0.014817896604968487,0.00021957005979553662,21.59000015258789
2011-04-18,5729.10009765625,-0.01652324234306882,0.01652324234306882,0.0002730175375277824,22.450000762939453
2011-04-19,5740.75,0.0020313964438487763,0.0020313964438487763,4.1265715120814545e-06,22.06999969482422
2011-04-20,5851.64990234375,0.01913379225131961,0.01913379225131961,0.00036610200591665837,20.989999771118164
2011-04-21,5884.7001953125,0.005632139474262156,0.005632139474262156,3.1720995057541994e-05,20.510000228881836
2011-04-25,5874.5,-0.0017348455169341906,0.0017348455169341906,3.009688967626659e-06,20.90999984741211
2011-04-26,5868.39990234375,-0.00103894238317352,0.00103894238317352,1.0794012755542732e-06,21.709999084472656
2011-04-27,5833.89990234375,-0.005896293981322488,0.005896293981322488,3.47662827141798e-05,21.350000381469727
2011-04-28,5785.4501953125,-0.008339534900220089,0.008339534900220089,6.954784235198888e-05,20.920000076293945
2011-04-29,5749.5,-0.006233284254191724,0.006233284254191724,3.8853832593554473e-05,19.579999923706055
2011-05-02,5701.2998046875,-0.008418709752226371,0.008418709752226371,7.08746738922314e-05,20.8799991607666
2011-05-03,5565.25,-0.024152277406054596,0.024152277406054596,0.0005833325038990153,21.579999923706055
2011-05-04,5537.14990234375,-0.005061997028756225,0.005061997028756225,2.5623813919136853e-05,21.18000030517578
2011-05-05,5459.85009765625,-0.014058575581329499,0.014058575581329499,0.00019764354737595406,21.600000381469727
2011-05-06,5551.4501953125,0.016637855340857616,0.016637855340857616,0.0002768182303433043,20.969999313354492
2011-05-09,5551.10009765625,-6.306616896621993e-05,6.306616896621993e-05,3.977341668075802e-09,21.5
2011-05-10,5541.25,-0.0017760168329809282,0.0017760168329809282,3.1542357910316063e-06,21.739999771118164
2011-05-11,5565.0498046875,0.004285827239714357,0.004285827239714357,1.8368315128677582e-05,21.239999771118164
2011-05-12,5486.14990234375,-0.01427921764981002,0.01427921764981002,0.000203896056690646,21.229999542236328
2011-05-13,5544.75,0.010624817456151603,0.010624817456151603,0.0001128867459765438,20.6299991607666
2011-05-16,5499.0,-0.008285276597504446,0.008285276597504446,6.864580829715485e-05,21.459999084472656
2011-05-17,5438.9501953125,-0.010980194083480721,0.010980194083480721,0.00012056466211090504,21.030000686645508
2011-05-18,5420.60009765625,-0.0033795349947825953,0.0033795349947825953,1.1421256780960196e-05,20.709999084472656
2011-05-19,5428.10009765625,0.0013826543382725416,0.0013826543382725416,1.91173301914388e-06,20.40999984741211
2011-05-20,5486.35009765625,0.010674024255009313,0.010674024255009313,0.00011393479379652712,19.450000762939453
2011-05-23,5386.5498046875,-0.01835813752553947,0.01835813752553947,0.00033702121340662046,21.040000915527344
2011-05-24,5394.85009765625,0.0015397433883911405,0.0015397433883911405,2.370809702094231e-06,19.93000030517578
2011-05-25,5348.9501953125,-0.008544496425544794,0.008544496425544794,7.300841916614777e-05,20.65999984741211
2011-05-26,5412.35009765625,0.011783080883934626,0.011783080883934626,0.00013884099511734561,19.18000030517578
2011-05-27,5476.10009765625,0.01170978923544845,0.01170978923544845,0.00013711916393862442,17.25
2011-05-30,5473.10009765625,-0.0005479852448685878,0.0005479852448685878,3.0028782859368614e-07,17.8700008392334
2011-06-01,5592.0,0.021491803578991553,0.021491803578991553,0.0004618976210779541,16.729999542236328
2011-06-02,5550.35009765625,-0.007475998503883324,0.007475998503883324,5.58905536300657e-05,17.979999542236328
2011-06-03,5516.75,-0.0060720876465728746,0.0060720876465728746,3.6870248387662913e-05,17.610000610351562
2011-06-06,5532.0498046875,0.0027694979974720634,0.0027694979974720634,7.670119158001768e-06,18.209999084472656
2011-06-07,5556.14990234375,0.004346988013065479,0.004346988013065479,1.889630478573496e-05,18.030000686645508
2011-06-08,5526.85009765625,-0.005287354136339274,0.005287354136339274,2.7956113763064034e-05,18.579999923706055
2011-06-09,5521.0498046875,-0.0010500264399477862,0.0010500264399477862,1.102555524589422e-06,18.579999923706055
2011-06-10,5485.7998046875,-0.006405124402290038,0.006405124402290038,4.102561860881132e-05,18.540000915527344
2011-06-13,5482.7998046875,-0.0005470160606905956,0.0005470160606905956,2.9922657065345734e-07,18.90999984741211
2011-06-14,5500.5,0.0032231134450305594,0.0032231134450305594,1.038846027953676e-05,18.510000228881836
2011-06-15,5447.5,-0.00968220936071541,0.00968220936071541,9.37451781047251e-05,19.139999389648438
2011-06-16,5396.75,-0.009359867303788395,0.009359867303788395,8.760711594452703e-05,19.65999984741211
2011-06-17,5366.39990234375,-0.005639646083818007,0.005639646083818007,3.1805607950723785e-05,20.270000457763672
2011-06-20,5257.89990234375,-0.020425585533706467,0.020425585533706467,0.00041720454439475894,22.18000030517578
2011-06-21,5275.85009765625,0.0034081334163708894,0.0034081334163708894,1.161537338378391e-05,21.309999465942383
2011-06-22,5278.2998046875,0.0004642168432151349,0.0004642168432151349,2.1549727752462514e-07,20.889999389648438
2011-06-23,5320.0,0.007869264178642029,0.007869264178642029,6.192531871325861e-05,19.5
2011-06-24,5471.25,0.028033806169414976,0.028033806169414976,0.0007858942883443292,19.31999969482422
2011-06-27,5526.60009765625,0.010065706387361805,0.010065706387361805,0.00010131844507657623,19.989999771118164
2011-06-28,5545.2998046875,0.00337787100253908,0.00337787100253908,1.1410012509794367e-05,19.489999771118164
2011-06-29,5600.4501953125,0.009896299617058683,0.009896299617058683,9.793674611059582e-05,19.459999084472656
2011-06-30,5647.39990234375,0.008348258431096389,0.008348258431096389,6.969341883237194e-05,18.40999984741211
2011-07-01,5627.2001953125,-0.0035832275147961966,0.0035832275147961966,1.2839519422792526e-05,18.209999084472656
2011-07-04,5650.5,0.0041320193718407065,0.0041320193718407065,1.7073584089266866e-05,18.170000076293945
2011-07-05,5632.10009765625,-0.0032616450989141907,0.0032616450989141907,1.063832875127096e-05,18.25
2011-07-06,5625.4501953125,-0.0011814121090557134,0.0011814121090557134,1.3957345714234688e-06,18.34000015258789
2011-07-07,5728.9501953125,0.018231322343836034,0.018231322343836034,0.00033238111440485503,18.6200008392334
2011-07-08,5660.64990234375,-0.011993592594938669,0.011993592594938669,0.00014384626333336766,18.670000076293945
2011-07-11,5616.10009765625,-0.007901219137585697,0.007901219137585697,6.242926386015047e-05,19.690000534057617
2011-07-12,5526.14990234375,-0.01614613735199751,0.01614613735199751,0.0002606977513895691,20.829999923706055
2011-07-13,5585.4501953125,0.010673684337305226,0.010673684337305226,0.00011392753733243492,19.520000457763672
2011-07-15,5581.10009765625,-0.0007791301274212043,0.0007791301274212043,6.07043755455382e-07,19.950000762939453
2011-07-18,5567.0498046875,-0.002520651503807869,0.002520651503807869,6.3536840036488725e-06,20.200000762939453
2011-07-19,5613.5498046875,0.008318027607452367,0.008318027607452367,6.918958327833975e-05,19.25
2011-07-20,5567.0498046875,-0.008318027607452325,0.008318027607452325,6.918958327833904e-05,19.110000610351562
2011-07-21,5541.60009765625,-0.004581970226838186,0.004581970226838186,2.0994451159631575e-05,18.75
2011-07-22,5633.9501953125,0.01652754404382657,0.01652754404382657,0.0002731597121206271,17.90999984741211
2011-07-25,5680.2998046875,0.00819318446303973,0.00819318446303973,6.712827164539564e-05,19.200000762939453
2011-07-26,5574.85009765625,-0.018738585183611912,0.018738585183611912,0.0003511345746834799,19.299999237060547
2011-07-27,5546.7998046875,-0.005044278986077197,0.005044278986077197,2.544475048937999e-05,18.25
2011-07-28,5487.75,-0.01070281423571575,0.01070281423571575,0.00011455023256423972,18.510000228881836
2011-07-29,5482.0,-0.0010483375695179318,0.0010483375695179318,1.0990116596627646e-06,19.770000457763672
2011-08-01,5516.7998046875,0.006327948763364648,0.006327948763364648,4.004293555176818e-05,18.780000686645508
2011-08-02,5456.5498046875,-0.010981260525951745,0.010981260525951745,0.00012058808273882601,19.149999618530273
2011-08-03,5404.7998046875,-0.009529274623523588,0.009529274623523588,9.080707485053061e-05,19.479999542236328
2011-08-04,5331.7998046875,-0.013598555890485751,0.013598555890485751,0.00018492072230666471,20.219999313354492
2011-08-05,5211.25,-0.022869105391128044,0.022869105391128044,0.0005229959813905217,24.899999618530273
2011-08-08,5118.5,-0.0179583228351812,0.0179583228351812,0.00032250135905259055,28.780000686645508
2011-08-09,5072.85009765625,-0.008958618282299595,0.008958618282299595,8.025684152795255e-05,34.880001068115234
2011-08-10,5161.0,0.017227550071201244,0.017227550071201244,0.00029678848145574596,28.950000762939453
2011-08-11,5138.2998046875,-0.004408111716545394,0.004408111716545394,1.9431448905544783e-05,29.09000015258789
2011-08-12,5072.9501953125,-0.012799706514216911,0.012799706514216911,0.00016383248685008684,27.020000457763672
2011-08-16,5035.7998046875,-0.007350178385929561,0.007350178385929561,5.4025122304986084e-05,26.459999084472656
2011-08-17,5056.60009765625,0.0041219774525322675,0.0041219774525322675,1.69906981191844e-05,25.479999542236328
2011-08-18,4944.14990234375,-0.022489300253336914,0.022489300253336914,0.0005057686258847398,27.450000762939453
2011-08-19,4845.64990234375,-0.02012366463152472,0.02012366463152472,0.000404961878202079,29.190000534057617
2011-08-22,4898.7998046875,0.010908862177967734,0.010908862177967734,0.00011900327401789493,27.079999923706055
2011-08-23,4948.89990234375,0.010175072634902792,0.010175072634902792,0.00010353210312554765,25.920000076293945
2011-08-24,4888.89990234375,-0.012198000598804451,0.012198000598804451,0.00014879121860843374,28.600000381469727
2011-08-25,4839.60009765625,-0.010135216467870713,0.010135216467870713,0.0001027226128505977,27.940000534057617
2011-08-26,4747.7998046875,-0.01915078114017379,0.01915078114017379,0.0003667524182788362,33.2599983215332
2011-08-29,4919.60009765625,0.035545934512972804,0.035545934512972804,0.0012635134604005512,26.06999969482422
2011-08-30,5001.0,0.016410646200203265,0.016410646200203265,0.00026930930870824584,24.8799991607666
2011-09-02,5040.0,0.007768189646510544,0.007768189646510544,6.034477038415361e-05,26.09000015258789
2011-09-05,5017.2001953125,-0.00453403398630976,0.00453403398630976,2.0557464189011976e-05,27.829999923706055
2011-09-06,5064.2998046875,0.009343838129813015,0.009343838129813015,8.730731099614757e-05,28.65999984741211
2011-09-07,5124.64990234375,0.011846324726533429,0.011846324726533429,0.00014033540952647732,27.860000610351562
2011-09-08,5153.25,0.005565372643843948,0.005565372643843948,3.097337266484657e-05,27.639999389648438
2011-09-09,5059.4501953125,-0.0183697632542546,0.0183697632542546,0.0003374482020173626,28.149999618530273
2011-09-12,4946.7998046875,-0.022516956939733934,0.022516956939733934,0.0005070133498258322,32.75
2011-09-13,4940.9501953125,-0.0011832034704437695,0.0011832034704437695,1.3999704524701803e-06,32.77000045776367
2011-09-14,5012.5498046875,0.014387068747856058,0.014387068747856058,0.00020698774715553647,32.45000076293945
2011-09-15,5075.7001953125,0.012519756250054883,0.012519756250054883,0.0001567442965607883,30.790000915527344
2011-09-16,5084.25,0.0016830410664110814,0.0016830410664110814,2.83262723122615e-06,28.450000762939453
2011-09-19,5031.9501953125,-0.010339904240795181,0.010339904240795181,0.00010691361970881417,29.600000381469727
2011-09-20,5140.2001953125,0.021284405456725344,0.021284405456725344,0.00045302591564627963,27.25
2011-09-21,5133.25,-0.0013530403595068234,0.0013530403595068234,1.8307182144543539e-06,27.670000076293945
2011-09-22,4923.64990234375,-0.041688881314134854,0.041688881314134854,0.0017379628252240222,33.880001068115234
2011-09-23,4867.75,-0.011418287525742744,0.011418287525742744,0.00013037729002053234,35.15999984741211
2011-09-26,4835.39990234375,-0.006667982633315816,0.006667982633315816,4.446199239820132e-05,35.43000030517578
2011-09-27,4971.25,0.027707482159485847,0.027707482159485847,0.0007677045676182265,32.0099983215332
2011-09-28,4945.89990234375,-0.005112386748091802,0.005112386748091802,2.613649826206467e-05,32.0
2011-09-29,5015.4501953125,0.013964256346404452,0.013964256346404452,0.000195000455308097,31.06999969482422
2011-09-30,4943.25,-0.014500177519274064,0.014500177519274064,0.00021025514809046097,31.940000534057617
2011-10-03,4849.5,-0.019147402767341518,0.019147402767341518,0.0003666230327347976,35.06999969482422
2011-10-04,4772.14990234375,-0.016078690212319283,0.016078690212319283,0.00025852427894373193,37.189998626708984
2011-10-05,4751.2998046875,-0.004378692933928154,0.004378692933928154,1.917295180963235e-05,35.369998931884766
2011-10-07,4888.0498046875,0.028375187287192356,0.028375187287192356,0.0008051512535832427,33.02000045776367
2011-10-10,4979.60009765625,0.01855617514435224,0.01855617514435224,0.0003443316359878759,30.030000686645508
2011-10-11,4974.35009765625,-0.0010548576964528867,0.0010548576964528867,1.1127247597658905e-06,30.299999237060547
2011-10-12,5099.39990234375,0.024828138159656368,0.024828138159656368,0.0006164364444749846,28.40999984741211
2011-10-13,5077.85009765625,-0.00423490371061113,0.00423490371061113,1.7934409438147914e-05,28.239999771118164
2011-10-14,5132.2998046875,0.010665900841971407,0.010665900841971407,0.00011376144077076636,25.979999542236328
2011-10-17,5118.25,-0.0027412799807702906,0.0027412799807702906,7.514615932971965e-06,25.43000030517578
2011-10-18,5037.5,-0.015902656477749584,0.015902656477749584,0.0002528944830493108,25.899999618530273
2011-10-19,5139.14990234375,0.019977749866985615,0.019977749866985615,0.0003991104897478437,24.049999237060547
2011-10-20,5091.89990234375,-0.009236654465073555,0.009236654465073555,8.531578570716324e-05,25.600000381469727
2011-10-21,5049.9501953125,-0.008272641750434453,0.008272641750434453,6.843660153103121e-05,26.299999237060547
2011-10-24,5098.35009765625,0.009538596201786407,0.009538596201786407,9.098481750073407e-05,25.219999313354492
2011-10-25,5191.60009765625,0.018124976515835178,0.018124976515835178,0.0003285147736995767,22.309999465942383
2011-10-28,5360.7001953125,0.03205264636282784,0.03205264636282784,0.001027372138860501,20.889999389648438
2011-10-31,5326.60009765625,-0.006381445723893785,0.006381445723893785,4.0722849527002266e-05,22.65999984741211
2011-11-01,5257.9501953125,-0.012971900191361616,0.012971900191361616,0.0001682701945746475,24.020000457763672
2011-11-02,5258.4501953125,9.508957091864603e-05,9.508957091864603e-05,9.042026497492213e-09,24.889999389648438
2011-11-03,5265.75,0.001387241922938985,0.001387241922938985,1.924440152759453e-06,24.65999984741211
2011-11-04,5284.2001953125,0.003497687435602619,0.003497687435602619,1.2233817397172424e-05,23.43000030517578
2011-11-08,5289.35009765625,0.0009741104185977595,0.0009741104185977595,9.488911076207022e-07,23.709999084472656
2011-11-09,5221.0498046875,-0.012996889754193604,0.012996889754193604,0.00016891914328266269,24.299999237060547
2011-11-11,5168.85009765625,-0.01004824814991453,0.01004824814991453,0.00010096729088226077,24.739999771118164
2011-11-14,5148.35009765625,-0.003973951574149737,0.003973951574149737,1.5792291113687173e-05,25.290000915527344
2011-11-15,5068.5,-0.01563137811895635,0.01563137811895635,0.00024433998189778735,25.969999313354492
2011-11-16,5030.4501953125,-0.007535433683540195,0.007535433683540195,5.678276079903215e-05,25.040000915527344
2011-11-17,4934.75,-0.01920746911581733,0.01920746911581733,0.0003689268698350765,26.920000076293945
2011-11-18,4905.7998046875,-0.005883874256683862,0.005883874256683862,3.461997626846708e-05,26.579999923706055
2011-11-21,4778.35009765625,-0.026322819719387578,0.026322819719387578,0.0006928908379793795,28.610000610351562
2011-11-22,4812.35009765625,0.007090231524927415,0.007090231524927415,5.027138307707453e-05,27.350000381469727
2011-11-23,4706.4501953125,-0.02225160074786096,0.02225160074786096,0.0004951337358422064,30.68000030517578
2011-11-25,4710.0498046875,0.0007645323740951998,0.0007645323740951998,5.845097510396425e-07,29.1200008392334
2011-11-28,4851.2998046875,0.02954818779399277,0.02954818779399277,0.0008730954019090634,26.639999389648438
2011-11-29,4805.10009765625,-0.009568795826361632,0.009568795826361632,9.156185356659578e-05,26.8700008392334
2011-11-30,4832.0498046875,0.00559289365719913,0.00559289365719913,3.128045946073826e-05,26.549999237060547
2011-12-01,4936.85009765625,0.021456727931786077,0.021456727931786077,0.00046039117353868883,25.020000457763672
2011-12-02,5050.14990234375,0.02269043070647762,0.02269043070647762,0.0005148556456454625,23.989999771118164
2011-12-05,5039.14990234375,-0.00218052879217037,0.00218052879217037,4.754705813483972e-06,25.020000457763672
2011-12-07,5062.60009765625,0.004642806926756286,0.004642806926756286,2.1555656159136146e-05,26.459999084472656
2011-12-08,4943.64990234375,-0.023776299598409673,0.023776299598409673,0.000565312422593336,28.579999923706055
2011-12-09,4866.7001953125,-0.01568777554509722,0.01568777554509722,0.00024610630155335033,29.530000686645508
2011-12-12,4764.60009765625,-0.02120252082692823,0.02120252082692823,0.00044954688941632536,29.270000457763672
2011-12-13,4800.60009765625,0.007527321801210558,0.007527321801210558,5.666057349897976e-05,28.110000610351562
2011-12-14,4763.25,-0.007810722075448438,0.007810722075448438,6.100737933989756e-05,28.790000915527344
2011-12-15,4746.35009765625,-0.003554286186905766,0.003554286186905766,1.2632950298429129e-05,28.809999465942383
2011-12-16,4651.60009765625,-0.02016465475128,0.02016465475128,0.0004066133012383191,29.690000534057617
2011-12-19,4613.10009765625,-0.008311164053918654,0.008311164053918654,6.907544793114955e-05,30.579999923706055
2011-12-20,4544.2001953125,-0.015048365861574937,0.015048365861574937,0.00022645331510381402,30.530000686645508
2011-12-21,4693.14990234375,0.03225224047519715,0.03225224047519715,0.0010402070156699452,27.530000686645508
2011-12-22,4733.85009765625,0.00863486755049247,0.00863486755049247,7.456093761454783e-05,26.84000015258789
2011-12-23,4714.0,-0.00420204102712772,0.00420204102712772,1.7657148793664588e-05,27.389999389648438
2011-12-27,4750.5,0.007713071150727649,0.007713071150727649,5.949146657618715e-05,26.290000915527344
2011-12-28,4705.7998046875,-0.00945412670476182,0.00945412670476182,8.93805117496906e-05,26.739999771118164
2011-12-29,4646.25,-0.012735306330580514,0.012735306330580514,0.00016218802733372414,26.6200008392334
2011-12-30,4624.2998046875,-0.004735476707182386,0.004735476707182386,2.2424739644266937e-05,27.110000610351562
2012-01-03,4765.2998046875,0.03003548729238125,0.03003548729238125,0.0009021304968907956,26.15999984741211
2012-01-04,4749.64990234375,-0.0032895426540406015,0.0032895426540406015,1.0821090872752484e-05,26.40999984741211
2012-01-05,4749.9501953125,6.322223372845206e-05,6.322223372845206e-05,3.9970508376150216e-09,25.90999984741211
2012-01-06,4754.10009765625,0.0008732913820035912,0.0008732913820035912,7.626378378817423e-07,25.459999084472656
2012-01-09,4742.7998046875,-0.0023797867552800087,0.0023797867552800087,5.6633850006061525e-06,25.68000030517578
2012-01-10,4849.5498046875,0.022258239444290267,0.022258239444290267,0.0004954292231593591,24.0
2012-01-11,4860.9501953125,0.002348055375701594,0.002348055375701594,5.513364047361153e-06,24.540000915527344
2012-01-12,4831.25,-0.006128698887331798,0.006128698887331798,3.7560950051582014e-05,24.030000686645508
2012-01-13,4866.0,0.0071670110077358545,0.0071670110077358545,5.136604678500691e-05,23.479999542236328
2012-01-16,4873.89990234375,0.0016221735654996564,0.0016221735654996564,2.631447076605868e-06,24.06999969482422
2012-01-17,4967.2998046875,0.01898197568577206,0.01898197568577206,0.0003603154009352416,22.610000610351562
2012-01-18,4955.7998046875,-0.0023178251959906026,0.0023178251959906026,5.372313639168875e-06,22.68000030517578
2012-01-19,5018.39990234375,0.012552569924145546,0.012552569924145546,0.00015756701170056332,21.68000030517578
2012-01-20,5048.60009765625,0.005999858132263353,0.005999858132263353,3.59982976072867e-05,21.959999084472656
2012-01-23,5046.25,-0.000465603288007518,0.000465603288007518,2.1678642180341174e-07,22.139999389648438
2012-01-24,5127.35009765625,0.015943582375194214,0.015943582375194214,0.0002541978189546036,21.420000076293945
2012-01-25,5158.2998046875,0.006018054422187115,0.006018054422187115,3.621697902840589e-05,21.020000457763672
2012-01-27,5204.7001953125,0.008955071062037441,0.008955071062037441,8.019329772614038e-05,21.700000762939453
2012-01-30,5087.2998046875,-0.022814901479942987,0.022814901479942987,0.0005205197295395046,23.459999084472656
2012-01-31,5199.25,0.021767184851403856,0.021767184851403856,0.0004738103363551855,22.65999984741211
2012-02-01,5235.7001953125,0.006986203648760355,0.006986203648760355,4.88070414219525e-05,22.889999389648438
2012-02-02,5269.89990234375,0.006510780445565732,0.006510780445565732,4.2390262010361106e-05,23.690000534057617
2012-02-03,5325.85009765625,0.01056097309606885,0.01056097309606885,0.00011153415273589008,24.09000015258789
2012-02-06,5361.64990234375,0.006699403711750445,0.006699403711750445,4.488201009301564e-05,24.6200008392334
2012-02-07,5335.14990234375,-0.004954763050203981,0.004954763050203981,2.4549676883666655e-05,24.90999984741211
2012-02-08,5368.14990234375,0.006166342187456197,0.006166342187456197,3.802377597280208e-05,24.270000457763672
2012-02-09,5412.35009765625,0.008200072906646953,0.008200072906646953,6.72411956743254e-05,23.299999237060547
2012-02-10,5381.60009765625,-0.005697651486356129,0.005697651486356129,3.2463232459976206e-05,23.829999923706055
2012-02-13,5390.2001953125,0.0015967803430544996,0.0015967803430544996,2.5497074639652457e-06,23.709999084472656
2012-02-14,5416.0498046875,0.004784205192390807,0.004784205192390807,2.288861932289916e-05,22.709999084472656
2012-02-15,5531.9501953125,0.02117367933441728,0.02117367933441728,0.00044832469655672934,22.100000381469727
2012-02-16,5521.9501953125,-0.001809316598601389,0.001809316598601389,3.2736265539745e-06,23.329999923706055
2012-02-17,5564.2998046875,0.007640061404398583,0.007640061404398583,5.837053826298085e-05,24.18000030517578
2012-02-21,5607.14990234375,0.007671396090022358,0.007671396090022358,5.885031797001032e-05,26.25
2012-02-22,5505.35009765625,-0.018322187184283887,0.018322187184283887,0.0003357025432159367,26.799999237060547
2012-02-23,5483.2998046875,-0.004013290579059847,0.004013290579059847,1.610650127197052e-05,24.329999923706055
2012-02-24,5429.2998046875,-0.009896897659749845,0.009896897659749845,9.794858328756196e-05,24.81999969482422
2012-02-27,5281.2001953125,-0.027656794612663387,0.027656794612663387,0.0007648982882470465,27.3799991607666
2012-02-28,5375.5,0.01769821133763864,0.01769821133763864,0.0003132266845517209,25.850000381469727
2012-02-29,5385.2001953125,0.0018028934481800647,0.0018028934481800647,3.250424785490604e-06,26.93000030517578
2012-03-01,5339.75,-0.008475650994548561,0.008475650994548561,7.183665978139202e-05,27.670000076293945
2012-03-02,5359.35009765625,0.0036638818972382233,0.0036638818972382233,1.3424030556909962e-05,27.84000015258789
2012-03-05,5280.35009765625,-0.01485031539972594,0.01485031539972594,0.00022053186747133738,28.920000076293945
2012-03-06,5222.39990234375,-0.01103535424618985,0.01103535424618985,0.00012177904333890037,27.34000015258789
2012-03-07,5220.4501953125,-0.0003734051596396779,0.0003734051596396779,1.3943141324553332e-07,26.329999923706055
2012-03-09,5333.5498046875,0.021433378638431977,0.021433378638431977,0.0004593897198583922,25.469999313354492
2012-03-12,5359.5498046875,0.004862958765541654,0.004862958765541654,2.3648367955358407e-05,26.270000457763672
2012-03-13,5429.5,0.012967068782384641,0.012967068782384641,0.00016814487280709432,24.75
2012-03-14,5463.89990234375,0.0063157539426588645,0.0063157539426588645,3.988874786421099e-05,24.719999313354492
2012-03-15,5380.5,-0.015381495959166968,0.015381495959166968,0.00023659041794186976,25.420000076293945
2012-03-16,5317.89990234375,-0.011702836439644667,0.011702836439644667,0.00013695638073307507,23.1299991607666
2012-03-19,5257.0498046875,-0.011508474451056095,0.011508474451056095,0.00013244498419061088,22.969999313354492
2012-03-20,5274.85009765625,0.0033802656848120043,0.0033802656848120043,1.1426196099917568e-05,21.940000534057617
2012-03-21,5364.9501953125,0.01693683132759836,0.01693683132759836,0.00028685625541951723,21.0
2012-03-22,5228.4501953125,-0.02577218838569368,0.02577218838569368,0.0006642056941876842,24.770000457763672
2012-03-23,5278.2001953125,0.009470263113838983,0.009470263113838983,8.968588344533923e-05,23.34000015258789
2012-03-26,5184.25,-0.017959984312352094,0.017959984312352094,0.0003225610364999333,26.739999771118164
2012-03-27,5243.14990234375,0.011297260934515444,0.011297260934515444,0.00012762810462252876,25.049999237060547
2012-03-28,5194.75,-0.009273943932475727,0.009273943932475727,8.600603606270335e-05,24.8700008392334
2012-03-29,5178.85009765625,-0.0030654574390867073,0.0030654574390867073,9.397029310852033e-06,24.329999923706055
2012-03-30,5295.5498046875,0.02228376559490159,0.02228376559490159,0.0004965662090885199,22.3799991607666
2012-04-02,5317.89990234375,0.004211661864997884,0.004211661864997884,1.7738095665077458e-05,20.8799991607666
2012-04-03,5358.5,0.007605614952249603,0.007605614952249603,5.784537880188273e-05,20.010000228881836
2012-04-04,5322.89990234375,-0.006665835901845565,0.006665835901845565,4.443336827033328e-05,20.6299991607666
2012-04-09,5234.39990234375,-0.016766043352304694,0.016766043352304694,0.0002811002096913604,22.329999923706055
2012-04-10,5243.60009765625,0.0017560980486462775,0.0017560980486462775,3.083880356459264e-06,21.920000076293945
2012-04-11,5226.85009765625,-0.0031994831122376596,0.0031994831122376596,1.023669218549398e-05,22.290000915527344
2012-04-12,5276.85009765625,0.00952052643128076,0.00952052643128076,9.064042352871558e-05,21.780000686645508
2012-04-13,5207.4501953125,-0.013239017207444477,0.013239017207444477,0.00017527157661901096,22.75
2012-04-16,5226.2001953125,0.0035941438484491926,0.0035941438484491926,1.2917870003345172e-05,22.229999542236328
2012-04-17,5289.7001953125,0.012077096484755998,0.012077096484755998,0.00014585625950210568,20.309999465942383
2012-04-18,5300.0,0.0019452501478614526,0.0019452501478614526,3.7839981377550033e-06,20.030000686645508
2012-04-19,5332.39990234375,0.006094579385556793,0.006094579385556793,3.7143897886853816e-05,19.350000381469727
2012-04-20,5290.85009765625,-0.007822467994285074,0.007822467994285074,6.119100552161435e-05,20.09000015258789
2012-04-23,5200.60009765625,-0.017204909624993044,0.017204909624993044,0.0002960089152041783,21.56999969482422
2012-04-24,5222.64990234375,0.00423089488965838,0.00423089488965838,1.7900471567337393e-05,19.25
2012-04-25,5202.0,-0.003961750187553282,0.003961750187553282,1.5695464548578463e-05,18.940000534057617
2012-04-26,5189.0,-0.002502166640857171,0.002502166640857171,6.260837898618458e-06,18.739999771118164
2012-04-27,5190.60009765625,0.0003083158607018674,0.0003083158607018674,9.50586699603333e-08,17.889999389648438
2012-04-30,5248.14990234375,0.01102629869634238,0.01102629869634238,0.00012157926294096167,17.81999969482422
2012-05-02,5239.14990234375,-0.001716362147938504,0.001716362147938504,2.9458990228760753e-06,18.540000915527344
2012-05-03,5188.39990234375,-0.009733907132363178,0.009733907132363178,9.474894806147074e-05,19.25
2012-05-04,5086.85009765625,-0.019766547986143027,0.019766547986143027,0.000390716419288495,21.1200008392334
2012-05-07,5114.14990234375,0.005352390914891362,0.005352390914891362,2.8648088505811587e-05,20.219999313354492
2012-05-08,4999.9501953125,-0.022583237144103662,0.022583237144103662,0.0005100025999068233,22.15999984741211
2012-05-09,4974.7998046875,-0.005042821909914006,0.005042821909914006,2.5430052815108747e-05,23.040000915527344
2012-05-10,4965.7001953125,-0.0018308157369825856,0.0018308157369825856,3.351886262783088e-06,22.719999313354492
2012-05-11,4928.89990234375,-0.0074384941865402255,0.0074384941865402255,5.533119576319273e-05,22.479999542236328
2012-05-14,4907.7998046875,-0.00429008318777997,0.00429008318777997,1.8404813758072346e-05,23.260000228881836
2012-05-15,4942.7998046875,0.007106196307577927,0.007106196307577927,5.049802596183417e-05,22.280000686645508
2012-05-16,4858.25,-0.01725364197067538,0.01725364197067538,0.000297688161252251,23.709999084472656
2012-05-17,4870.2001953125,0.0024567533539605795,0.0024567533539605795,6.035637042196556e-06,23.59000015258789
2012-05-18,4891.4501953125,0.004353778862483168,0.004353778862483168,1.895539038340523e-05,23.549999237060547
2012-05-22,4860.5,-0.00634750970013281,0.00634750970013281,4.0290879393280115e-05,24.389999389648438
2012-05-23,4835.64990234375,-0.005125777203313112,0.005125777203313112,2.6273591938004385e-05,27.1299991607666
2012-05-24,4921.39990234375,0.01757748695340402,0.01757748695340402,0.0003089680475970885,25.489999771118164
2012-05-25,4920.39990234375,-0.00020321486380266794,0.00020321486380266794,4.129628087033688e-08,25.139999389648438
2012-05-28,4985.64990234375,0.013173958334390843,0.013173958334390843,0.00017355317819626594,23.68000030517578
2012-05-29,4990.10009765625,0.0008922027131203923,0.0008922027131203923,7.960256812993891e-07,24.030000686645508
2012-05-30,4950.75,-0.007916888957933466,0.007916888957933466,6.267713077224883e-05,25.299999237060547
2012-05-31,4924.25,-0.005367101491185887,0.005367101491185887,2.8805778416689772e-05,25.25
2012-06-01,4841.60009765625,-0.01692671398152418,0.01692671398152418,0.0002865136462123262,26.770000457763672
2012-06-04,4848.14990234375,0.001351903957286658,0.001351903957286658,1.8276443097273258e-06,25.600000381469727
2012-06-05,4863.2998046875,0.0031200109335819946,0.0031200109335819946,9.734468225671189e-06,26.260000228881836
2012-06-06,4997.10009765625,0.02714058403860763,0.02714058403860763,0.0007366113019567233,24.899999618530273
2012-06-07,5049.64990234375,0.010461150903908,0.010461150903908,0.00010943567823433515,23.639999389648438
2012-06-08,5068.35009765625,0.0036964255001187096,0.0036964255001187096,1.3663561477927853e-05,23.469999313354492
2012-06-11,5054.10009765625,-0.0028155257153311976,0.0028155257153311976,7.927185053691252e-06,25.020000457763672
2012-06-12,5115.89990234375,0.01215350351575396,0.01215350351575396,0.00014770764770744387,24.200000762939453
2012-06-13,5121.4501953125,0.0010843223020839507,0.0010843223020839507,1.1757548547966385e-06,24.360000610351562
2012-06-14,5054.75,-0.01310924495287964,0.01310924495287964,0.00017185230323460033,25.709999084472656
2012-06-15,5139.0498046875,0.016539804211283652,0.016539804211283652,0.00027356512334759643,25.540000915527344
2012-06-18,5064.25,-0.014662147764778139,0.014662147764778139,0.00021497857707618857,22.600000381469727
2012-06-19,5103.85009765625,0.007789124317959819,0.007789124317959819,6.067045764063301e-05,21.43000030517578
2012-06-20,5120.5498046875,0.0032666409844854687,0.0032666409844854687,1.0670943321520192e-05,21.030000686645508
2012-06-21,5165.0,0.0086432855573779,0.0086432855573779,7.47063852263774e-05,19.940000534057617
2012-06-22,5146.0498046875,-0.003675710428627626,0.003675710428627626,1.3510847155121887e-05,20.579999923706055
2012-06-25,5114.64990234375,-0.006120440371459533,0.006120440371459533,3.745979034059171e-05,21.56999969482422
2012-06-26,5120.7998046875,0.001201686933128108,0.001201686933128108,1.4440514852508377e-06,20.229999542236328
2012-06-27,5141.89990234375,0.004112003271970844,0.004112003271970844,1.6908570908698925e-05,20.3700008392334
2012-06-28,5149.14990234375,0.0014089915678230246,0.0014089915678230246,1.985257238196385e-06,20.6200008392334
2012-06-29,5278.89990234375,0.0248860906366406,0.0248860906366406,0.000619317507175091,19.079999923706055
2012-07-02,5278.60009765625,-5.679463652956444e-05,5.679463652956444e-05,3.2256307385253356e-09,19.010000228881836
2012-07-03,5287.9501953125,0.001769754524874917,0.001769754524874917,3.1320310783152433e-06,18.559999465942383
2012-07-04,5302.5498046875,0.002757116023506428,0.002757116023506428,7.601688767075898e-06,18.270000457763672
2012-07-05,5327.2998046875,0.004656706469918981,0.004656706469918981,2.16849151469853e-05,18.350000381469727
2012-07-06,5316.9501953125,-0.0019446391500623072,0.0019446391500623072,3.7816214239550523e-06,18.040000915527344
2012-07-09,5275.14990234375,-0.007892770948501047,0.007892770948501047,6.229583324550212e-05,18.719999313354492
2012-07-10,5345.35009765625,0.0132199458969235,0.0132199458969235,0.00017476696951758446,17.829999923706055
2012-07-11,5306.2998046875,-0.007332285285333639,0.007332285285333639,5.37624075055202e-05,18.389999389648438
2012-07-12,5235.25,-0.013480158401750039,0.013480158401750039,0.00018171467053627215,18.709999084472656
2012-07-13,5227.25,-0.001529271504729059,0.001529271504729059,2.33867133517628e-06,18.260000228881836
2012-07-16,5197.25,-0.005755687624308978,0.005755687624308978,3.3127940028623535e-05,18.770000457763672
2012-07-17,5192.85009765625,-0.0008469413317297982,0.0008469413317297982,7.173096193922441e-07,17.780000686645508
2012-07-18,5216.2998046875,0.004505602651746632,0.004505602651746632,2.0300455255426285e-05,17.440000534057617
2012-07-19,5242.7001953125,0.00504836919305378,0.00504836919305378,2.5486031509374475e-05,16.3799991607666
2012-07-20,5205.10009765625,-0.007197737118262219,0.007197737118262219,5.1807419623609705e-05,16.889999389648438
2012-07-23,5117.9501953125,-0.016884926528955263,0.016884926528955263,0.00028510074388821724,18.65999984741211
2012-07-24,5128.2001953125,0.002000752092925557,0.002000752092925557,4.003008937345997e-06,16.969999313354492
2012-07-25,5109.60009765625,-0.00363361612631477,0.00363361612631477,1.3203166153414754e-05,16.75
2012-07-26,5043.0,-0.013119999282962123,0.013119999282962123,0.00017213438118492662,16.3700008392334
2012-07-27,5099.85009765625,0.01121000358729877,0.01121000358729877,0.0001256641804272513,16.440000534057617
2012-07-30,5199.7998046875,0.019408979065827576,0.019408979065827576,0.0003767084683777331,16.600000381469727
2012-07-31,5229.0,0.005599929458278862,0.005599929458278862,3.135920993769939e-05,16.010000228881836
2012-08-01,5240.5,0.0021968584221014834,0.0021968584221014834,4.82618692675822e-06,16.450000762939453
2012-08-02,5227.75,-0.0024359384433229802,0.0024359384433229802,5.933796099658784e-06,16.770000457763672
2012-08-03,5215.7001953125,-0.00230763010487979,0.00230763010487979,5.32515670094751e-06,16.1200008392334
2012-08-06,5282.5498046875,0.012735553625573123,0.012735553625573123,0.00016219432614984872,16.219999313354492
2012-08-07,5336.7001953125,0.010198622309721916,0.010198622309721916,0.00010401189701635759,16.209999084472656
2012-08-08,5338.0,0.0002435299671450816,0.0002435299671450816,5.930684489768453e-08,16.3700008392334
2012-08-09,5322.9501953125,-0.0028233533426232993,0.0028233533426232993,7.971324097302158e-06,16.329999923706055
2012-08-10,5320.39990234375,-0.00047922749776307234,0.00047922749776307234,2.296589946122555e-07,16.06999969482422
2012-08-13,5347.89990234375,0.005155472083349568,0.005155472083349568,2.6578892402196734e-05,16.010000228881836
2012-08-14,5380.35009765625,0.006049503744983293,0.006049503744983293,3.659649556056689e-05,15.640000343322754
2012-08-16,5362.9501953125,-0.00323921273413046,0.00323921273413046,1.049249913695293e-05,15.6899995803833
2012-08-17,5366.2998046875,0.0006243883745507009,0.0006243883745507009,3.8986084227406636e-07,15.729999542236328
2012-08-21,5421.0,0.01014167866750203,0.01014167866750203,0.00010285364619486576,16.299999237060547
2012-08-22,5412.85009765625,-0.0015045258717129944,0.0015045258717129944,2.2635980986537454e-06,16.0
2012-08-23,5415.35009765625,0.0004617572633175854,0.0004617572633175854,2.1321977022654588e-07,16.1200008392334
2012-08-24,5386.7001953125,-0.005304542887016916,0.005304542887016916,2.8138175240201762e-05,16.15999984741211
2012-08-27,5350.25,-0.0067896999946754025,0.0067896999946754025,4.610002601769516e-05,16.469999313354492
2012-08-29,5287.7998046875,-0.01174104537301993,0.01174104537301993,0.0001378521464513127,16.739999771118164
2012-08-30,5315.0498046875,0.005140138925224487,0.005140138925224487,2.6421028170607946e-05,16.670000076293945
2012-08-31,5258.5,-0.010696567362371883,0.010696567362371883,0.00011441655333775938,17.299999237060547
2012-09-03,5253.75,-0.0009037076407566584,0.0009037076407566584,8.166874999619655e-07,17.280000686645508
2012-09-04,5274.0,0.003846980593905577,0.003846980593905577,1.4799259689886105e-05,16.59000015258789
2012-09-05,5225.7001953125,-0.009200290386331456,0.009200290386331456,8.464534319282301e-05,17.010000228881836
2012-09-06,5238.39990234375,0.0024272920075337386,0.0024272920075337386,5.891746489837167e-06,16.979999542236328
2012-09-07,5342.10009765625,0.01960276282144217,0.01960276282144217,0.0003842683102337154,15.260000228881836
2012-09-10,5363.4501953125,0.003988608782709102,0.003988608782709102,1.5909000021504184e-05,15.270000457763672
2012-09-11,5390.0,0.004937923764457274,0.004937923764457274,2.4383091103591895e-05,15.380000114440918
2012-09-12,5431.0,0.007577894131802447,0.007577894131802447,5.7424479472805966e-05,15.039999961853027
2012-09-13,5435.35009765625,0.0008006548380166689,0.0008006548380166689,6.410481696394983e-07,15.670000076293945
2012-09-14,5577.64990234375,0.02584358933331103,0.02584358933331103,0.0006678911096288277,15.380000114440918
2012-09-17,5610.0,0.005783196310569196,0.005783196310569196,3.344535956658116e-05,17.780000686645508
2012-09-18,5600.0498046875,-0.0017752281388536857,0.0017752281388536857,3.151434944977921e-06,17.829999923706055
2012-09-20,5554.25,-0.00821209092065133,0.00821209092065133,6.7438437289044e-05,18.6200008392334
2012-09-21,5691.14990234375,0.024348919045650126,0.024348919045650126,0.0005928698586916234,18.93000030517578
2012-09-24,5669.60009765625,-0.003793733782301371,0.003793733782301371,1.4392416010974665e-05,18.829999923706055
2012-09-25,5673.89990234375,0.00075810903044665,0.00075810903044665,5.747293020447596e-07,17.110000610351562
2012-09-26,5663.4501953125,-0.0018434131257124254,0.0018434131257124254,3.398171952048854e-06,16.969999313354492
2012-09-27,5649.5,-0.0024662359760189018,0.0024662359760189018,6.082319889409905e-06,16.90999984741211
2012-09-28,5703.2998046875,0.009477874770864534,0.009477874770864534,8.983011017219045e-05,16.15999984741211
2012-10-01,5718.7998046875,0.0027140385821359655,0.0027140385821359655,7.366005425322602e-06,16.34000015258789
2012-10-03,5731.25,0.00217469800247328,0.00217469800247328,4.729311401961274e-06,16.5
2012-10-04,5787.60009765625,0.009784057731510025,0.009784057731510025,9.57277856935211e-05,16.440000534057617
2012-10-05,5746.9501953125,-0.007048401472376666,0.007048401472376666,4.967996331580155e-05,16.780000686645508
2012-10-08,5676.0,-0.012422553983974943,0.012422553983974943,0.00015431984748477172,17.170000076293945
2012-10-09,5704.60009765625,0.005026124741861446,0.005026124741861446,2.526192992075179e-05,16.799999237060547
2012-10-10,5652.14990234375,-0.009236897569122873,0.009236897569122873,8.532027670246804e-05,16.829999923706055
2012-10-11,5708.0498046875,0.009841438524261526,0.009841438524261526,9.685391222681888e-05,16.489999771118164
2012-10-12,5676.0498046875,-0.0056218911252959814,0.0056218911252959814,3.1605659824681715e-05,16.489999771118164
2012-10-15,5687.25,0.0019712933975172303,0.0019712933975172303,3.885997659095025e-06,15.899999618530273
2012-10-16,5648.0,-0.006925327076076647,0.006925327076076647,4.796015511064032e-05,15.569999694824219
2012-10-17,5660.25,0.0021665606600093767,0.0021665606600093767,4.693985093500266e-06,15.170000076293945
2012-10-18,5718.7001953125,0.010273480136426792,0.010273480136426792,0.00010554439411355584,14.760000228881836
2012-10-19,5684.25,-0.0060423486092661665,0.0060423486092661665,3.650997671590078e-05,14.539999961853027
2012-10-22,5717.14990234375,0.005771220015412784,0.005771220015412784,3.330698046630114e-05,13.039999961853027
2012-10-23,5691.39990234375,-0.004514165983925739,0.004514165983925739,2.037769453043224e-05,13.710000038146973
2012-10-25,5705.2998046875,0.0024392867397124295,0.0024392867397124295,5.9501197985368936e-06,13.520000457763672
2012-10-29,5665.60009765625,-0.006982713537108193,0.006982713537108193,4.875828834131401e-05,15.119999885559082
2012-10-30,5597.89990234375,-0.012021309646340173,0.012021309646340173,0.0001445118856131913,15.170000076293945
2012-10-31,5619.7001953125,0.0038868064869830134,0.0038868064869830134,1.5107264667253233e-05,14.399999618530273
2012-11-01,5645.0498046875,0.0045007039065821375,0.0045007039065821375,2.0256335654723712e-05,14.079999923706055
2012-11-02,5697.7001953125,0.009283598556758567,0.009283598556758567,8.618520216304974e-05,13.65999984741211
2012-11-05,5704.2001953125,0.001140160934837295,0.001140160934837295,1.2999669573290542e-06,14.630000114440918
2012-11-06,5724.39990234375,0.003534943543911931,0.003534943543911931,1.2495825858644642e-05,15.210000038146973
2012-11-07,5760.10009765625,0.0062171292271889006,0.0062171292271889006,3.865269582756645e-05,14.510000228881836
2012-11-08,5738.75,-0.0037134360408294775,0.0037134360408294775,1.3789607229331304e-05,14.220000267028809
2012-11-09,5686.25,-0.009190436679217989,0.009190436679217989,8.446412635471537e-05,14.369999885559082
2012-11-12,5683.7001953125,-0.00044851642908619777,0.00044851642908619777,2.0116698716023428e-07,14.859999656677246
2012-11-15,5631.0,-0.009315417200509159,0.009315417200509159,8.67769976195419e-05,15.529999732971191
2012-11-16,5574.0498046875,-0.010165182073687593,0.010165182073687593,0.00010333092659121958,16.219999313354492
2012-11-19,5571.39990234375,-0.0004755128708731552,0.0004755128708731552,2.2611249036602997e-07,16.68000030517578
2012-11-20,5571.5498046875,2.6905325376147813e-05,2.6905325376147813e-05,7.238965335963834e-10,15.8100004196167
2012-11-21,5614.7998046875,0.007732677239436856,0.007732677239436856,5.97942972893048e-05,15.460000038146973
2012-11-22,5627.75,0.002303783619401963,0.002303783619401963,5.307418965024809e-06,14.90999984741211
2012-11-23,5626.60009765625,-0.0002043480676846334,0.0002043480676846334,4.175813276644351e-08,14.680000305175781
2012-11-26,5635.89990234375,0.001651464026839213,0.001651464026839213,2.727333431943989e-06,14.670000076293945
2012-11-27,5727.4501953125,0.016113606124935557,0.016113606124935557,0.0002596483023495607,13.960000038146973
2012-11-29,5825.0,0.016888559855538453,0.016888559855538453,0.00028522345399410504,15.369999885559082
2012-11-30,5879.85009765625,0.009372268537928177,0.009372268537928177,8.783941754703838e-05,15.149999618530273
2012-12-03,5870.9501953125,-0.0015147741130177722,0.0015147741130177722,2.2945406134687786e-06,15.619999885559082
2012-12-04,5889.25,0.0031121612139040416,0.0031121612139040416,9.685547421328678e-06,15.90999984741211
2012-12-05,5900.5,0.0019084379930875174,0.0019084379930875174,3.642135573459911e-06,16.6200008392334
2012-12-06,5930.89990234375,0.005138862601968067,0.005138862601968067,2.640790884190601e-05,15.239999771118164
2012-12-07,5907.39990234375,-0.00397016991551854,0.00397016991551854,1.5762249158088495e-05,14.960000038146973
2012-12-10,5908.89990234375,0.00025388658596198357,0.00025388658596198357,6.445839853143167e-08,14.510000228881836
2012-12-11,5898.7998046875,-0.001710765071977491,0.001710765071977491,2.9267171314981497e-06,14.670000076293945
2012-12-12,5888.0,-0.001832525857525198,0.001832525857525198,3.3581510184984622e-06,14.510000228881836
2012-12-13,5851.5,-0.006218342793891255,0.006218342793891255,3.8667787102339294e-05,14.710000038146973
2012-12-14,5879.60009765625,0.004790710362347276,0.004790710362347276,2.295090577590157e-05,14.229999542236328
2012-12-17,5857.89990234375,-0.0036975880786428313,0.0036975880786428313,1.3672157599321586e-05,14.920000076293945
2012-12-18,5896.7998046875,0.006618636854775263,0.006618636854775263,4.380635381538939e-05,14.4399995803833
2012-12-19,5929.60009765625,0.005546975807021157,0.005546975807021157,3.076894060367802e-05,14.470000267028809
2012-12-20,5916.39990234375,-0.00222863426913261,0.00222863426913261,4.966810705552243e-06,14.319999694824219
2012-12-21,5847.7001953125,-0.011679684367163802,0.011679684367163802,0.0001364150269165705,14.630000114440918
2012-12-24,5855.75,0.0013756295489937814,0.0013756295489937814,1.8923566560648344e-06,14.489999771118164
2012-12-26,5905.60009765625,0.008476985338926086,0.008476985338926086,7.185928043636782e-05,14.100000381469727
2012-12-27,5870.10009765625,-0.006029383723567037,0.006029383723567037,3.635346808601511e-05,13.739999771118164
2012-12-28,5908.35009765625,0.0064949350428471515,0.0064949350428471515,4.218418121080393e-05,13.630000114440918
2012-12-31,5905.10009765625,-0.0005502203045275154,0.0005502203045275154,3.027423835143518e-07,14.949999809265137
2013-01-02,5993.25,0.01481743509598375,0.01481743509598375,0.000219556382823691,13.710000038146973
2013-01-03,6009.5,0.0027077144701615867,0.0027077144701615867,7.331717651922442e-06,13.470000267028809
2013-01-04,6016.14990234375,0.0011059532042860644,0.0011059532042860644,1.2231324900706134e-06,13.369999885559082
2013-01-07,5988.39990234375,-0.004623255329017686,0.004623255329017686,2.1374489837290432e-05,13.920000076293945
2013-01-08,6001.7001953125,0.0022185466869673303,0.0022185466869673303,4.921949402253717e-06,13.270000457763672
2013-01-09,5971.5,-0.005044642846597446,0.005044642846597446,2.5448421449726783e-05,13.319999694824219
2013-01-10,5968.64990234375,-0.0004773973080222145,0.0004773973080222145,2.2790818970685718e-07,13.270000457763672
2013-01-11,5951.2998046875,-0.0029111045491811488,0.0029111045491811488,8.474529696263179e-06,13.229999542236328
2013-01-14,6024.0498046875,0.012150107904682364,0.012150107904682364,0.00014762512209542486,13.699999809265137
2013-01-15,6056.60009765625,0.005388844474855894,0.005388844474855894,2.903964477418489e-05,13.579999923706055
2013-01-16,6001.85009765625,-0.00908083134121998,0.00908083134121998,8.246149784768306e-05,13.989999771118164
2013-01-17,6039.2001953125,0.006203813876608185,0.006203813876608185,3.848730661559628e-05,14.010000228881836
2013-01-18,6064.39990234375,0.004164007938021129,0.004164007938021129,1.7338962107902972e-05,13.890000343322754
2013-01-21,6082.2998046875,0.0029472886846284353,0.0029472886846284353,8.686510590538812e-06,13.65999984741211
2013-01-22,6048.5,-0.005572574388951168,0.005572574388951168,3.105358532039449e-05,13.890000343322754
2013-01-23,6054.2998046875,0.0009584237077469017,0.0009584237077469017,9.185760035713184e-07,13.670000076293945
2013-01-24,6019.35009765625,-0.005789434832539505,0.005789434832539505,3.3517555680221724e-05,14.460000038146973
2013-01-25,6074.64990234375,0.009145062029183172,0.009145062029183172,8.363215951760784e-05,14.770000457763672
2013-01-28,6074.7998046875,2.4676400556721332e-05,2.4676400556721332e-05,6.089247444357569e-10,15.170000076293945
2013-01-29,6049.89990234375,-0.004107307883982924,0.004107307883982924,1.6869978053828286e-05,14.470000267028809
2013-01-30,6055.75,0.0009665070704739352,0.0009665070704739352,9.341359172761083e-07,14.380000114440918
2013-01-31,6034.75,-0.003473805238461769,0.003473805238461769,1.2067322834764428e-05,14.130000114440918
2013-02-01,5998.89990234375,-0.005958325862656894,0.005958325862656894,3.550164708560602e-05,13.760000228881836
2013-02-04,5987.25,-0.0019438945962046322,0.0019438945962046322,3.77872620115357e-06,14.34000015258789
2013-02-05,5956.89990234375,-0.005082013073346008,0.005082013073346008,2.5826856877659736e-05,14.609999656677246
2013-02-06,5959.2001953125,0.0003860815163471072,0.0003860815163471072,1.490589372648816e-07,14.260000228881836
2013-02-07,5938.7998046875,-0.003429216778715081,0.003429216778715081,1.1759527715421036e-05,14.890000343322754
2013-02-08,5903.5,-0.005961664511139566,0.005961664511139566,3.554144374338096e-05,15.15999984741211
2013-02-11,5897.85009765625,-0.0009575010873592933,0.0009575010873592933,9.168083322942291e-07,15.649999618530273
2013-02-12,5922.5,0.004170762773135264,0.004170762773135264,1.7395262109770956e-05,15.3100004196167
2013-02-13,5932.9501953125,0.001762935670411124,0.001762935670411124,3.107942178007919e-06,15.140000343322754
2013-02-14,5896.9501953125,-0.006086291505428713,0.006086291505428713,3.704294428905371e-05,15.09000015258789
2013-02-15,5887.39990234375,-0.0016208437428339576,0.0016208437428339576,2.6271344386839927e-06,15.239999771118164
2013-02-18,5898.2001953125,0.001832795259055871,0.001832795259055871,3.3591384616176774e-06,16.290000915527344
2013-02-19,5939.7001953125,0.0070114071991698905,0.0070114071991698905,4.915983091257137e-05,15.8100004196167
2013-02-20,5943.0498046875,0.0005637768132327255,0.0005637768132327255,3.1784429513884745e-07,15.600000381469727
2013-02-21,5852.25,-0.01539623406156752,0.01539623406156752,0.0002370440232785719,16.940000534057617
2013-02-22,5850.2998046875,-0.00033329408771618207,0.00033329408771618207,1.1108494890656207e-07,16.790000915527344
2013-02-25,5854.75,0.000760388994695336,0.000760388994695336,5.781914232537838e-07,16.729999542236328
2013-02-26,5761.35009765625,-0.016081458393314825,0.016081458393314825,0.00025861330405591585,17.360000610351562
2013-02-27,5796.89990234375,0.006151435864131232,0.006151435864131232,3.784016319051996e-05,16.229999542236328
2013-02-28,5693.0498046875,-0.018077176721828157,0.018077176721828157,0.00032678431823220577,14.859999656677246
2013-03-01,5719.7001953125,0.004670292272359843,0.004670292272359843,2.181162990926407e-05,14.0600004196167
2013-03-04,5698.5,-0.003713408297517434,0.003713408297517434,1.3789401184071327e-05,13.670000076293945
2013-03-05,5784.25,0.014935724292001495,0.014935724292001495,0.00022307586012668357,13.390000343322754
2013-03-06,5818.60009765625,0.005920993156224326,0.005920993156224326,3.505815995605531e-05,13.399999618530273
2013-03-07,5863.2998046875,0.007652851943975546,0.007652851943975546,5.856614287641029e-05,13.069999694824219
2013-03-08,5945.7001953125,0.01395575035978997,0.01395575035978997,0.00019476296810477786,13.34000015258789
2013-03-11,5942.35009765625,-0.000563607599626711,0.000563607599626711,3.176535263569829e-07,14.25
2013-03-12,5914.10009765625,-0.0047653476368216515,0.0047653476368216515,2.27085380997617e-05,15.130000114440918
2013-03-13,5851.2001953125,-0.010692545036311767,0.010692545036311767,0.00011433051935355541,16.200000762939453
2013-03-14,5908.9501953125,0.009821381919884518,0.009821381919884518,9.64595428162345e-05,14.65999984741211
2013-03-15,5872.60009765625,-0.006170701154912373,0.006170701154912373,3.807755274323689e-05,15.15999984741211
2013-03-18,5835.25,-0.0063803728356968134,0.0063803728356968134,4.07091575224978e-05,15.850000381469727
2013-03-19,5745.9501953125,-0.015421816917123578,0.015421816917123578,0.00023783243702527897,16.709999084472656
2013-03-20,5694.39990234375,-0.009012074180768975,0.009012074180768975,8.121748103968278e-05,16.65999984741211
2013-03-21,5658.75,-0.006280198856235595,0.006280198856235595,3.944089767386288e-05,16.510000228881836
2013-03-22,5651.35009765625,-0.0013085478175716774,0.0013085478175716774,1.7122973908716e-06,15.539999961853027
2013-03-25,5633.85009765625,-0.0031014095850241405,0.0031014095850241405,9.618741414079612e-06,16.360000610351562
2013-03-26,5641.60009765625,0.0013746681660056223,0.0013746681660056223,1.8897125666292613e-06,15.800000190734863
2013-03-28,5682.5498046875,0.007232310747962538,0.007232310747962538,5.2306318755094446e-05,15.220000267028809
2013-04-01,5704.39990234375,0.003837748481610424,0.003837748481610424,1.4728313408103115e-05,14.850000381469727
2013-04-02,5748.10009765625,0.0076315926493432315,0.0076315926493432315,5.824120636550964e-05,14.100000381469727
2013-04-03,5672.89990234375,-0.013168948793470324,0.013168948793470324,0.0001734212123250435,14.869999885559082
2013-04-04,5574.75,-0.017452960325511746,0.017452960325511746,0.0003046058241238871,15.850000381469727
2013-04-05,5553.25,-0.003864131335780677,0.003864131335780677,1.4931510980162159e-05,16.15999984741211
2013-04-08,5542.9501953125,-0.0018564567084833458,0.0018564567084833458,3.4464315104728183e-06,16.770000457763672
2013-04-09,5495.10009765625,-0.008670081423453112,0.008670081423453112,7.517031188930675e-05,16.81999969482422
2013-04-10,5558.7001953125,0.011507499287045326,0.011507499287045326,0.0001324225398413487,16.489999771118164
2013-04-11,5594.0,0.006330291669064339,0.006330291669064339,4.007259261542537e-05,16.969999313354492
2013-04-12,5528.5498046875,-0.01176905510382896,0.01176905510382896,0.00013851065803696249,16.450000762939453
2013-04-15,5568.39990234375,0.007182202318757875,0.007182202318757875,5.158403014757099e-05,16.610000610351562
2013-04-16,5688.9501953125,0.021417989176254947,0.021417989176254947,0.00045873026035417406,16.25
2013-04-17,5688.7001953125,-4.394580453027964e-05,4.394580453027964e-05,1.931233735813547e-09,16.360000610351562
2013-04-18,5783.10009765625,0.016458102609584743,0.016458102609584743,0.0002708691415076201,15.359999656677246
2013-04-22,5834.39990234375,0.008831527973868913,0.008831527973868913,7.799588635322915e-05,16.219999313354492
2013-04-23,5836.89990234375,0.0004284013057793631,0.0004284013057793631,1.8352767879346338e-07,15.069999694824219
2013-04-25,5916.2998046875,0.013511403233731597,0.013511403233731597,0.00018255801734449263,14.199999809265137
2013-04-26,5871.4501953125,-0.007609565149353201,0.007609565149353201,5.790548176225081e-05,13.880000114440918
2013-04-29,5904.10009765625,0.0055453860244868425,0.0055453860244868425,3.075130616057399e-05,14.329999923706055
2013-04-30,5930.2001953125,0.004410930824423511,0.004410930824423511,1.945631073784947e-05,15.100000381469727
2013-05-02,5999.35009765625,0.011593174115103801,0.011593174115103801,0.0001344016860631128,16.280000686645508
2013-05-03,5944.0,-0.009268838888589223,0.009268838888589223,8.59113743426239e-05,15.550000190734863
2013-05-06,5971.0498046875,0.004540451211160536,0.004540451211160536,2.061569720092918e-05,15.84000015258789
2013-05-07,6043.5498046875,0.012068796690554202,0.012068796690554202,0.00014565585355793206,16.5
2013-05-08,6069.2998046875,0.0042516896717678145,0.0042516896717678145,1.8076865065017104e-05,16.760000228881836
2013-05-09,6050.14990234375,-0.0031601960062404705,0.0031601960062404705,9.98683879785822e-06,16.600000381469727
2013-05-10,6094.75,0.0073446958820698885,0.0073446958820698885,5.394455760009438e-05,16.860000610351562
2013-05-13,5980.4501953125,-0.018931896238816203,0.018931896238816203,0.0003584166951973031,17.510000228881836
2013-05-14,5995.39990234375,0.0024966436077198026,0.0024966436077198026,6.233229303968152e-06,17.170000076293945
2013-05-15,6146.75,0.024930994618493872,0.024930994618493872,0.0006215544926673704,18.1299991607666
2013-05-16,6169.89990234375,0.003759127650507598,0.003759127650507598,1.4131040692810774e-05,17.739999771118164
2013-05-17,6187.2998046875,0.0028161580707262417,0.0028161580707262417,7.930746279316547e-06,17.56999969482422
2013-05-20,6156.89990234375,-0.004925384313636034,0.004925384313636034,2.4259410637011908e-05,17.709999084472656
2013-05-21,6114.10009765625,-0.006975793048095481,0.006975793048095481,4.866168864985724e-05,17.8799991607666
2013-05-22,6094.5,-0.0032108700979154446,0.0032108700979154446,1.0309686785687537e-05,17.719999313354492
2013-05-23,5967.0498046875,-0.021134089920608477,0.021134089920608477,0.0004466497567723648,18.729999542236328
2013-05-24,5983.5498046875,0.002761369474992902,0.002761369474992902,7.625161377422574e-06,17.700000762939453
2013-05-27,6083.14990234375,0.016508633198256576,0.016508633198256576,0.00027253497007457915,17.030000686645508
2013-05-28,6111.25,0.004608697044323107,0.004608697044323107,2.1240088446352544e-05,17.1200008392334
2013-05-29,6104.2998046875,-0.0011379260325724719,0.0011379260325724719,1.2948756556061264e-06,17.860000610351562
2013-05-30,6124.0498046875,0.0032302015895608275,0.0032302015895608275,1.0434202309201296e-05,16.040000915527344
2013-05-31,5985.9501953125,-0.022808521266850956,0.022808521266850956,0.0005202286423803923,16.989999771118164
2013-06-03,5939.2998046875,-0.007823840773196913,0.007823840773196913,6.121248444433847e-05,17.290000915527344
2013-06-04,5919.4501953125,-0.00334767625808323,0.00334767625808323,1.1206936328934137e-05,17.260000228881836
2013-06-05,5923.85009765625,0.0007430196714316884,0.0007430196714316884,5.520782321344542e-07,16.780000686645508
2013-06-06,5921.39990234375,-0.0004137009092160573,0.0004137009092160573,1.7114844228619248e-07,17.350000381469727
2013-06-07,5881.0,-0.006846075453972334,0.006846075453972334,4.68687491214825e-05,17.350000381469727
2013-06-10,5878.0,-0.0005102474810933533,0.0005102474810933533,2.6035249196211196e-07,18.110000610351562
2013-06-11,5788.7998046875,-0.01529158551760873,0.01529158551760873,0.00023383258764234104,19.489999771118164
2013-06-12,5760.2001953125,-0.004952752244654958,0.004952752244654958,2.4529754796934727e-05,18.850000381469727
2013-06-13,5699.10009765625,-0.010663945462104954,0.010663945462104954,0.00011371973281874885,19.440000534057617
2013-06-14,5808.39990234375,0.018996844089153475,0.018996844089153475,0.00036088008534760534,18.350000381469727
2013-06-17,5850.0498046875,0.007145045967808824,0.007145045967808824,5.105168188210113e-05,18.18000030517578
2013-06-18,5813.60009765625,-0.006250157711134042,0.006250157711134042,3.906447141404833e-05,18.290000915527344
2013-06-19,5822.25,0.0014867678535771553,0.0014867678535771553,2.2104786504304216e-06,18.459999084472656
2013-06-20,5655.89990234375,-0.028987554139514253,0.028987554139514253,0.0008402782949912699,19.190000534057617
2013-06-21,5667.64990234375,0.0020753216826701094,0.0020753216826701094,4.306960086560694e-06,19.030000686645508
2013-06-24,5590.25,-0.013750543628800106,0.013750543628800106,0.0001890774500875352,21.010000228881836
2013-06-25,5609.10009765625,0.003366287381407146,0.003366287381407146,1.133189073422098e-05,21.139999389648438
2013-06-26,5588.7001953125,-0.0036435593381386397,0.0036435593381386397,1.3275524650537283e-05,21.06999969482422
2013-06-27,5682.35009765625,0.01661815982028318,0.01661815982028318,0.00027616323581247426,18.850000381469727
2013-06-28,5842.2001953125,0.0277425749122853,0.0277425749122853,0.0007696504627637616,17.950000762939453
2013-07-01,5898.85009765625,0.009649961552167819,0.009649961552167819,9.312175795831714e-05,18.09000015258789
2013-07-02,5857.5498046875,-0.007026039129586622,0.007026039129586622,4.936522585048234e-05,18.209999084472656
2013-07-03,5770.89990234375,-0.014903363447433636,0.014903363447433636,0.000222110242046301,18.90999984741211
2013-07-04,5836.9501953125,0.011380402965057766,0.011380402965057766,0.0001295135716470956,18.579999923706055
2013-07-05,5867.89990234375,0.005288368309453251,0.005288368309453251,2.7966839376429436e-05,18.670000076293945
2013-07-08,5811.5498046875,-0.009649518823911232,0.009649518823911232,9.311321353301721e-05,19.34000015258789
2013-07-09,5859.0,0.008131657474948715,0.008131657474948715,6.61238532898893e-05,19.31999969482422
2013-07-10,5816.7001953125,-0.007245816361832232,0.007245816361832232,5.2501854749395683e-05,19.979999542236328
2013-07-11,5935.10009765625,0.02015076937254802,0.02015076937254802,0.0004060535063056193,18.889999389648438
2013-07-12,6009.0,0.012374451778423527,0.012374451778423527,0.00015312705681652918,18.690000534057617
2013-07-15,6030.7998046875,0.003621294184999039,0.003621294184999039,1.3113771574307853e-05,18.790000915527344
2013-07-16,5955.25,-0.012606456082598512,0.012606456082598512,0.000158922734962485,18.989999771118164
2013-07-17,5973.2998046875,0.0030263223541821547,0.0030263223541821547,9.158626991422619e-06,19.360000610351562
2013-07-18,6038.0498046875,0.010781573982748167,0.010781573982748167,0.00011624233754547217,18.270000457763672
2013-07-19,6029.2001953125,-0.0014667154424545085,0.0014667154424545085,2.1512541891345247e-06,18.1299991607666
2013-07-22,6031.7998046875,0.00043107692815792104,0.00043107692815792104,1.8582731799006941e-07,17.6299991607666
2013-07-23,6077.7998046875,0.00759731497994169,0.00759731497994169,5.7719194904446404e-05,16.719999313354492
2013-07-24,5990.5,-0.014467875158950037,0.014467875158950037,0.00020931941161496357,16.90999984741211
2013-07-25,5907.5,-0.013952151018890876,0.013952151018890876,0.0001946625180539377,16.719999313354492
2013-07-26,5886.2001953125,-0.0036120687304303763,0.0036120687304303763,1.304704051335291e-05,16.780000686645508
2013-07-29,5831.64990234375,-0.009310698906358704,0.009310698906358704,8.668911412486918e-05,18.25
2013-07-30,5755.0498046875,-0.013222266146311269,0.013222266146311269,0.00017482832204388903,18.1200008392334
2013-07-31,5742.0,-0.0022701145969533727,0.0022701145969533727,5.153420283300774e-06,18.770000457763672
2013-08-01,5727.85009765625,-0.0024673224848824594,0.0024673224848824594,6.087680244406554e-06,19.809999465942383
2013-08-02,5677.89990234375,-0.008758830352814497,0.008758830352814497,7.671710914938452e-05,20.889999389648438
2013-08-05,5685.39990234375,0.0013200392875264806,0.0013200392875264806,1.7425037206134185e-06,20.799999237060547
2013-08-06,5542.25,-0.025500912656776273,0.025500912656776273,0.0006502965463285323,22.729999542236328
2013-08-07,5519.10009765625,-0.004185734279980768,0.004185734279980768,1.7520371462606116e-05,22.040000915527344
2013-08-08,5565.64990234375,0.008398940586119187,0.008398940586119187,7.05422029691601e-05,21.190000534057617
2013-08-12,5612.39990234375,0.008364656339552535,0.008364656339552535,6.996747567881642e-05,21.280000686645508
2013-08-13,5699.2998046875,0.015364907874385061,0.015364907874385061,0.00023608039398834006,19.260000228881836
2013-08-14,5742.2998046875,0.007516466913095698,0.007516466913095698,5.649727485566238e-05,18.700000762939453
2013-08-16,5507.85009765625,-0.04168542781460944,0.04168542781460944,0.0017376748920870143,23.639999389648438
2013-08-19,5414.75,-0.0170476537750192,0.0170476537750192,0.0002906224992329264,25.59000015258789
2013-08-20,5401.4501953125,-0.002459239132094885,0.002459239132094885,6.047857108826804e-06,27.229999542236328
2013-08-21,5302.5498046875,-0.018479672110444576,0.018479672110444576,0.00034149828130954307,28.09000015258789
2013-08-22,5408.4501953125,0.019774781357612244,0.019774781357612244,0.00039104197774136873,29.059999465942383
2013-08-23,5471.75,0.011635910691516363,0.011635910691516363,0.0001353944176209448,25.75
2013-08-26,5476.5,0.0008677186396066932,0.0008677186396066932,7.529356375208903e-07,26.3799991607666
2013-08-27,5287.4501953125,-0.0351300857798711,0.0351300857798711,0.0012341229269011015,29.420000076293945
2013-08-28,5285.0,-0.0004635056795921676,0.0004635056795921676,2.1483751501419714e-07,32.380001068115234
2013-08-29,5409.0498046875,0.023200821268735756,0.023200821268735756,0.0005382781075438214,29.40999984741211
2013-08-30,5471.7998046875,0.01153415365937455,0.01153415365937455,0.00013303670063806333,27.809999465942383
2013-09-02,5550.75,0.014325459513237299,0.014325459513237299,0.000205218790265401,27.549999237060547
2013-09-03,5341.4501953125,-0.038435865504589016,0.038435865504589016,0.0014773157570868558,32.4900016784668
2013-09-04,5448.10009765625,0.019769753704386283,0.019769753704386283,0.00039084316153209514,31.110000610351562
2013-09-05,5592.9501953125,0.026239969011229082,0.026239969011229082,0.0006885359737102625,28.530000686645508
2013-09-06,5680.39990234375,0.015514724622354844,0.015514724622354844,0.00024070668010750364,28.649999618530273
2013-09-10,5896.75,0.03737971608491806,0.03737971608491806,0.001397243174589082,29.440000534057617
2013-09-11,5913.14990234375,0.0027773161535761984,0.0027773161535761984,7.71348501691529e-06,29.75
2013-09-12,5850.7001953125,-0.010617322247705436,0.010617322247705436,0.00011272753171162081,29.709999084472656
2013-09-13,5850.60009765625,-1.7108809063270718e-05,1.7108809063270718e-05,2.9271134756345424e-10,28.290000915527344
2013-09-16,5840.5498046875,-0.0017192997315773116,0.0017192997315773116,2.9559915670018158e-06,28.81999969482422
2013-09-17,5850.2001953125,0.0016509450320878272,0.0016509450320878272,2.7256194989754766e-06,27.93000030517578
2013-09-18,5899.4501953125,0.008383277255138238,0.008383277255138238,7.027933753651811e-05,27.690000534057617
2013-09-19,6115.5498046875,0.035975516586889605,0.035975516586889605,0.0012942377936935691,24.5
2013-09-20,6012.10009765625,-0.01706055452564804,0.01706055452564804,0.00029106252072260986,24.729999542236328
2013-09-23,5889.75,-0.02056056945458911,0.02056056945458911,0.0004227370162969827,27.020000457763672
2013-09-24,5892.4501953125,0.0004583516346713625,0.0004583516346713625,2.1008622100591017e-07,26.719999313354492
2013-09-25,5873.85009765625,-0.0031615907611521666,0.0031615907611521666,9.995656141002737e-06,25.68000030517578
2013-09-26,5882.25,0.0014290289642726517,0.0014290289642726517,2.0421237807301676e-06,24.0
2013-09-27,5833.2001953125,-0.008373573438567785,0.008373573438567785,7.011673213108792e-05,24.059999465942383
2013-09-30,5735.2998046875,-0.01692574280654838,0.01692574280654838,0.0002864807695534243,26.649999618530273
2013-10-01,5780.0498046875,0.007772273841471294,0.007772273841471294,6.040824066681895e-05,25.770000457763672
2013-10-03,5909.7001953125,0.02218280238265632,0.02218280238265632,0.000492076721547983,25.170000076293945
2013-10-04,5907.2998046875,-0.0004062605835685447,0.0004062605835685447,1.6504766176145448e-07,26.1299991607666
2013-10-07,5906.14990234375,-0.00019467680921306599,0.00019467680921306599,3.789906004538049e-08,26.829999923706055
2013-10-08,5928.39990234375,0.0037601812630294537,0.0037601812630294537,1.4138963130837778e-05,26.549999237060547
2013-10-09,6007.4501953125,0.013246052547886104,0.013246052547886104,0.00017545790810135993,25.8700008392334
2013-10-10,6020.9501953125,0.002244688442359527,0.002244688442359527,5.038626203262439e-06,25.8799991607666
2013-10-11,6096.2001953125,0.012420571665258479,0.012420571665258479,0.00015427060049182177,23.59000015258789
2013-10-14,6112.7001953125,0.0027029477705162687,0.0027029477705162687,7.305926650138867e-06,22.850000381469727
2013-10-15,6089.0498046875,-0.0038765620083412522,0.0038765620083412522,1.5027733004514762e-05,23.239999771118164
2013-10-17,6045.85009765625,-0.007119941635177799,0.007119941635177799,5.06935688883383e-05,21.059999465942383
2013-10-18,6189.35009765625,0.02345798647282757,0.02345798647282757,0.0005502771293593612,20.1200008392334
2013-10-21,6204.9501953125,0.0025173031999250295,0.0025173031999250295,6.336815400352793e-06,20.18000030517578
2013-10-22,6202.7998046875,-0.0003466205632012109,0.0003466205632012109,1.2014581483392462e-07,19.959999084472656
2013-10-23,6178.35009765625,-0.003949510183774189,0.003949510183774189,1.559863069173603e-05,20.350000381469727
2013-10-24,6164.35009765625,-0.0022685483374774457,0.0022685483374774457,5.146311559471683e-06,20.639999389648438
2013-10-25,6144.89990234375,-0.003160259398470375,0.003160259398470375,9.987239465620337e-06,20.420000076293945
2013-10-28,6101.10009765625,-0.007153354803001501,0.007153354803001501,5.117048493762464e-05,21.290000915527344
2013-10-29,6220.89990234375,0.019445476322178384,0.019445476322178384,0.0003781265493964002,19.760000228881836
2013-10-30,6251.7001953125,0.004938882885003037,0.004938882885003037,2.4392564151775926e-05,19.530000686645508
2013-10-31,6299.14990234375,0.007561230152356484,0.007561230152356484,5.717220141690486e-05,18.389999389648438
2013-11-01,6307.2001953125,0.0012771807859823679,0.0012771807859823679,1.631190760082539e-06,18.639999389648438
2013-11-05,6253.14990234375,-0.008606547777017665,0.008606547777017665,7.407266463808771e-05,19.940000534057617
2013-11-06,6215.14990234375,-0.00609547705014856,0.00609547705014856,3.715484046888779e-05,20.25
2013-11-07,6187.25,-0.004499121077551629,0.004499121077551629,2.0242090470469333e-05,19.8700008392334
2013-11-08,6140.75,-0.007543838501638632,0.007543838501638632,5.6909499338805405e-05,19.639999389648438
2013-11-11,6078.7998046875,-0.010139608589296157,0.010139608589296157,0.0001028116623441284,19.979999542236328
2013-11-12,6018.0498046875,-0.010044021820206814,0.010044021820206814,0.0001008823743247906,20.860000610351562
2013-11-13,5989.60009765625,-0.004738605888357065,0.004738605888357065,2.245438576517225e-05,20.450000762939453
2013-11-14,6056.14990234375,0.011049620288933722,0.011049620288933722,0.00012209410852961574,19.260000228881836
2013-11-18,6189.0,0.021699254229649953,0.021699254229649953,0.0004708576341229814,18.81999969482422
2013-11-19,6203.35009765625,0.0023159616952837573,0.0023159616952837573,5.363678574021615e-06,19.299999237060547
2013-11-20,6122.89990234375,-0.013053659902868716,0.013053659902868716,0.0001703980368597625,20.829999923706055
2013-11-21,5999.0498046875,-0.020434733748201976,0.020434733748201976,0.0004175783433599048,21.139999389648438
2013-11-22,5995.4501953125,-0.0006002100100985879,0.0006002100100985879,3.6025205622254696e-07,20.040000915527344
2013-11-25,6115.35009765625,0.019801138983068924,0.019801138983068924,0.0003920851050268118,21.049999237060547
2013-11-26,6059.10009765625,-0.00924072945680619,0.00924072945680619,8.539108089388562e-05,21.59000015258789
2013-11-27,6057.10009765625,-0.0003301365091241254,0.0003301365091241254,1.0899011465666375e-07,21.139999389648438
2013-11-28,6091.85009765625,0.005720674496259994,0.005720674496259994,3.272611669215954e-05,20.709999084472656
2013-11-29,6176.10009765625,0.01373519180845845,0.01373519180845845,0.00018865549401514412,21.3799991607666
2013-12-02,6217.85009765625,0.006737183425796762,0.006737183425796762,4.53896405128306e-05,23.360000610351562
2013-12-03,6201.85009765625,-0.002576553153439162,0.002576553153439162,6.63862615249729e-06,24.719999313354492
2013-12-04,6160.9501953125,-0.006616632250020927,0.006616632250020927,4.377982233201699e-05,23.709999084472656
2013-12-05,6241.10009765625,0.012925446408512491,0.012925446408512491,0.00016706716485932846,21.68000030517578
2013-12-06,6259.89990234375,0.003007730399185639,0.003007730399185639,9.046442154185404e-06,22.209999084472656
2013-12-09,6363.89990234375,0.016477186675700303,0.016477186675700303,0.00027149768074587557,19.15999984741211
2013-12-10,6332.85009765625,-0.004890994401687254,0.004890994401687254,2.3921826237336057e-05,17.979999542236328
2013-12-11,6307.89990234375,-0.003947586608913919,0.003947586608913919,1.5583440034876494e-05,17.540000915527344
2013-12-12,6237.0498046875,-0.011295517736679127,0.011295517736679127,0.00012758872093963274,17.739999771118164
2013-12-13,6168.39990234375,-0.01106781370198504,0.01106781370198504,0.00012249650014184782,17.84000015258789
2013-12-16,6154.7001953125,-0.0022234198483338887,0.0022234198483338887,4.943595821965093e-06,18.360000610351562
2013-12-17,6139.0498046875,-0.0025460740749505,0.0025460740749505,6.482493195135044e-06,18.329999923706055
2013-12-18,6217.14990234375,0.012641611434832655,0.012641611434832655,0.00015981033966929172,17.540000915527344
2013-12-19,6166.64990234375,-0.008155861807590793,0.008155861807590793,6.651808182451817e-05,16.579999923706055
2013-12-20,6274.25,0.017298231088561187,0.017298231088561187,0.00029922879879326473,16.020000457763672
2013-12-23,6284.5,0.0016323284205711835,0.0016323284205711835,2.6644960726044146e-06,16.260000228881836
2013-12-24,6268.39990234375,-0.002565161294966418,0.002565161294966418,6.58005246919379e-06,15.579999923706055
2013-12-26,6278.89990234375,0.001673667261396705,0.001673667261396705,2.8011621018711467e-06,14.880000114440918
2013-12-27,6313.7998046875,0.0055428927092751245,0.0055428927092751245,3.072365958653533e-05,14.65999984741211
2013-12-30,6291.10009765625,-0.003601731349932257,0.003601731349932257,1.297246871708484e-05,15.079999923706055
2013-12-31,6304.0,0.0020484008470497933,0.0020484008470497933,4.1959460301943105e-06,15.119999885559082
2014-01-02,6221.14990234375,-0.013229591131722482,0.013229591131722482,0.00017502208151255015,16.549999237060547
2014-01-03,6211.14990234375,-0.001608713160675422,0.001608713160675422,2.5879580333303066e-06,15.869999885559082
2014-01-06,6191.4501953125,-0.0031767086647526764,0.0031767086647526764,1.0091477940714732e-05,16.5
2014-01-07,6162.25,-0.004727369003838941,0.004727369003838941,2.2348017698457178e-05,16.31999969482422
2014-01-08,6174.60009765625,0.0020021483091771735,0.0020021483091771735,4.008597851941015e-06,16.31999969482422
2014-01-09,6168.35009765625,-0.0010127239331396106,0.0010127239331396106,1.0256097647537626e-06,16.18000030517578
2014-01-10,6171.4501953125,0.0005024550880677336,0.0005024550880677336,2.5246111552515396e-07,15.579999923706055
2014-01-13,6272.75,0.01628100492203701,0.01628100492203701,0.0002650711212713934,15.949999809265137
2014-01-14,6241.85009765625,-0.004938226534857065,0.004938226534857065,2.4386081309566417e-05,15.739999771118164
2014-01-15,6320.89990234375,0.012584959187806487,0.012584959187806487,0.00015838119775875493,15.420000076293945
2014-01-16,6318.89990234375,-0.0003164607110232277,0.0003164607110232277,1.0014738162132684e-07,15.539999961853027
2014-01-17,6261.64990234375,-0.009101413862469748,0.009101413862469748,8.28357342959565e-05,15.40999984741211
2014-01-20,6303.9501953125,0.006732738974413205,0.006732738974413205,4.5329774097582576e-05,15.350000381469727
2014-01-21,6313.7998046875,0.00156123102385989,0.00156123102385989,2.4374423098626004e-06,15.550000190734863
2014-01-22,6338.9501953125,0.0039754873445066955,0.0039754873445066955,1.5804499626332897e-05,15.850000381469727
2014-01-23,6345.64990234375,0.0010563529953923905,0.0010563529953923905,1.1158816508744757e-06,15.579999923706055
2014-01-24,6266.75,-0.012511644446641086,0.012511644446641086,0.00015654124675916473,15.829999923706055
2014-01-27,6135.85009765625,-0.02110924516297498,0.02110924516297498,0.00044560023135058256,18.670000076293945
2014-01-28,6126.25,-0.0015658165471230908,0.0015658165471230908,2.4517814592444784e-06,17.719999313354492
2014-01-29,6120.25,-0.0009798718785080376,0.0009798718785080376,9.601488982908703e-07,18.040000915527344
2014-01-30,6073.7001953125,-0.007634938648466337,0.007634938648466337,5.8292288165844977e-05,17.25
2014-01-31,6089.5,0.002597969830382306,0.002597969830382306,6.7494472395766686e-06,16.81999969482422
2014-02-03,6001.7998046875,-0.014506584850296355,0.014506584850296355,0.00021044100401884774,18.270000457763672
2014-02-04,6000.89990234375,-0.00014994998915273514,0.00014994998915273514,2.2484999246905385e-08,18.690000534057617
2014-02-05,6022.39990234375,0.0035763930477856866,0.0035763930477856866,1.2790587232249792e-05,18.93000030517578
2014-02-06,6036.2998046875,0.0023053743500808565,0.0023053743500808565,5.314750894010731e-06,18.940000534057617
2014-02-07,6063.2001953125,0.004446536625011425,0.004446536625011425,1.977168795756799e-05,18.549999237060547
2014-02-10,6053.4501953125,-0.0016093560167322405,0.0016093560167322405,2.5900267885922636e-06,19.049999237060547
2014-02-11,6062.7001953125,0.0015268879138819519,0.0015268879138819519,2.331386701558779e-06,18.6299991607666
2014-02-12,6084.0,0.003507096771439477,0.003507096771439477,1.2299727764241202e-05,17.43000030517578
2014-02-13,6001.10009765625,-0.013719572366101803,0.013719572366101803,0.0001882266659087042,17.799999237060547
2014-02-14,6048.35009765625,0.007842721688164616,0.007842721688164616,6.150828347800765e-05,16.65999984741211
2014-02-18,6127.10009765625,0.012936047030872241,0.012936047030872241,0.00016734131278493854,15.40999984741211
2014-02-19,6152.75,0.004177565596221632,0.004177565596221632,1.7452054310734602e-05,15.069999694824219
2014-02-20,6091.4501953125,-0.010012955663091487,0.010012955663091487,0.00010025928111103587,15.15999984741211
2014-02-21,6155.4501953125,0.010451719302448996,0.010451719302448996,0.00010923843637718493,14.039999961853027
2014-02-24,6186.10009765625,0.004966955468135648,0.004966955468135648,2.467064662244261e-05,14.359999656677246
2014-02-25,6200.0498046875,0.002252469579198007,0.002252469579198007,5.073619205212446e-06,13.949999809265137
2014-02-26,6238.7998046875,0.006230499856538058,0.006230499856538058,3.881912846232076e-05,13.960000038146973
2014-02-28,6276.9501953125,0.00609639994140803,0.00609639994140803,3.7166092245599834e-05,14.180000305175781
2014-03-03,6221.4501953125,-0.008881194883291635,0.008881194883291635,7.88756225550055e-05,15.279999732971191
2014-03-04,6297.9501953125,0.012221184683582093,0.012221184683582093,0.00014935735507022154,14.390000343322754
2014-03-05,6328.64990234375,0.0048627132066446956,0.0048627132066446956,2.3645979730076738e-05,13.84000015258789
2014-03-06,6401.14990234375,0.011390718629937804,0.011390718629937804,0.00012974847090641218,14.479999542236328
2014-03-07,6526.64990234375,0.01941613337444026,0.01941613337444026,0.0003769862352140529,16.719999313354492
2014-03-10,6537.25,0.0016228078999031938,0.0016228078999031938,2.6335054799882142e-06,17.780000686645508
2014-03-11,6511.89990234375,-0.0038853304216658053,0.0038853304216658053,1.5095792485521784e-05,17.329999923706055
2014-03-12,6516.89990234375,0.0007675304433891083,0.0007675304433891083,5.891029815290811e-07,17.040000915527344
2014-03-13,6493.10009765625,-0.0036586981147299726,0.0036586981147299726,1.3386071894728655e-05,16.81999969482422
2014-03-14,6504.2001953125,0.00170806245985478,0.00170806245985478,2.9174773667651616e-06,16.450000762939453
2014-03-18,6516.64990234375,0.0019122731206803513,0.0019122731206803513,3.6567884880765693e-06,17.1299991607666
2014-03-19,6524.0498046875,0.0011348935723144095,0.0011348935723144095,1.2879834204805618e-06,16.8799991607666
2014-03-20,6483.10009765625,-0.006296512707220438,0.006296512707220438,3.964607227218845e-05,16.90999984741211
2014-03-21,6493.2001953125,0.001556699439417862,0.001556699439417862,2.423313144683886e-06,16.18000030517578
2014-03-24,6583.5,0.013811013280164102,0.013811013280164102,0.0001907440878248692,16.540000915527344
2014-03-25,6589.75,0.0009488927134847534,0.0009488927134847534,9.003973817044583e-07,16.920000076293945
2014-03-26,6601.39990234375,0.0017663214289679917,0.0017663214289679917,3.1198913904315284e-06,17.770000457763672
2014-03-27,6641.75,0.006093750024184339,0.006093750024184339,3.713378935724663e-05,18.3700008392334
2014-03-28,6695.89990234375,0.00811990122114581,0.00811990122114581,6.593279584116523e-05,18.6299991607666
2014-03-31,6704.2001953125,0.0012388406011620149,0.0012388406011620149,1.5347260350874623e-06,21.6200008392334
2014-04-01,6721.0498046875,0.0025101384662722147,0.0025101384662722147,6.300795119859426e-06,20.690000534057617
2014-04-02,6752.5498046875,0.004675819128421151,0.004675819128421151,2.186328452170913e-05,21.209999084472656
2014-04-03,6736.10009765625,-0.0024390454649215365,0.0024390454649215365,5.948942779954314e-06,22.110000610351562
2014-04-04,6694.35009765625,-0.006217235293906131,0.006217235293906131,3.8654014699792056e-05,22.690000534057617
2014-04-07,6695.0498046875,0.0001045165633993392,0.0001045165633993392,1.092371202480809e-08,24.950000762939453
2014-04-09,6796.2001953125,0.014995242988600424,0.014995242988600424,0.00022485731228717018,26.90999984741211
2014-04-10,6796.39990234375,2.9384669574600685e-05,2.9384669574600685e-05,8.634588060084632e-10,28.719999313354492
2014-04-11,6776.2998046875,-0.0029618444059262942,0.0029618444059262942,8.772522284916884e-06,29.190000534057617
2014-04-15,6733.10009765625,-0.006395525277556329,0.006395525277556329,4.090274357586195e-05,31.8799991607666
2014-04-16,6675.2998046875,-0.008621558339553982,0.008621558339553982,7.433126820233281e-05,31.15999984741211
2014-04-17,6779.39990234375,0.015474470218657372,0.015474470218657372,0.00023945922854811395,30.850000381469727
2014-04-21,6817.64990234375,0.005626235315480606,0.005626235315480606,3.165452382516116e-05,34.38999938964844
2014-04-22,6815.35009765625,-0.0003373879130515304,0.0003373879130515304,1.1383060387326704e-07,33.349998474121094
2014-04-23,6840.7998046875,0.00372721984979212,0.00372721984979212,1.3892167808684393e-05,31.1299991607666
2014-04-25,6782.75,-0.008522030871778505,0.008522030871778505,7.26250101795459e-05,30.68000030517578
2014-04-28,6761.25,-0.003174840233210194,0.003174840233210194,1.007961050641016e-05,31.389999389648438
2014-04-29,6715.25,-0.006826724839414866,0.006826724839414866,4.660417203308393e-05,31.049999237060547
2014-04-30,6696.39990234375,-0.0028110053879877397,0.0028110053879877397,7.901751291296103e-06,30.59000015258789
2014-05-02,6694.7998046875,-0.0002389774925132282,0.0002389774925132282,5.711024192791004e-08,33.060001373291016
2014-05-05,6699.35009765625,0.0006794448586849589,0.0006794448586849589,4.616453159934238e-07,34.189998626708984
2014-05-06,6715.2998046875,0.002377954648569805,0.002377954648569805,5.6546683106547445e-06,33.27000045776367
2014-05-07,6652.5498046875,-0.009388265536980073,0.009388265536980073,8.813952979284774e-05,33.61000061035156
2014-05-08,6659.85009765625,0.0010967659857117281,0.0010967659857117281,1.2028956274142187e-06,34.29999923706055
2014-05-09,6858.7998046875,0.029435494406797515,0.029435494406797515,0.0008664483309726079,37.709999084472656
2014-05-12,7014.25,0.02241132323613701,0.02241132323613701,0.0005022674091946146,37.099998474121094
2014-05-13,7108.75,0.013382625556367727,0.013382625556367727,0.0001790946667819466,32.04999923706055
2014-05-14,7108.75,0.0,0.0,0.0,32.41999816894531
2014-05-15,7123.14990234375,0.0020236099686651147,0.0020236099686651147,4.094997305280827e-06,36.77000045776367
2014-05-16,7203.0,0.011147576299688492,0.011147576299688492,0.00012426845735737658,24.290000915527344
2014-05-19,7263.5498046875,0.008371057244219524,0.008371057244219524,7.007459938600018e-05,20.6299991607666
2014-05-20,7275.5,0.0016438760667509807,0.0016438760667509807,2.702328522836675e-06,19.229999542236328
2014-05-21,7252.89990234375,-0.003111163794727852,0.003111163794727852,9.679340157625406e-06,17.90999984741211
2014-05-22,7276.39990234375,0.003234845561498608,0.003234845561498608,1.0464225806747244e-05,17.84000015258789
2014-05-23,7367.10009765625,0.012387933925730808,0.012387933925730808,0.00015346090694827233,17.700000762939453
2014-05-26,7359.0498046875,-0.0010933331283551897,0.0010933331283551897,1.1953773295589457e-06,19.84000015258789
2014-05-27,7318.0,-0.0055937551853276766,0.0055937551853276766,3.129009707338027e-05,19.100000381469727
2014-05-28,7329.64990234375,0.0015906858612653664,0.0015906858612653664,2.5302815092295407e-06,17.559999465942383
2014-05-29,7235.64990234375,-0.012907568856390952,0.012907568856390952,0.00016660533378247365,16.690000534057617
2014-05-30,7229.9501953125,-0.0007880360700878707,0.0007880360700878707,6.210008477595355e-07,16.34000015258789
2014-06-02,7362.5,0.018167401445903533,0.018167401445903533,0.00033005447529661775,16.5
2014-06-03,7415.85009765625,0.007220065712657715,0.007220065712657715,5.212934889509556e-05,15.800000190734863
2014-06-04,7402.25,-0.0018356066412509439,0.0018356066412509439,3.3694517414045716e-06,15.569999694824219
2014-06-05,7474.10009765625,0.009659715706976952,0.009659715706976952,9.331010753961724e-05,15.449999809265137
2014-06-06,7583.39990234375,0.014517911265275567,0.014517911265275567,0.00021076974750641522,15.979999542236328
2014-06-09,7654.60009765625,0.009345152051744758,0.009345152051744758,8.733186687022927e-05,17.100000381469727
2014-06-10,7656.39990234375,0.00023509956185606317,0.00023509956185606317,5.527180398491287e-08,16.65999984741211
2014-06-11,7626.85009765625,-0.003866957814588266,0.003866957814588266,1.4953362739805258e-05,17.059999465942383
2014-06-12,7649.89990234375,0.003017634271514681,0.003017634271514681,9.10611659661994e-06,16.899999618530273
2014-06-13,7542.10009765625,-0.01419189231300482,0.01419189231300482,0.00020140980742392527,17.760000228881836
2014-06-16,7533.5498046875,-0.0011343184460937106,0.0011343184460937106,1.2866783371484503e-06,17.979999542236328
2014-06-17,7631.7001953125,0.012944298456771088,0.012944298456771088,0.00016755486253796636,17.700000762939453
2014-06-18,7558.2001953125,-0.00967755834425001,0.00967755834425001,9.365513550636299e-05,18.579999923706055
2014-06-19,7540.7001953125,-0.002318050637252134,0.002318050637252134,5.373358756865026e-06,18.739999771118164
2014-06-20,7511.4501953125,-0.0038864927679996926,0.0038864927679996926,1.5104826035713912e-05,18.850000381469727
2014-06-23,7493.35009765625,-0.002412575453478406,0.002412575453478406,5.820520318726536e-06,18.959999084472656
2014-06-24,7580.2001953125,0.011523636710027154,0.011523636710027154,0.00013279420302468543,19.190000534057617
2014-06-25,7569.25,-0.0014456230527611481,0.0014456230527611481,2.0898260106744614e-06,18.309999465942383
2014-06-26,7493.2001953125,-0.010098018573784505,0.010098018573784505,0.00010196997911649684,17.700000762939453
2014-06-27,7508.7998046875,0.0020796713768032227,0.0020796713768032227,4.325033035494612e-06,17.6299991607666
2014-06-30,7611.35009765625,0.013564927084193412,0.013564927084193412,0.00018400724679948398,17.8700008392334
2014-07-01,7634.7001953125,0.0030631036189189007,0.0030631036189189007,9.382603780234066e-06,17.65999984741211
2014-07-02,7725.14990234375,0.01177755667969897,0.01177755667969897,0.00013871084134352185,17.56999969482422
2014-07-03,7714.7998046875,-0.00134069079277555,0.00134069079277555,1.7974518018331326e-06,17.809999465942383
2014-07-04,7751.60009765625,0.004758749631257964,0.004758749631257964,2.2645698052997808e-05,18.15999984741211
2014-07-07,7787.14990234375,0.004575640474488179,0.004575640474488179,2.093648575177441e-05,19.40999984741211
2014-07-08,7623.2001953125,-0.02127867207000753,0.02127867207000753,0.00045278188506291854,19.18000030517578
2014-07-09,7585.0,-0.005023641872147828,0.005023641872147828,2.523697765959693e-05,18.190000534057617
2014-07-10,7567.75,-0.0022768154231857557,0.0022768154231857557,5.183888471256532e-06,15.970000267028809
2014-07-11,7459.60009765625,-0.014393990810803546,0.014393990810803546,0.00020718697146149693,15.720000267028809
2014-07-14,7454.14990234375,-0.0007308953891714673,0.0007308953891714673,5.342080699121105e-07,15.5600004196167
2014-07-15,7526.64990234375,0.009679131549908635,0.009679131549908635,9.368558756043673e-05,14.770000457763672
2014-07-16,7624.39990234375,0.012903575337152367,0.012903575337152367,0.00016650225648156682,14.729999542236328
2014-07-17,7640.4501953125,0.002102909465983186,0.002102909465983186,4.422228222121689e-06,14.970000267028809
2014-07-18,7663.89990234375,0.0030644522939827193,0.0030644522939827193,9.390867862095951e-06,15.100000381469727
2014-07-21,7684.2001953125,0.0026453182709969426,0.0026453182709969426,6.997708754870254e-06,14.899999618530273
2014-07-22,7767.85009765625,0.01082713528937421,0.01082713528937421,0.00011722685857441236,14.640000343322754
2014-07-23,7795.75,0.0035852800193615086,0.0035852800193615086,1.285423281723286e-05,14.6899995803833
2014-07-24,7830.60009765625,0.004460434486412476,0.004460434486412476,1.989547580757773e-05,14.720000267028809
2014-07-25,7790.4501953125,-0.005140498238365478,0.005140498238365478,2.642472213863858e-05,14.220000267028809
2014-07-28,7748.7001953125,-0.005373537086780802,0.005373537086780802,2.8874900823008705e-05,14.319999694824219
2014-07-30,7791.39990234375,0.005495436222823544,0.005495436222823544,3.0199819279121097e-05,13.890000343322754
2014-07-31,7721.2998046875,-0.009037830441044684,0.009037830441044684,8.168237908107394e-05,13.819999694824219
2014-08-01,7602.60009765625,-0.015492411451246685,0.015492411451246685,0.00024001481257471943,15.220000267028809
2014-08-04,7683.64990234375,0.010604375070275692,0.010604375070275692,0.0001124527706310846,14.819999694824219
2014-08-05,7746.5498046875,0.00815287578222499,0.00815287578222499,6.646938352039074e-05,13.949999809265137
2014-08-06,7672.0498046875,-0.009663728440738909,0.009663728440738909,9.338764737634606e-05,14.300000190734863
2014-08-07,7649.25,-0.0029762254910542657,0.0029762254910542657,8.857918173601205e-06,14.140000343322754
2014-08-08,7568.5498046875,-0.010606126094877983,0.010606126094877983,0.00011248991074045168,14.619999885559082
2014-08-11,7625.9501953125,0.007555452786540585,0.007555452786540585,5.708486680964389e-05,14.0
2014-08-12,7727.0498046875,0.013170203962401476,0.013170203962401476,0.00017345427241125555,13.470000267028809
2014-08-13,7739.5498046875,0.0016163866702790495,0.0016163866702790495,2.6127058678557927e-06,13.760000228881836
2014-08-14,7791.7001953125,0.0067155684981506794,0.0067155684981506794,4.5098860253353775e-05,13.220000267028809
2014-08-18,7874.25,0.010538852441929612,0.010538852441929612,0.00011106741079276576,13.5
2014-08-19,7897.5,0.0029483116130798108,0.0029483116130798108,8.692541367821276e-06,13.90999984741211
2014-08-20,7875.2998046875,-0.0028149992705591483,0.0028149992705591483,7.924220893248538e-06,13.65999984741211
2014-08-21,7891.10009765625,0.0020043000756105184,0.0020043000756105184,4.017218793092329e-06,13.729999542236328
2014-08-22,7913.2001953125,0.0027967213545059197,0.0027967213545059197,7.821650334749426e-06,13.619999885559082
2014-08-25,7906.2998046875,-0.0008723905385931191,0.0008723905385931191,7.610652518267924e-07,13.789999961853027
2014-08-26,7904.75,-0.0001960407071773607,0.0001960407071773607,3.843195887059968e-08,13.899999618530273
2014-08-27,7936.0498046875,0.0039518011472649325,0.0039518011472649325,1.5616732307524436e-05,13.0600004196167
2014-08-28,7954.35009765625,0.002303315356676902,0.002303315356676902,5.305261632303646e-06,13.069999694824219
2014-09-01,8027.7001953125,0.009179124246061186,0.009179124246061186,8.425632192462833e-05,13.529999732971191
2014-09-02,8083.0498046875,0.0068711670335596,0.0068711670335596,4.721293640307623e-05,13.449999809265137
2014-09-03,8114.60009765625,0.0038956679592612917,0.0038956679592612917,1.5176228848815037e-05,13.390000343322754
2014-09-04,8095.9501953125,-0.0023009595892866165,0.0023009595892866165,5.294415031530035e-06,13.079999923706055
2014-09-05,8086.85009765625,-0.0011246630312066596,0.0011246630312066596,1.2648669337629518e-06,12.9399995803833
2014-09-08,8173.89990234375,0.010706841477298593,0.010706841477298593,0.00011463645442000151,12.789999961853027
2014-09-09,8152.9501953125,-0.002566290301383355,0.002566290301383355,6.585845910974271e-06,12.760000228881836
2014-09-10,8094.10009765625,-0.007244435632928195,0.007244435632928195,5.2481847639639734e-05,12.930000305175781
2014-09-11,8085.7001953125,-0.0010383197500981691,0.0010383197500981691,1.0781079034439243e-06,12.520000457763672
2014-09-12,8105.5,0.0024457500763813006,0.0024457500763813006,5.981693436119138e-06,12.369999885559082
2014-09-15,8042.0,-0.00786503512440859,0.00786503512440859,6.185877750818085e-05,13.260000228881836
2014-09-16,7932.89990234375,-0.013659152116613792,0.013659152116613792,0.00018657243654479505,13.279999732971191
2014-09-17,7975.5,0.005355686271897236,0.005355686271897236,2.8683375442988513e-05,12.949999809265137
2014-09-18,8114.75,0.01730905071438062,0.01730905071438062,0.00029960323663300026,12.329999923706055
2014-09-19,8121.4501953125,0.0008253403644006908,0.0008253403644006908,6.81186717109065e-07,11.890000343322754
2014-09-22,8146.2998046875,0.003055078754324302,0.003055078754324302,9.333506195123729e-06,11.569999694824219
2014-09-23,8017.5498046875,-0.01593094790039912,0.01593094790039912,0.00025379510100523116,12.40999984741211
2014-09-24,8002.39990234375,-0.0018913800776086584,0.0018913800776086584,3.577318597974935e-06,12.539999961853027
2014-09-25,7911.85009765625,-0.011379836545715916,0.011379836545715916,0.00012950067980721156,13.300000190734863
2014-09-26,7968.85009765625,0.007178555614569579,0.007178555614569579,5.1531660711468425e-05,12.930000305175781
2014-09-29,7958.89990234375,-0.0012494164721180694,0.0012494164721180694,1.5610415207999625e-06,13.390000343322754
2014-09-30,7964.7998046875,0.0007410215869771875,0.0007410215869771875,5.491129923661894e-07,13.149999618530273
2014-10-01,7945.5498046875,-0.0024198097296141007,0.0024198097296141007,5.855479127535067e-06,13.0
2014-10-07,7852.39990234375,-0.01179279382430551,0.01179279382430551,0.0001390699861825782,14.460000038146973
2014-10-08,7842.7001953125,-0.001236017381957707,0.001236017381957707,1.5277389685015842e-06,14.109999656677246
2014-10-09,7960.5498046875,0.014914880678345798,0.014914880678345798,0.00022245366564929283,13.15999984741211
2014-10-10,7859.9501953125,-0.012717798464841716,0.012717798464841716,0.0001617423977923303,14.329999923706055
2014-10-13,7884.25,0.0030868286329098203,0.0030868286329098203,9.52851100895191e-06,14.5
2014-10-14,7864.0,-0.0025717157348472356,0.0025717157348472356,6.613721820860857e-06,14.59000015258789
2014-10-16,7748.2001953125,-0.01483479931274002,0.01483479931274002,0.00022007127064927178,16.43000030517578
2014-10-17,7779.7001953125,0.004057218608794233,0.004057218608794233,1.6461022839546213e-05,16.399999618530273
2014-10-20,7879.39990234375,0.01273394430406019,0.01273394430406019,0.00016215333753890699,14.1899995803833
2014-10-21,7927.75,0.006117516281268019,0.006117516281268019,3.742400545157929e-05,13.329999923706055
2014-10-22,7995.89990234375,0.008559635367284744,0.008559635367284744,7.326735762087183e-05,13.029999732971191
2014-10-27,7991.7001953125,-0.0005253705499506886,0.0005253705499506886,2.7601421475548894e-07,13.520000457763672
2014-10-28,8027.60009765625,0.004482088703870871,0.004482088703870871,2.0089119149366863e-05,13.319999694824219
2014-10-29,8090.4501953125,0.007798761644535693,0.007798761644535693,6.082068318828106e-05,13.010000228881836
2014-10-30,8169.2001953125,0.009686630877276963,0.009686630877276963,9.383081775261546e-05,13.270000457763672
2014-10-31,8322.2001953125,0.01855565765600878,0.01855565765600878,0.0003443124310469973,13.300000190734863
2014-11-03,8324.150390625,0.00023430905306898972,0.00023430905306898972,5.490073235008664e-08,13.739999771118164
2014-11-05,8338.2998046875,0.0016983597607461473,0.0016983597607461473,2.8844258769217105e-06,13.760000228881836
2014-11-07,8337.0,-0.0001558958106129228,0.0001558958106129228,2.4303503766660298e-08,14.109999656677246
2014-11-10,8344.25,0.0008692394702429653,0.0008692394702429653,7.555772566282709e-07,13.930000305175781
2014-11-11,8362.650390625,0.0022027303251594033,0.0022027303251594033,4.852020885376851e-06,14.800000190734863
2014-11-12,8383.2998046875,0.0024661992049072835,0.0024661992049072835,6.082138518285317e-06,14.4399995803833
2014-11-13,8357.849609375,-0.0030404381788521184,0.0030404381788521184,9.244264319421587e-06,13.800000190734863
2014-11-14,8389.900390625,0.00382747776597414,0.00382747776597414,1.4649586049026395e-05,13.970000267028809
2014-11-17,8430.75,0.004857088011971049,0.004857088011971049,2.3591303956032878e-05,14.40999984741211
2014-11-18,8425.900390625,-0.0005753942089820699,0.0005753942089820699,3.3107849573010197e-07,14.069999694824219
2014-11-19,8382.2998046875,-0.005188025276412326,0.005188025276412326,2.691560626869319e-05,14.350000381469727
2014-11-20,8401.900390625,0.002335600698223698,0.002335600698223698,5.455030621543025e-06,14.170000076293945
2014-11-21,8477.349609375,0.008939937646133834,0.008939937646133834,7.992248511676096e-05,13.850000381469727
2014-11-24,8530.150390625,0.006209137249718906,0.006209137249718906,3.855338538584686e-05,13.020000457763672
2014-11-25,8463.099609375,-0.007891501533809672,0.007891501533809672,6.227579645812041e-05,13.529999732971191
2014-11-26,8475.75,0.0014936543234813655,0.0014936543234813655,2.2310032380545756e-06,12.989999771118164
2014-11-27,8494.2001953125,0.002174455713767457,0.002174455713767457,4.728257651135941e-06,12.739999771118164
2014-11-28,8588.25,0.011011389339421218,0.011011389339421218,0.00012125069518431926,12.899999618530273
2014-12-01,8555.900390625,-0.0037738408764703764,0.0037738408764703764,1.42418749609187e-05,13.199999809265137
2014-12-02,8524.7001953125,-0.0036532942570473856,0.0036532942570473856,1.3346558928575408e-05,12.399999618530273
2014-12-03,8537.650390625,0.0015179851960037325,0.0015179851960037325,2.30427905528649e-06,12.369999885559082
2014-12-04,8564.400390625,0.003128282351293758,0.003128282351293758,9.786150469416003e-06,12.449999809265137
2014-12-05,8538.2998046875,-0.003052220515157543,0.003052220515157543,9.316050073148576e-06,11.949999809265137
2014-12-08,8438.25,-0.01178696074088962,0.01178696074088962,0.00013893244350727317,12.210000038146973
2014-12-09,8340.7001953125,-0.01162777201814715,0.01162777201814715,0.00013520508210600586,12.5
2014-12-10,8355.650390625,0.001790834377979736,0.001790834377979736,3.2070877693540684e-06,12.239999771118164
2014-12-11,8292.900390625,-0.0075382293595515236,0.0075382293595515236,5.6824901877204574e-05,12.770000457763672
2014-12-12,8224.099609375,-0.008330953463077941,0.008330953463077941,6.940478560397033e-05,13.75
2014-12-15,8219.599609375,-0.0005473221143822177,0.0005473221143822177,2.995614968918214e-07,14.020000457763672
2014-12-16,8067.60009765625,-0.01866544617437457,0.01866544617437457,0.00034839888088847423,16.309999465942383
2014-12-17,8029.7998046875,-0.004696455660811477,0.004696455660811477,2.2056695773968168e-05,16.93000030517578
2014-12-18,8159.2998046875,0.015998760320407486,0.015998760320407486,0.00025596033178984506,14.600000381469727
2014-12-19,8225.2001953125,0.008044279165652847,0.008044279165652847,6.471042729495647e-05,14.510000228881836
2014-12-22,8324.0,0.01194027232053888,0.01194027232053888,0.00014257010308862695,14.210000038146973
2014-12-23,8267.0,-0.006871222260849433,0.006871222260849433,4.7213695357992795e-05,15.300000190734863
2014-12-24,8174.10009765625,-0.0113010553438477,0.0113010553438477,0.00012771385188470864,15.069999694824219
2014-12-26,8200.7001953125,0.003248909370282162,0.003248909370282162,1.0555412096307235e-05,14.649999618530273
2014-12-29,8246.2998046875,0.005545050916857839,0.005545050916857839,3.074758967054596e-05,14.579999923706055
2014-12-30,8248.25,0.00023646541975141835,0.00023646541975141835,5.5915894738214474e-08,14.859999656677246
2014-12-31,8282.7001953125,0.004167969146088031,0.004167969146088031,1.737196680274179e-05,15.119999885559082
2015-01-02,8395.4501953125,0.013520889912634575,0.013520889912634575,0.0001828144640295834,13.800000190734863
2015-01-05,8378.400390625,-0.0020329035926431203,0.0020329035926431203,4.132697016981306e-06,14.149999618530273
2015-01-06,8127.35009765625,-0.030422082918029548,0.030422082918029548,0.0009255031290714653,17.420000076293945
2015-01-07,8102.10009765625,-0.0031116297926513815,0.0031116297926513815,9.68223996651568e-06,18.139999389648438
2015-01-08,8234.599609375,0.01622144246054657,0.01622144246054657,0.0002631351955008231,16.469999313354492
2015-01-09,8284.5,0.006041557177687999,0.006041557177687999,3.6500413131273386e-05,15.960000038146973
2015-01-12,8323.0,0.004636467736743234,0.004636467736743234,2.1496833073860928e-05,16.110000610351562
2015-01-13,8299.400390625,-0.0028394966643650508,0.0028394966643650508,8.06274130694025e-06,16.479999542236328
2015-01-14,8277.5498046875,-0.0026362628028638235,0.0026362628028638235,6.949881565763422e-06,17.25
2015-01-15,8494.150390625,0.025830729950324278,0.025830729950324278,0.0006672266097665797,16.15999984741211
2015-01-16,8513.7998046875,0.0023106162211340322,0.0023106162211340322,5.338947321367715e-06,17.270000457763672
2015-01-19,8550.7001953125,0.004324820315931695,0.004324820315931695,1.8704070765095524e-05,17.649999618530273
2015-01-20,8695.599609375,0.01680393189462208,0.01680393189462208,0.0002823721271190972,17.270000457763672
2015-01-21,8729.5,0.003890988763950604,0.003890988763950604,1.5139793561189849e-05,17.709999084472656
2015-01-22,8761.400390625,0.003647659672542357,0.003647659672542357,1.3305421086691815e-05,18.56999969482422
2015-01-23,8835.599609375,0.008433216854945564,0.008433216854945564,7.111914652253795e-05,17.889999389648438
2015-01-27,8910.5,0.008441385660836975,0.008441385660836975,7.125699187498408e-05,18.09000015258789
2015-01-28,8914.2998046875,0.0004263503418490414,0.0004263503418490414,1.8177461399479448e-07,19.770000457763672
2015-01-29,8952.349609375,0.0042593170470792705,0.0042593170470792705,1.8141781707540076e-05,19.43000030517578
2015-01-30,8808.900390625,-0.016153405638702815,0.016153405638702815,0.0002609325137284759,20.170000076293945
2015-02-02,8797.400390625,-0.0013063506955069547,0.0013063506955069547,1.7065521396515043e-06,20.40999984741211
2015-02-03,8756.5498046875,-0.004654298232220474,0.004654298232220474,2.166249203445063e-05,19.809999465942383
2015-02-04,8723.7001953125,-0.0037584872121479928,0.0037584872121479928,1.4126226123879991e-05,20.049999237060547
2015-02-05,8711.7001953125,-0.0013765100457609084,0.0013765100457609084,1.8947799060806981e-06,20.6200008392334
2015-02-06,8661.0498046875,-0.005831032408607971,0.005831032408607971,3.400093895023648e-05,20.690000534057617
2015-02-09,8526.349609375,-0.015674617197285398,0.015674617197285398,0.00024569362428143515,22.020000457763672
2015-02-10,8565.5498046875,0.004586999150377187,0.004586999150377187,2.1040561205561035e-05,21.190000534057617
2015-02-11,8627.400390625,0.007194908616778425,0.007194908616778425,5.176671000379243e-05,20.5
2015-02-12,8711.5498046875,0.009706478627223793,0.009706478627223793,9.421572734075229e-05,20.15999984741211
2015-02-13,8805.5,0.010726817268910518,0.010726817268910518,0.00011506460872059691,20.100000381469727
2015-02-16,8809.349609375,0.0004370868354434235,0.0004370868354434235,1.9104490171794636e-07,20.829999923706055
2015-02-18,8869.099609375,0.006759668427262326,0.006759668427262326,4.569311724652713e-05,20.90999984741211
2015-02-19,8895.2998046875,0.0029497438893496893,0.0029497438893496893,8.700989012755832e-06,20.399999618530273
2015-02-20,8833.599609375,-0.006960437077779418,0.006960437077779418,4.8447684313726485e-05,21.270000457763672
2015-02-23,8754.9501953125,-0.008943311319236858,0.008943311319236858,7.998281735279011e-05,21.6299991607666
2015-02-24,8762.099609375,0.0008162806567537197,0.0008162806567537197,6.66314110590284e-07,21.549999237060547
2015-02-25,8767.25,0.0005876305610850604,0.0005876305610850604,3.4530967632114286e-07,20.780000686645508
2015-02-26,8683.849609375,-0.009558254487962844,0.009558254487962844,9.136022885666186e-05,20.579999923706055
2015-02-27,8844.599609375,0.018342125395864908,0.018342125395864908,0.0003364335640376324,19.56999969482422
2015-03-02,8956.75,0.012600378838793266,0.012600378838793266,0.00015876954688110915,15.850000381469727
2015-03-03,8996.25,0.00440038586730066,0.00440038586730066,1.936339578113938e-05,15.489999771118164
2015-03-04,8922.650390625,-0.008214792388202198,0.008214792388202198,6.748281398126477e-05,15.199999809265137
2015-03-05,8937.75,0.0016908482052135402,0.0016908482052135402,2.85896765307385e-06,14.4399995803833
2015-03-09,8756.75,-0.02045904811401918,0.02045904811401918,0.0004185726497317518,15.8100004196167
2015-03-10,8712.0498046875,-0.005117729137055929,0.005117729137055929,2.619115152027122e-05,15.529999732971191
2015-03-11,8699.9501953125,-0.00138980143838521,0.00138980143838521,1.931548038137599e-06,15.130000114440918
2015-03-12,8776.0,0.00870342200550124,0.00870342200550124,7.574955460584323e-05,14.75
2015-03-13,8647.75,-0.014721551472009752,0.014721551472009752,0.0002167240777430325,14.970000267028809
2015-03-16,8633.150390625,-0.0016896819631506011,0.0016896819631506011,2.8550251365964695e-06,15.180000305175781
2015-03-17,8723.2998046875,0.01038809476984804,0.01038809476984804,0.0001079125129473442,15.130000114440918
2015-03-18,8685.900390625,-0.0042965180681336585,0.0042965180681336585,1.8460067509798986e-05,15.510000228881836
2015-03-19,8634.650390625,-0.005917842938767325,0.005917842938767325,3.5020865047918287e-05,15.199999809265137
2015-03-20,8570.900390625,-0.0074104331263360745,0.0074104331263360745,5.491451911989905e-05,14.260000228881836
2015-03-23,8550.900390625,-0.002336203925268819,0.002336203925268819,5.457848780441437e-06,14.270000457763672
2015-03-24,8542.9501953125,-0.0009301819792756467,0.0009301819792756467,8.652385145691596e-07,13.670000076293945
2015-03-25,8530.7998046875,-0.0014232834235154116,0.0014232834235154116,2.0257357036537506e-06,13.140000343322754
2015-03-26,8342.150390625,-0.022362097108321904,0.022362097108321904,0.0005000633870820189,15.15999984741211
2015-03-27,8341.400390625,-8.990891811211022e-05,8.990891811211022e-05,8.08361355609014e-09,14.5
2015-03-30,8492.2998046875,0.017928732765285012,0.017928732765285012,0.00032143945856900435,14.260000228881836
2015-03-31,8491.0,-0.00015306856794447524,0.00015306856794447524,2.3429986492572434e-08,14.489999771118164
2015-04-01,8586.25,0.011155307528727893,0.011155307528727893,0.0001244408860604932,13.670000076293945
2015-04-06,8659.900390625,0.008541133724940244,0.008541133724940244,7.295096530731161e-05,14.569999694824219
2015-04-07,8660.2998046875,4.6121183134830896e-05,4.6121183134830896e-05,2.12716353375661e-09,14.25
2015-04-08,8714.400390625,0.006227533157299894,0.006227533157299894,3.878216922526958e-05,14.350000381469727
2015-04-09,8778.2998046875,0.007305870171212896,0.007305870171212896,5.337573895861835e-05,14.420000076293945
2015-04-10,8780.349609375,0.00023348090715570997,0.00023348090715570997,5.451333400625326e-08,14.260000228881836
2015-04-13,8834.0,0.0060916874846368065,0.0060916874846368065,3.71086564104807e-05,14.489999771118164
2015-04-16,8706.7001953125,-0.014515046525185486,0.014515046525185486,0.00021068657562829923,14.949999809265137
2015-04-17,8606.0,-0.011633232232741262,0.011633232232741262,0.00013533209218089025,15.039999961853027
2015-04-20,8448.099609375,-0.01851811663955681,0.01851811663955681,0.00034292064387623085,16.299999237060547
2015-04-21,8377.75,-0.008362135754524264,0.008362135754524264,6.992531437709308e-05,17.030000686645508
2015-04-22,8429.7001953125,0.006181825339152998,0.006181825339152998,3.821496452379408e-05,17.209999084472656
2015-04-23,8398.2998046875,-0.003731926202576211,0.003731926202576211,1.3927273181474899e-05,18.5
2015-04-24,8305.25,-0.011141436198728826,0.011141436198728826,0.00012413160057034504,19.110000610351562
2015-04-27,8213.7998046875,-0.011072202173819238,0.011072202173819238,0.00012259366097792747,18.739999771118164
2015-04-28,8285.599609375,0.008703378361128562,0.008703378361128562,7.57487948969609e-05,17.40999984741211
2015-04-29,8239.75,-0.0055490174921902485,0.0055490174921902485,3.0791595128633356e-05,17.239999771118164
2015-04-30,8181.5,-0.007094495768480639,0.007094495768480639,5.033187020898969e-05,17.229999542236328
2015-05-04,8331.9501953125,0.018222037975143816,0.018222037975143816,0.0003320426679675834,17.309999465942383
2015-05-05,8324.7998046875,-0.0008585577695799613,0.0008585577695799613,7.37121443706118e-07,17.360000610351562
2015-05-06,8097.0,-0.027745365388399824,0.027745365388399824,0.0007698053005358149,19.670000076293945
2015-05-07,8057.2998046875,-0.004915134139810429,0.004915134139810429,2.4158543612330004e-05,19.649999618530273
2015-05-08,8191.5,0.01651854271401412,0.01651854271401412,0.00027286225339470893,19.110000610351562
2015-05-11,8325.25,0.016196034167464263,0.016196034167464263,0.0002623115227536698,18.6299991607666
2015-05-12,8126.9501953125,-0.024107341992543527,0.024107341992543527,0.0005811639379454525,20.549999237060547
2015-05-13,8235.4501953125,0.013262307208340643,0.013262307208340643,0.00017588879248840416,20.690000534057617
2015-05-14,8224.2001953125,-0.0013669794296785854,0.0013669794296785854,1.8686327611643906e-06,20.700000762939453
2015-05-15,8262.349609375,0.004627952191887896,0.004627952191887896,2.1417941490399976e-05,19.81999969482422
2015-05-18,8373.650390625,0.013380913913783618,0.013380913913783618,0.000179048857168088,17.899999618530273
2015-05-19,8365.650390625,-0.0009558345015271625,0.0009558345015271625,9.136195943096792e-07,18.270000457763672
2015-05-20,8423.25,0.006861656693210339,0.006861656693210339,4.708233257547824e-05,17.719999313354492
2015-05-21,8421.0,-0.0002671534812630433,0.0002671534812630433,7.137098255096323e-08,17.40999984741211
2015-05-22,8458.9501953125,0.004496489481834225,0.004496489481834225,2.0218417660245814e-05,16.950000762939453
2015-05-25,8370.25,-0.010541322896106728,0.010541322896106728,0.00011111948839998393,16.93000030517578
2015-05-26,8339.349609375,-0.003698523791285403,0.003698523791285403,1.3679078234704152e-05,17.06999969482422
2015-05-27,8334.599609375,-0.0005697510609127147,0.0005697510609127147,3.2461627141116396e-07,17.280000686645508
2015-05-28,8319.0,-0.0018734224796336696,0.0018734224796336696,3.509711787196767e-06,17.1299991607666
2015-05-29,8433.650390625,0.01368764678319723,0.01368764678319723,0.00018735167446156948,16.65999984741211
2015-06-01,8433.400390625,-2.9643593685729908e-05,2.9643593685729908e-05,8.78742646604646e-10,16.90999984741211
2015-06-02,8236.4501953125,-0.02363060893126965,0.02363060893126965,0.0005584056784626009,16.81999969482422
2015-06-03,8135.10009765625,-0.012381404397236432,0.012381404397236432,0.00015329917484790566,17.510000228881836
2015-06-04,8130.64990234375,-0.0005471860103022912,0.0005471860103022912,2.9941252987053914e-07,18.1200008392334
2015-06-05,8114.7001953125,-0.001963603376990351,0.001963603376990351,3.85573822212791e-06,18.09000015258789
2015-06-08,8044.14990234375,-0.008732148739867544,0.008732148739867544,7.625042161517034e-05,18.889999389648438
2015-06-09,8022.39990234375,-0.0027074902267056862,0.0027074902267056862,7.330503327706809e-06,18.010000228881836
2015-06-10,8124.4501953125,0.012640440848079765,0.012640440848079765,0.0001597807448338035,17.079999923706055
2015-06-11,7965.35009765625,-0.019777160752925255,0.019777160752925255,0.00039113608744704704,17.809999465942383
2015-06-12,7982.89990234375,0.0022008448289133065,0.0022008448289133065,4.843717960954441e-06,17.479999542236328
2015-06-15,8013.89990234375,0.0038757800540692557,0.0038757800540692557,1.5021671027521083e-05,17.520000457763672
2015-06-16,8047.2998046875,0.0041590853857635356,0.0041590853857635356,1.7297991246071817e-05,17.170000076293945
2015-06-17,8091.5498046875,0.005483675969067097,0.005483675969067097,3.0070702133723963e-05,16.729999542236328
2015-06-18,8174.60009765625,0.010211514727058937,0.010211514727058937,0.00010427503302094156,16.020000457763672
2015-06-19,8224.9501953125,0.006140443483030782,0.006140443483030782,3.77050461682952e-05,15.09000015258789
2015-06-22,8353.099609375,0.015460439332762258,0.015460439332762258,0.0002390251843620223,15.489999771118164
2015-06-23,8381.5498046875,0.003400157603319678,0.003400157603319678,1.1561071727412617e-05,15.039999961853027
2015-06-24,8360.849609375,-0.0024727884395158908,0.0024727884395158908,6.114682666603434e-06,15.920000076293945
2015-06-25,8398.0,0.004433532413488122,0.004433532413488122,1.965620966144981e-05,15.930000305175781
2015-06-26,8381.099609375,-0.0020144580738723343,0.0020144580738723343,4.0580413313894345e-06,15.760000228881836
2015-06-29,8318.400390625,-0.007509148581665224,0.007509148581665224,5.638731242152484e-05,17.299999237060547
2015-06-30,8368.5,0.006004681365091595,0.006004681365091595,3.6056198296278264e-05,16.93000030517578
2015-07-01,8453.0498046875,0.010052642911917523,0.010052642911917523,0.00010105562951452562,15.850000381469727
2015-07-02,8444.900390625,-0.000964544764320111,0.000964544764320111,9.303466023773385e-07,15.5600004196167
2015-07-03,8484.900390625,0.004725404031422576,0.004725404031422576,2.2329443260184734e-05,16.309999465942383
2015-07-06,8522.150390625,0.004380543110671768,0.004380543110671768,1.9189157944453894e-05,16.020000457763672
2015-07-07,8510.7998046875,-0.001332779992604704,0.001332779992604704,1.776302508687395e-06,16.309999465942383
2015-07-08,8363.0498046875,-0.017512752525573723,0.017512752525573723,0.00030669650102198884,17.790000915527344
2015-07-09,8328.5498046875,-0.004133821795005965,0.004133821795005965,1.7088482632866336e-05,17.440000534057617
2015-07-10,8360.5498046875,0.0038348430969963264,0.0038348430969963264,1.4706021578580376e-05,17.06999969482422
2015-07-13,8459.650390625,0.011783656733947193,0.011783656733947193,0.00013885456602349904,16.270000457763672
2015-07-14,8454.099609375,-0.000656363189627265,0.000656363189627265,4.3081263669767707e-07,16.010000228881836
2015-07-15,8523.7998046875,0.008210743295109776,0.008210743295109776,6.741630545819015e-05,15.569999694824219
2015-07-16,8608.0498046875,0.009835561378738018,0.009835561378738018,9.67382676349229e-05,14.779999732971191
2015-07-17,8609.849609375,0.00020906205231804127,0.00020906205231804127,4.3706941719431424e-08,14.800000190734863
2015-07-20,8603.4501953125,-0.0007435430080160121,0.0007435430080160121,5.528562047694993e-07,14.960000038146973
2015-07-21,8529.4501953125,-0.008638404295993872,0.008638404295993872,7.46220287810454e-05,15.100000381469727
2015-07-22,8633.5,0.012125080858812433,0.012125080858812433,0.00014701758583273962,15.130000114440918
2015-07-23,8589.7998046875,-0.005074554770036643,0.005074554770036643,2.5751106114101648e-05,15.520000457763672
2015-07-24,8521.5498046875,-0.00797720384261551,0.00797720384261551,6.363578114663966e-05,15.460000038146973
2015-07-27,8361.0,-0.019020189089775028,0.019020189089775028,0.00036176759301079697,16.3700008392334
2015-07-28,8337.0,-0.002874597739444469,0.002874597739444469,8.263312163619253e-06,15.920000076293945
2015-07-29,8375.0498046875,0.0045535850933296085,0.0045535850933296085,2.073513720219362e-05,15.880000114440918
2015-07-30,8421.7998046875,0.005566534416230723,0.005566534416230723,3.098630540708112e-05,15.329999923706055
2015-07-31,8532.849609375,0.013099815871268341,0.013099815871268341,0.00017160517586113392,14.569999694824219
2015-08-03,8543.0498046875,0.0011946892258352072,0.0011946892258352072,1.4272823463267266e-06,15.390000343322754
2015-08-04,8516.900390625,-0.0030655933038692055,0.0030655933038692055,9.39786230472771e-06,14.829999923706055
2015-08-05,8567.9501953125,0.005976049525257857,0.005976049525257857,3.571316792833466e-05,14.670000076293945
2015-08-06,8588.650390625,0.0024130893825477714,0.0024130893825477714,5.823000368164785e-06,14.729999542236328
2015-08-07,8564.599609375,-0.0028042262557410207,0.0028042262557410207,7.863684893387305e-06,14.90999984741211
2015-08-10,8525.599609375,-0.004564027276617137,0.004564027276617137,2.0830344981705243e-05,15.470000267028809
2015-08-11,8462.349609375,-0.00744648944425946,0.00744648944425946,5.5450205043467556e-05,15.890000343322754
2015-08-12,8349.4501953125,-0.013431174840318333,0.013431174840318333,0.0001803964575912002,17.450000762939453
2015-08-13,8355.849609375,0.0007661537895581861,0.0007661537895581861,5.869916292543693e-07,17.020000457763672
2015-08-14,8518.5498046875,0.01928427002460754,0.01928427002460754,0.00037188307038197693,16.020000457763672
2015-08-17,8477.2998046875,-0.004854135797220708,0.004854135797220708,2.3562634337859515e-05,16.459999084472656
2015-08-18,8466.5498046875,-0.001268897173926015,0.001268897173926015,1.6101000379974277e-06,16.360000610351562
2015-08-19,8495.150390625,0.00337237573051901,0.00337237573051901,1.1372918067793625e-05,16.68000030517578
2015-08-20,8372.75,-0.014513073495647132,0.014513073495647132,0.00021062930229005528,16.979999542236328
2015-08-21,8299.9501953125,-0.008732870680242016,0.008732870680242016,7.626303031783064e-05,17.110000610351562
2015-08-24,7809.0,-0.0609725995392517,0.0609725995392517,0.0037176578945739567,28.1299991607666
2015-08-25,7880.7001953125,0.009139842514835898,0.009139842514835898,8.35367211960018e-05,26.850000381469727
2015-08-26,7791.85009765625,-0.011338429020653107,0.011338429020653107,0.00012855997265638858,25.520000457763672
2015-08-27,7948.9501953125,0.019961540867943228,0.019961540867943228,0.0003984631138225677,22.040000915527344
2015-08-28,8001.9501953125,0.006645417343079588,0.006645417343079588,4.416157166370297e-05,23.329999923706055
2015-08-31,7971.2998046875,-0.0038377197180878234,0.0038377197180878234,1.4728092634600083e-05,24.600000381469727
2015-09-01,7785.85009765625,-0.02353957047024599,0.02353957047024599,0.0005541113779236771,28.719999313354492
2015-09-02,7717.0,-0.008882308721944062,0.008882308721944062,7.889540823192356e-05,26.649999618530273
2015-09-03,7823.0,0.01364242522747763,0.01364242522747763,0.00018611576608731806,24.1200008392334
2015-09-04,7655.0498046875,-0.021702577450189775,0.021702577450189775,0.0004710018679814857,26.420000076293945
2015-09-07,7558.7998046875,-0.012653113658095735,0.012653113658095735,0.00016010128524468882,26.350000381469727
2015-09-08,7688.25,0.016980767754825463,0.016980767754825463,0.0002883464735433202,24.56999969482422
2015-09-09,7818.60009765625,0.016812333537542277,0.016812333537542277,0.0002826545589775688,24.299999237060547
2015-09-10,7788.10009765625,-0.003908582653268309,0.003908582653268309,1.5277018357429935e-05,24.75
2015-09-11,7789.2998046875,0.00015403174356981987,0.00015403174356981987,2.3725778027158744e-08,24.979999542236328
2015-09-14,7872.25,0.010592945398427487,0.010592945398427487,0.00011221049221406607,24.31999969482422
2015-09-15,7829.10009765625,-0.00549634403468119,0.00549634403468119,3.02097977475755e-05,23.739999771118164
2015-09-16,7899.14990234375,0.008907573043561995,0.008907573043561995,7.93448575263923e-05,22.0
2015-09-18,7981.89990234375,0.010421319740291772,0.010421319740291772,0.00010860390512939497,18.290000915527344
2015-09-21,7977.10009765625,-0.0006015169913181517,0.0006015169913181517,3.6182269084444135e-07,18.18000030517578
2015-09-22,7812.0,-0.020913936119176794,0.020913936119176794,0.00043739272399700773,20.350000381469727
2015-09-23,7845.9501953125,0.004336486972064778,0.004336486972064778,1.880511925888755e-05,20.690000534057617
2015-09-24,7868.5,0.0028699470722847766,0.0028699470722847766,8.236596197715961e-06,20.8799991607666
2015-09-28,7795.7001953125,-0.009295122372462671,0.009295122372462671,8.639929991905607e-05,21.670000076293945
2015-09-29,7843.2998046875,0.006087314580231289,0.006087314580231289,3.7055398798696435e-05,21.56999969482422
2015-09-30,7948.89990234375,0.01337390276102144,0.01337390276102144,0.00017886127506125691,19.6299991607666
2015-10-01,7950.89990234375,0.0002515754959328041,0.0002515754959328041,6.329023015383632e-08,19.239999771118164
2015-10-05,8119.2998046875,0.02095880198216427,0.02095880198216427,0.0004392713805275729,19.1299991607666
2015-10-06,8152.89990234375,0.004129760698013392,0.004129760698013392,1.7054923422856064e-05,19.309999465942383
2015-10-07,8177.39990234375,0.003000559533489925,0.003000559533489925,9.003357514017275e-06,19.34000015258789
2015-10-08,8129.35009765625,-0.00589325816039762,0.00589325816039762,3.473049174509314e-05,19.559999465942383
2015-10-09,8189.7001953125,0.007396309429230271,0.007396309429230271,5.4705393172920625e-05,18.93000030517578
2015-10-12,8143.60009765625,-0.005644936325841478,0.005644936325841478,3.1865306122804684e-05,19.1200008392334
2015-10-13,8131.7001953125,-0.0014623268695636497,0.0014623268695636497,2.1383998734478234e-06,18.020000457763672
2015-10-14,8107.89990234375,-0.002931144839264699,0.002931144839264699,8.591610068748079e-06,17.719999313354492
2015-10-15,8179.5,0.008792141080753622,0.008792141080753622,7.730174478387548e-05,17.170000076293945
2015-10-16,8238.150390625,0.007144827515608405,0.007144827515608405,5.104856022779498e-05,16.270000457763672
2015-10-19,8275.0498046875,0.00446908837067067,0.00446908837067067,1.9972750864863824e-05,16.8799991607666
2015-10-20,8261.650390625,-0.0016205672034621203,0.0016205672034621203,2.626238060937037e-06,17.0
2015-10-21,8251.7001953125,-0.0012051093404612868,0.0012051093404612868,1.4522885224670376e-06,16.6200008392334
2015-10-23,8295.4501953125,0.005287931868963474,0.005287931868963474,2.796222345079954e-05,16.190000534057617
2015-10-26,8260.5498046875,-0.004216047634858218,0.004216047634858218,1.777505765939357e-05,17.229999542236328
2015-10-27,8232.900390625,-0.003352778179937369,0.003352778179937369,1.1241121523864137e-05,16.540000915527344
2015-10-28,8171.2001953125,-0.007522568634822207,0.007522568634822207,5.658903886561085e-05,17.040000915527344
2015-10-29,8111.75,-0.0073021729802976425,0.0073021729802976425,5.3321730234188954e-05,17.579999923706055
2015-10-30,8065.7998046875,-0.005680751342262694,0.005680751342262694,3.22709358126194e-05,17.8799991607666
2015-11-02,8050.7998046875,-0.0018614353765358403,0.0018614353765358403,3.4649416610191255e-06,19.479999542236328
2015-11-03,8060.7001953125,0.0012289844981697455,0.0012289844981697455,1.5104028967415412e-06,19.559999465942383
2015-11-04,8040.2001953125,-0.0025464428174963505,0.0025464428174963505,6.484371022778751e-06,19.360000610351562
2015-11-05,7955.4501953125,-0.010596729858654794,0.010596729858654794,0.00011229068369730606,19.290000915527344
2015-11-06,7954.2998046875,-0.00014461454479229208,0.00014461454479229208,2.0913366565481853e-08,19.469999313354492
2015-11-09,7915.2001953125,-0.004927652224989373,0.004927652224989373,2.4281756450442717e-05,17.040000915527344
2015-11-10,7783.35009765625,-0.016798136847989233,0.016798136847989233,0.00028217740156377365,16.829999923706055
2015-11-13,7762.25,-0.0027146086971354118,0.0027146086971354118,7.369100378563217e-06,17.649999618530273
2015-11-16,7806.60009765625,0.005697301642988936,0.005697301642988936,3.2459246011204425e-05,17.8799991607666
2015-11-17,7837.5498046875,0.0039567183391247835,0.0039567183391247835,1.5655620015166387e-05,16.969999313354492
2015-11-18,7731.7998046875,-0.013584591382027576,0.013584591382027576,0.0001845411230166579,17.420000076293945
2015-11-19,7842.75,0.014247868942778304,0.014247868942778304,0.00020300176941058653,15.84000015258789
2015-11-20,7856.5498046875,0.0017580157603643014,0.0017580157603643014,3.0906194136892728e-06,15.899999618530273
2015-11-23,7849.25,-0.0009295680963622142,0.0009295680963622142,8.640968457744707e-07,17.079999923706055
2015-11-24,7831.60009765625,-0.0022511419581774496,0.0022511419581774496,5.067640115867002e-06,16.25
2015-11-26,7883.7998046875,0.006643152490718722,0.006643152490718722,4.413147501494236e-05,16.690000534057617
2015-11-27,7942.7001953125,0.007443296061827621,0.007443296061827621,5.540265626401857e-05,16.729999542236328
2015-11-30,7935.25,-0.000938432954834984,0.000938432954834984,8.806564107203191e-07,16.43000030517578
2015-12-01,7954.89990234375,0.0024732192560477395,0.0024732192560477395,6.116813488485334e-06,15.640000343322754
2015-12-02,7931.35009765625,-0.0029648056574549755,0.0029648056574549755,8.79007258647703e-06,15.489999771118164
2015-12-03,7864.14990234375,-0.008508828559286395,0.008508828559286395,7.240016345132777e-05,16.059999465942383
2015-12-04,7781.89990234375,-0.010513932743920033,0.010513932743920033,0.00011054278174367384,16.09000015258789
2015-12-07,7765.39990234375,-0.0021225558652615325,0.0021225558652615325,4.505243401156133e-06,15.869999885559082
2015-12-08,7701.7001953125,-0.008236846826399094,0.008236846826399094,6.784564564156083e-05,15.970000267028809
2015-12-09,7612.5,-0.011649476035916928,0.011649476035916928,0.00013571029191140278,16.729999542236328
2015-12-10,7683.2998046875,0.009257483913935133,0.009257483913935133,8.570100841676774e-05,16.290000915527344
2015-12-11,7610.4501953125,-0.009526788440796045,0.009526788440796045,9.075969799568514e-05,17.18000030517578
2015-12-14,7650.0498046875,0.0051898297247641055,0.0051898297247641055,2.693433257204507e-05,17.799999237060547
2015-12-15,7700.89990234375,0.006625034231155874,0.006625034231155874,4.389107856398711e-05,17.34000015258789
2015-12-16,7750.89990234375,0.006471760590641962,0.006471760590641962,4.188368514258639e-05,16.729999542236328
2015-12-17,7844.35009765625,0.011984586823973591,0.011984586823973591,0.0001436303213413614,14.220000267028809
2015-12-18,7761.9501953125,-0.010559923429662535,0.010559923429662535,0.00011151198284033577,14.489999771118164
2015-12-21,7834.4501953125,0.009297083993681328,0.009297083993681328,8.643577078556555e-05,14.229999542236328
2015-12-22,7786.10009765625,-0.006190595230165718,0.006190595230165718,3.832346930375054e-05,14.479999542236328
2015-12-23,7865.9501953125,0.010203237135106905,0.010203237135106905,0.00010410604803522457,13.649999618530273
2015-12-24,7861.0498046875,-0.0006231818889286995,0.0006231818889286995,3.88355666688742e-07,13.75
2015-12-28,7925.14990234375,0.008121074246974173,0.008121074246974173,6.595184692486713e-05,14.399999618530273
2015-12-29,7928.9501953125,0.0004794082310730862,0.0004794082310730862,2.298322520206256e-07,14.239999771118164
2015-12-30,7896.25,-0.004132679706995248,0.004132679706995248,1.707904156061033e-05,14.350000381469727
2015-12-31,7946.35009765625,0.006324752800432643,0.006324752800432643,4.000249798658056e-05,13.869999885559082
2016-01-04,7791.2998046875,-0.019705014523420224,0.019705014523420224,0.00038828759736820196,16.84000015258789
2016-01-05,7784.64990234375,-0.0008538680302466864,0.0008538680302466864,7.290906130773561e-07,16.700000762939453
2016-01-06,7741.0,-0.005622955254962513,0.005622955254962513,3.161762579931054e-05,16.549999237060547
2016-01-07,7568.2998046875,-0.022562432473354942,0.022562432473354942,0.0005090633591147017,18.959999084472656
2016-01-08,7601.35009765625,0.004357430194614917,0.004357430194614917,1.8987197900941792e-05,17.799999237060547
2016-01-11,7563.85009765625,-0.00494554321070581,0.00494554321070581,2.445839764895833e-05,18.690000534057617
2016-01-12,7510.2998046875,-0.007104947023205757,0.007104947023205757,5.048027220256035e-05,18.709999084472656
2016-01-13,7562.39990234375,0.00691320150571891,0.00691320150571891,4.7792355058674206e-05,18.350000381469727
2016-01-14,7536.7998046875,-0.0033909243778356985,0.0033909243778356985,1.1498368136200419e-05,18.610000610351562
2016-01-15,7437.7998046875,-0.013222582904531205,0.013222582904531205,0.00017483669866720088,19.420000076293945
2016-01-18,7351.0,-0.01173872154132596,0.01173872154132596,0.00013779758342479014,20.229999542236328
2016-01-19,7435.10009765625,0.011375684463334866,0.011375684463334866,0.00012940619700935825,18.43000030517578
2016-01-20,7309.2998046875,-0.017064559633827973,0.017064559633827973,0.0002911991954964711,20.969999313354492
2016-01-21,7276.7998046875,-0.004456304927870771,0.004456304927870771,1.9858653610165318e-05,20.809999465942383
2016-01-22,7422.4501953125,0.019818039378412727,0.019818039378412727,0.0003927546848043175,18.81999969482422
2016-01-25,7436.14990234375,0.0018440109866640082,0.0018440109866640082,3.400376518937569e-06,18.270000457763672
2016-01-27,7437.75,0.00021515509354344282,0.00021515509354344282,4.629171427768763e-08,19.059999465942383
2016-01-28,7424.64990234375,-0.0017628513745914778,0.0017628513745914778,3.107644968899063e-06,17.899999618530273
2016-01-29,7563.5498046875,0.018535098493895702,0.018535098493895702,0.0003435498761784147,17.239999771118164
2016-02-01,7555.9501953125,-0.001005272663116682,0.001005272663116682,1.010573127209706e-06,17.889999389648438
2016-02-02,7455.5498046875,-0.013376662920665904,0.013376662920665904,0.00017893511089311806,18.040000915527344
2016-02-03,7361.7998046875,-0.012654253761286621,0.012654253761286621,0.0001601301382550366,18.59000015258789
2016-02-04,7404.0,0.00571595318480905,0.00571595318480905,3.267212081092873e-05,18.209999084472656
2016-02-05,7489.10009765625,0.011428248424226505,0.011428248424226505,0.00013060486204583558,18.110000610351562
2016-02-08,7387.25,-0.013693101923425259,0.013693101923425259,0.00018750104028531254,20.260000228881836
2016-02-09,7298.2001953125,-0.012127772043135017,0.012127772043135017,0.00014708285473024729,21.729999542236328
2016-02-10,7215.7001953125,-0.011368534484495037,0.011368534484495037,0.00012924357632515285,22.469999313354492
2016-02-11,6976.35009765625,-0.03373336331978199,0.03373336331978199,0.001137939800864413,25.969999313354492
2016-02-12,6980.9501953125,0.0006591672782349067,0.0006591672782349067,4.3450150069561487e-07,24.670000076293945
2016-02-15,7162.9501953125,0.02573689591661371,0.02573689591661371,0.0006623878114226076,22.3799991607666
2016-02-16,7048.25,-0.01614257549907488,0.01614257549907488,0.00026058274374333263,23.040000915527344
2016-02-17,7108.4501953125,0.008504885651830765,0.008504885651830765,7.233307995071681e-05,21.829999923706055
2016-02-18,7191.75,0.011650291007518507,0.011650291007518507,0.00013572928055986659,21.489999771118164
2016-02-19,7210.75,0.002638432358562314,0.002638432358562314,6.961325310708695e-06,20.920000076293945
2016-02-22,7234.5498046875,0.0032951654232690796,0.0032951654232690796,1.0858115166708093e-05,21.020000457763672
2016-02-23,7109.5498046875,-0.017429210300505937,0.017429210300505937,0.0003037773716992622,23.84000015258789
2016-02-24,7018.7001953125,-0.0128608796700014,0.0128608796700014,0.00016540222588625532,22.959999084472656
2016-02-25,6970.60009765625,-0.006876725240095017,0.006876725240095017,4.728935002775987e-05,22.75
2016-02-26,7029.75,0.008449825021575584,0.008449825021575584,7.139954289524483e-05,21.8700008392334
2016-02-29,6987.0498046875,-0.006092735574228962,0.006092735574228962,3.712142677747512e-05,20.15999984741211
2016-03-01,7222.2998046875,0.03311502695088197,0.03311502695088197,0.0010966050099576392,18.670000076293945
2016-03-02,7368.85009765625,0.02008823459754814,0.02008823459754814,0.00040353716924613006,18.989999771118164
2016-03-03,7475.60009765625,0.014382727390574045,0.014382727390574045,0.0002068628471915689,18.040000915527344
2016-03-04,7485.35009765625,0.0013033933343828406,0.0013033933343828406,1.6988341841136192e-06,17.8799991607666
2016-03-08,7485.2998046875,-6.718875810813698e-06,6.718875810813698e-06,4.514329216113743e-11,18.469999313354492
2016-03-09,7531.7998046875,0.006192960002448895,0.006192960002448895,3.835275359193182e-05,17.510000228881836
2016-03-10,7486.14990234375,-0.006079397498643517,0.006079397498643517,3.695907394651305e-05,17.899999618530273
2016-03-11,7510.2001953125,0.0032074889464729544,0.0032074889464729544,1.0287985341746182e-05,17.100000381469727
2016-03-14,7538.75,0.0037942631968658764,0.0037942631968658764,1.439643320709086e-05,17.100000381469727
2016-03-15,7460.60009765625,-0.010420532757604035,0.010420532757604035,0.00010858750295229876,17.600000381469727
2016-03-16,7498.75,0.005100486959710426,0.005100486959710426,2.6014967226176107e-05,17.110000610351562
2016-03-17,7512.5498046875,0.0018385894298917032,0.0018385894298917032,3.3804110917094985e-06,16.84000015258789
2016-03-18,7604.35009765625,0.012145535400108631,0.012145535400108631,0.00014751403015529193,16.3799991607666
2016-03-21,7704.25,0.013051659829120443,0.013051659829120443,0.00017034582429507626,16.329999923706055
2016-03-22,7714.89990234375,0.0013813866658977931,0.0013813866658977931,1.908229120720221e-06,16.43000030517578
2016-03-23,7716.5,0.000207382048564695,0.000207382048564695,4.300731406688952e-08,16.350000381469727
2016-03-28,7615.10009765625,-0.013227762297457975,0.013227762297457975,0.0001749736953980507,17.489999771118164
2016-03-29,7597.0,-0.0023796985402065656,0.0023796985402065656,5.6629651422612595e-06,17.639999389648438
2016-03-30,7735.2001953125,0.018027932915947852,0.018027932915947852,0.00032500636522191605,16.809999465942383
2016-03-31,7738.39990234375,0.0004135698294723892,0.0004135698294723892,1.7104000384982107e-07,16.579999923706055
2016-04-01,7713.0498046875,-0.0032812610960895605,0.0032812610960895605,1.0766674380710864e-05,17.280000686645508
2016-04-04,7758.7998046875,0.005913983718554631,0.005913983718554631,3.4975203423329264e-05,17.450000762939453
2016-04-05,7603.2001953125,-0.020258420894693874,0.020258420894693874,0.00041040361714656936,17.829999923706055
2016-04-06,7614.35009765625,0.0014654006885952725,0.0014654006885952725,2.1473991781354988e-06,17.350000381469727
2016-04-07,7546.4501953125,-0.008957357794121351,0.008957357794121351,8.023425865190651e-05,16.93000030517578
2016-04-08,7555.2001953125,0.001158813871706803,0.001158813871706803,1.3428495892601108e-06,16.43000030517578
2016-04-11,7671.39990234375,0.015263021567415073,0.015263021567415073,0.00023295982736737768,16.010000228881836
2016-04-12,7708.9501953125,0.0048829015384887434,0.0048829015384887434,2.3842727434575737e-05,16.020000457763672
2016-04-13,7850.4501953125,0.018188863004861715,0.018188863004861715,0.00033083473740962713,16.040000915527344
2016-04-18,7914.7001953125,0.008150934704248517,0.008150934704248517,6.643773655292286e-05,16.950000762939453
2016-04-20,7914.75,6.292661701482301e-06,6.292661701482301e-06,3.959759128930213e-11,17.079999923706055
2016-04-21,7912.0498046875,-0.00034121810751646184,0.00034121810751646184,1.1642979689711571e-07,16.510000228881836
2016-04-22,7899.2998046875,-0.0016127659027939515,0.0016127659027939515,2.6010138572147893e-06,16.3799991607666
2016-04-25,7855.0498046875,-0.005617511031739854,0.005617511031739854,3.155643019171896e-05,16.56999969482422
2016-04-26,7962.64990234375,0.013605234565983467,0.013605234565983467,0.00018510240759543134,16.579999923706055
2016-04-27,7979.89990234375,0.002164021055994669,0.002164021055994669,4.6829871307882815e-06,16.350000381469727
2016-04-28,7847.25,-0.016762715869970777,0.016762715869970777,0.00028098864333737017,16.600000381469727
2016-04-29,7849.7998046875,0.0003248769344116223,0.0003248769344116223,1.0554502251269353e-07,16.540000915527344
2016-05-02,7805.89990234375,-0.005608183374211703,0.005608183374211703,3.1451720758784566e-05,17.09000015258789
2016-05-03,7747.0,-0.007574173857563739,0.007574173857563739,5.736810962460197e-05,17.459999084472656
2016-05-04,7706.5498046875,-0.005235080380291306,0.005235080380291306,2.7406066588110963e-05,17.450000762939453
2016-05-05,7735.5,0.003749531907512104,0.003749531907512104,1.4058989525451358e-05,17.170000076293945
2016-05-06,7733.4501953125,-0.00026502182418547155,0.00026502182418547155,7.023656729459499e-08,16.950000762939453
2016-05-09,7866.0498046875,0.017000904277695215,0.017000904277695215,0.00028903074625935543,16.610000610351562
2016-05-10,7887.7998046875,0.0027612316174809364,0.0027612316174809364,7.624400045376389e-06,16.420000076293945
2016-05-11,7848.85009765625,-0.004950200558543867,0.004950200558543867,2.450448556980801e-05,16.959999084472656
2016-05-12,7900.39990234375,0.006546342052207653,0.006546342052207653,4.285459426450231e-05,16.329999923706055
2016-05-13,7814.89990234375,-0.010881223351540733,0.010881223351540733,0.00011840102162611533,17.0
2016-05-16,7860.75,0.005849866346159204,0.005849866346159204,3.4220936267926037e-05,17.030000686645508
2016-05-17,7890.75,0.0038091656381104887,0.0038091656381104887,1.4509742858561687e-05,16.3700008392334
2016-05-18,7870.14990234375,-0.002614077814670393,0.002614077814670393,6.833402821151938e-06,16.450000762939453
2016-05-19,7783.39990234375,-0.011083861385826453,0.011083861385826453,0.00012285198322021468,17.059999465942383
2016-05-20,7749.7001953125,-0.004339090032687426,0.004339090032687426,1.8827702311767368e-05,16.43000030517578
2016-05-23,7731.0498046875,-0.0024094956185153732,0.0024094956185153732,5.8056691356447815e-06,16.15999984741211
2016-05-24,7748.85009765625,0.0022997953380331686,0.0022997953380331686,5.289058596839096e-06,16.219999313354492
2016-05-25,7934.89990234375,0.023726281336622208,0.023726281336622208,0.0005629364260645472,15.520000457763672
2016-05-26,8069.64990234375,0.016839359534278495,0.016839359534278495,0.00028356402952469604,15.329999923706055
2016-05-27,8156.64990234375,0.010723434761836886,0.010723434761836886,0.00011499205309137171,15.260000228881836
2016-05-30,8178.5,0.002675226223002301,0.002675226223002301,7.1568353442391565e-06,15.979999542236328
2016-05-31,8160.10009765625,-0.0022523239460265896,0.0022523239460265896,5.072963157844788e-06,16.049999237060547
2016-06-01,8179.9501953125,0.0024296262330994575,0.0024296262330994575,5.903083632565059e-06,15.84000015258789
2016-06-02,8218.9501953125,0.004756425442880727,0.004756425442880727,2.2623582993683118e-05,15.09000015258789
2016-06-03,8220.7998046875,0.00022501672869773692,0.00022501672869773692,5.063252819383094e-08,15.0
2016-06-06,8201.0498046875,-0.0024053331374929024,0.0024053331374929024,5.78562750232145e-06,15.359999656677246
2016-06-07,8266.4501953125,0.007943007071457264,0.007943007071457264,6.30913613372201e-05,14.869999885559082
2016-06-08,8273.0498046875,0.0007980422292402209,0.0007980422292402209,6.368713996507013e-07,15.140000343322754
2016-06-09,8203.599609375,-0.008430185637149968,0.008430185637149968,7.106802987680961e-05,15.670000076293945
2016-06-10,8170.0498046875,-0.004098029802836798,0.004098029802836798,1.6793848264938607e-05,15.970000267028809
2016-06-13,8110.60009765625,-0.007303144729646939,0.007303144729646939,5.3335922942169864e-05,16.579999923706055
2016-06-14,8108.85009765625,-0.00021579029938960387,0.00021579029938960387,4.656545331065487e-08,17.190000534057617
2016-06-15,8206.599609375,0.011982591110193301,0.011982591110193301,0.00014358248971408353,17.059999465942383
2016-06-16,8140.75,-0.008056347617289792,0.008056347617289792,6.490473693061091e-05,17.700000762939453
2016-06-17,8170.2001953125,0.0036110989197415846,0.0036110989197415846,1.304003540815884e-05,17.350000381469727
2016-06-20,8238.5,0.008324876233428225,0.008324876233428225,6.930356430189811e-05,17.520000457763672
2016-06-21,8219.900390625,-0.0022601974495153427,0.0022601974495153427,5.10849251079566e-06,17.260000228881836
2016-06-22,8203.7001953125,-0.001972795244488282,0.001972795244488282,3.89192107667558e-06,18.18000030517578
2016-06-23,8270.4501953125,0.00810364889252149,0.00810364889252149,6.566912537326477e-05,18.020000457763672
2016-06-24,8088.60009765625,-0.02223326969761141,0.02223326969761141,0.0004943182814467257,18.6299991607666
2016-06-27,8094.7001953125,0.0007538756415223447,0.0007538756415223447,5.683284828807268e-07,18.530000686645508
2016-06-28,8127.85009765625,0.004086897298664459,0.004086897298664459,1.6702729529830856e-05,17.729999542236328
2016-06-29,8204.0,0.009325392253691965,0.009325392253691965,8.69629406852181e-05,16.15999984741211
2016-06-30,8287.75,0.010156680759383653,0.010156680759383653,0.00010315816404803409,16.290000915527344
2016-07-01,8328.349609375,0.004886789454209853,0.004886789454209853,2.388071116977663e-05,15.739999771118164
2016-07-04,8370.7001953125,0.005072225932684971,0.005072225932684971,2.572747591220192e-05,15.579999923706055
2016-07-05,8335.9501953125,-0.00416002601386157,0.00416002601386157,1.7305816436004982e-05,15.359999656677246
2016-07-07,8337.900390625,0.0002339226096985007,0.0002339226096985007,5.47197873281571e-08,15.3100004196167
2016-07-08,8323.2001953125,-0.0017646132140196943,0.0017646132140196943,3.113859795092915e-06,15.079999923706055
2016-07-11,8467.900390625,0.01723577043083921,0.01723577043083921,0.0002970717823445912,14.850000381469727
2016-07-12,8521.0498046875,0.006256959594241648,0.006256959594241648,3.914954336397261e-05,14.779999732971191
2016-07-13,8519.5,-0.0001818960901539572,0.0001818960901539572,3.308618761329653e-08,15.329999923706055
2016-07-14,8565.0,0.005326478102926448,0.005326478102926448,2.8371368980954928e-05,15.609999656677246
2016-07-15,8541.400390625,-0.0027591572520208334,0.0027591572520208334,7.612948741379157e-06,15.640000343322754
2016-07-18,8508.7001953125,-0.0038357821106622886,0.0038357821106622886,1.4713224400476841e-05,15.989999771118164
2016-07-19,8528.5498046875,0.0023301434628515147,0.0023301434628515147,5.429568557469648e-06,15.800000190734863
2016-07-20,8565.849609375,0.004363986470652139,0.004363986470652139,1.904437791603491e-05,15.989999771118164
2016-07-21,8510.099609375,-0.00652967485068765,0.00652967485068765,4.263665365570278e-05,15.710000038146973
2016-07-22,8541.2001953125,0.0036478885225085054,0.0036478885225085054,1.3307090672649286e-05,15.5
2016-07-25,8635.650390625,0.010997493024321226,0.010997493024321226,0.00012094485281999403,15.720000267028809
2016-07-26,8590.650390625,-0.005224581055714631,0.005224581055714631,2.7296247207732204e-05,15.619999885559082
2016-07-27,8615.7998046875,0.0029232563005614403,0.0029232563005614403,8.545427398772158e-06,15.430000305175781
2016-07-28,8666.2998046875,0.005844213941164874,0.005844213941164874,3.415483659010587e-05,15.149999618530273
2016-07-29,8638.5,-0.0032129615963578163,0.0032129615963578163,1.0323122219670168e-05,14.920000076293945
2016-08-01,8636.5498046875,-0.00022578173062699604,0.00022578173062699604,5.09773898849214e-08,15.180000305175781
2016-08-02,8622.900390625,-0.0015816745902789463,0.0015816745902789463,2.5016945095340725e-06,15.6899995803833
2016-08-03,8544.849609375,-0.009092783738205783,0.009092783738205783,8.267871610977953e-05,16.239999771118164
2016-08-04,8551.099609375,0.0007311673892417124,0.0007311673892417124,5.346057510905418e-07,15.140000343322754
2016-08-05,8683.150390625,0.015324527088340225,0.015324527088340225,0.00023484113048127334,14.350000381469727
2016-08-08,8711.349609375,0.003242317221417232,0.003242317221417232,1.051262096429876e-05,14.59000015258789
2016-08-09,8678.25,-0.0038068328301676924,0.0038068328301676924,1.4491976196842563e-05,14.539999961853027
2016-08-10,8575.2998046875,-0.0119339403558223,0.0119339403558223,0.00014241893241632406,14.920000076293945
2016-08-11,8592.150390625,0.001963086091088332,0.001963086091088332,3.853707001024467e-06,14.210000038146973
2016-08-16,8642.5498046875,0.0058486143833095606,0.0058486143833095606,3.420629020465547e-05,14.180000305175781
2016-08-17,8624.0498046875,-0.0021428662849281455,0.0021428662849281455,4.591875915081752e-06,14.779999732971191
2016-08-18,8673.25,0.005688787100174632,0.005688787100174632,3.23622986711133e-05,14.550000190734863
2016-08-19,8666.900390625,-0.0007323592374647016,0.0007323592374647016,5.363500526998791e-07,14.539999961853027
2016-08-22,8629.150390625,-0.004365165253066113,0.004365165253066113,1.9054667686575744e-05,14.239999771118164
2016-08-23,8632.599609375,0.0003996372089627608,0.0003996372089627608,1.597098987875453e-07,13.899999618530273
2016-08-24,8650.2998046875,0.0020482907499330422,0.0020482907499330422,4.195494996261265e-06,13.489999771118164
2016-08-25,8592.2001953125,-0.006739142150229588,0.006739142150229588,4.541603692100108e-05,13.289999961853027
2016-08-26,8572.5498046875,-0.0022896225356679534,0.0022896225356679534,5.242371355838549e-06,13.569999694824219
2016-08-29,8607.4501953125,0.00406291485846204,0.00406291485846204,1.650727714711162e-05,13.170000076293945
2016-08-30,8744.349609375,0.015779602831678955,0.015779602831678955,0.0002489958655255305,13.020000457763672
2016-08-31,8786.2001953125,0.0047745981624819625,0.0047745981624819625,2.2796787613176132e-05,13.239999771118164
2016-09-01,8774.650390625,-0.0013154039773133465,0.0013154039773133465,1.730287623531771e-06,13.34000015258789
2016-09-02,8809.650390625,0.00398082888319566,0.00398082888319566,1.584699859728481e-05,12.9399995803833
2016-09-06,8943.0,0.015023347446829987,0.015023347446829987,0.0002257009685081731,12.75
2016-09-07,8917.9501953125,-0.0028049819116828943,0.0028049819116828943,7.867923524868224e-06,13.149999618530273
2016-09-08,8952.5,0.0038667014380895045,0.0038667014380895045,1.4951380011323442e-05,13.119999885559082
2016-09-09,8866.7001953125,-0.009630114351834806,0.009630114351834806,9.273910242941472e-05,13.229999542236328
2016-09-12,8715.599609375,-0.01718822993969123,0.01718822993969123,0.000295435248459698,15.239999771118164
2016-09-14,8726.599609375,0.0012613090035687876,0.0012613090035687876,1.5909004024836879e-06,14.760000228881836
2016-09-15,8742.5498046875,0.0018260991839711186,0.0018260991839711186,3.3346382296999854e-06,14.680000305175781
2016-09-16,8779.849609375,0.0042573919410826295,0.0042573919410826295,1.812538613999532e-05,14.579999923706055
2016-09-19,8808.400390625,0.003246577269225301,0.003246577269225301,1.0540263965050412e-05,14.9399995803833
2016-09-20,8775.900390625,-0.0036964832905136196,0.0036964832905136196,1.3663988717046398e-05,14.779999732971191
2016-09-21,8777.150390625,0.00014242538436080372,0.00014242538436080372,2.0284990110322673e-08,14.8100004196167
2016-09-22,8867.4501953125,0.01023549301709891,0.01023549301709891,0.00010476531730308057,13.34000015258789
2016-09-23,8831.5498046875,-0.004056776073300545,0.004056776073300545,1.645743210890379e-05,13.25
2016-09-26,8723.0498046875,-0.01236159001721051,0.01236159001721051,0.00015280890775359852,14.569999694824219
2016-09-27,8706.400390625,-0.0019104927510736648,0.0019104927510736648,3.64998255190502e-06,14.25
2016-09-28,8745.150390625,0.004440873383603119,0.004440873383603119,1.972135640919461e-05,13.850000381469727
2016-09-29,8591.25,-0.01775506219605918,0.01775506219605918,0.00031524223358592987,18.450000762939453
2016-09-30,8611.150390625,0.002313677050935853,0.002313677050935853,5.353101496027225e-06,17.18000030517578
2016-10-03,8738.099609375,0.014634809521912494,0.014634809521912494,0.00021417764974266063,15.619999885559082
2016-10-04,8769.150390625,0.0035471948830647004,0.0035471948830647004,1.2582591538440394e-05,14.989999771118164
2016-10-05,8743.9501953125,-0.002877869921600413,0.002877869921600413,8.282135285652369e-06,14.930000305175781
2016-10-06,8709.5498046875,-0.00394195263650275,0.00394195263650275,1.5538990588430984e-05,14.84000015258789
2016-10-07,8697.599609375,-0.0013730217286708416,0.0013730217286708416,1.8851886674022664e-06,14.489999771118164
2016-10-10,8708.7998046875,0.0012869056479532695,0.0012869056479532695,1.6561261467340242e-06,14.289999961853027
2016-10-13,8573.349609375,-0.015675477121613476,0.015675477121613476,0.00024572058299022754,15.430000305175781
2016-10-14,8583.400390625,0.001171641761961016,0.001171641761961016,1.372744418371114e-06,14.890000343322754
2016-10-17,8520.400390625,-0.007366816969274471,0.007366816969274471,5.4269992258790295e-05,15.65999984741211
2016-10-18,8677.900390625,0.018316274989203487,0.018316274989203487,0.0003354859294801212,14.539999961853027
2016-10-19,8659.099609375,-0.0021688629658940845,0.0021688629658940845,4.703966564826884e-06,14.609999656677246
2016-10-20,8699.400390625,0.004643356702434108,0.004643356702434108,2.1560761466039752e-05,14.170000076293945
2016-10-21,8693.0498046875,-0.0007302693005771827,0.0007302693005771827,5.332932513654876e-07,13.829999923706055
2016-10-24,8708.9501953125,0.001827421566475664,0.001827421566475664,3.3394695816203695e-06,14.329999923706055
2016-10-25,8691.2998046875,-0.0020287520787162444,0.0020287520787162444,4.115834996895483e-06,14.479999542236328
2016-10-26,8615.25,-0.008788614143283245,0.008788614143283245,7.723973855951828e-05,14.449999809265137
2016-10-27,8615.25,0.0,0.0,0.0,14.09000015258789
2016-10-28,8638.0,0.0026371858270232084,0.0026371858270232084,6.954749086252084e-06,14.649999618530273
2016-11-01,8626.25,-0.001361194585834806,0.001361194585834806,1.852850700505989e-06,15.739999771118164
2016-11-02,8514.0,-0.013098012546713908,0.013098012546713908,0.00017155793267387495,16.799999237060547
2016-11-03,8484.9501953125,-0.003417838470350909,0.003417838470350909,1.1681619809410643e-05,16.469999313354492
2016-11-04,8433.75,-0.006052515976111644,0.006052515976111644,3.663294964108669e-05,16.850000381469727
2016-11-07,8497.0498046875,0.007477508488472915,0.007477508488472915,5.5913133195184494e-05,16.510000228881836
2016-11-08,8543.5498046875,0.005457567982692605,0.005457567982692605,2.978504828571143e-05,16.770000457763672
2016-11-09,8432.0,-0.013142597631657107,0.013142597631657107,0.00017272787250763902,16.6200008392334
2016-11-10,8525.75,0.01105700404045472,0.01105700404045472,0.000122257338350632,15.460000038146973
2016-11-11,8296.2998046875,-0.027281387102400093,0.027281387102400093,0.0007442740822310021,17.360000610351562
2016-11-15,8108.4501953125,-0.02290285685988103,0.02290285685988103,0.0005245408523441995,20.149999618530273
2016-11-16,8111.60009765625,0.00038839613027746525,0.00038839613027746525,1.5085155401450976e-07,19.5
2016-11-17,8079.9501953125,-0.003909439439923456,0.003909439439923456,1.5283716734429025e-05,18.709999084472656
2016-11-18,8074.10009765625,-0.0007242886837538094,0.0007242886837538094,5.245940974138258e-07,17.809999465942383
2016-11-21,7929.10009765625,-0.01812187142597807,0.01812187142597807,0.00032840222397968044,19.100000381469727
2016-11-22,8002.2998046875,0.009189427494782599,0.009189427494782599,8.444557768186638e-05,18.469999313354492
2016-11-23,8033.2998046875,0.0038664021768522933,0.0038664021768522933,1.4949065793168153e-05,18.040000915527344
2016-11-24,7965.5,-0.008475662098624583,0.008475662098624583,7.183684801006127e-05,17.15999984741211
2016-11-25,8114.2998046875,0.018508197132649923,0.018508197132649923,0.0003425533611010308,17.610000610351562
2016-11-28,8126.89990234375,0.0015516218520139676,0.0015516218520139676,2.4075303716472547e-06,18.059999465942383
2016-11-29,8142.14990234375,0.001874725893588773,0.001874725893588773,3.514597176092223e-06,17.709999084472656
2016-11-30,8224.5,0.010063243621010479,0.010063243621010479,0.00010126887217580809,16.850000381469727
2016-12-01,8192.900390625,-0.0038495313077255163,0.0038495313077255163,1.4818891289158923e-05,16.690000534057617
2016-12-02,8086.7998046875,-0.013034894616329137,0.013034894616329137,0.0001699084776588063,17.93000030517578
2016-12-05,8128.75,0.005174081595203409,0.005174081595203409,2.677112035382265e-05,17.290000915527344
2016-12-06,8143.14990234375,0.0017699108511295017,0.0017699108511295017,3.132584420945957e-06,17.110000610351562
2016-12-07,8102.0498046875,-0.005059979081726745,0.005059979081726745,2.5603388307512235e-05,16.850000381469727
2016-12-08,8246.849609375,0.017714169916451,0.017714169916451,0.00031379181582889766,15.529999732971191
2016-12-09,8261.75,0.0018051676124941,0.0018051676124941,3.258630109197649e-06,15.069999694824219
2016-12-12,8170.7998046875,-0.011069630108506541,0.011069630108506541,0.00012253671073915454,16.190000534057617
2016-12-13,8221.7998046875,0.006222340051564259,0.006222340051564259,3.87175157173007e-05,15.920000076293945
2016-12-14,8182.4501953125,-0.004797498800311476,0.004797498800311476,2.301599473899005e-05,16.59000015258789
2016-12-15,8153.60009765625,-0.0035320811496494836,0.0035320811496494836,1.2475597247709218e-05,15.65999984741211
2016-12-16,8139.4501953125,-0.0017369253327930302,0.0017369253327930302,3.0169096116981784e-06,15.25
2016-12-19,8104.35009765625,-0.004321667547371758,0.004321667547371758,1.8676810390006225e-05,14.84000015258789
2016-12-20,8082.39990234375,-0.0027121205636996375,0.0027121205636996375,7.3555979520424394e-06,14.539999961853027
2016-12-21,8061.2998046875,-0.0026140364419853872,0.0026140364419853872,6.833186520027623e-06,14.710000038146973
2016-12-22,7979.10009765625,-0.010249174221346512,0.010249174221346512,0.00010504557221951389,15.550000190734863
2016-12-23,7985.75,0.0008330679821808747,0.0008330679821808747,6.940022629349141e-07,15.130000114440918
2016-12-26,7908.25,-0.009752185003088458,0.009752185003088458,9.510511233446343e-05,16.600000381469727
2016-12-27,8032.85009765625,0.015632877835896817,0.015632877835896817,0.00024438686943207394,15.079999923706055
2016-12-28,8034.85009765625,0.00024894664276991384,0.00024894664276991384,6.19744309464111e-08,15.539999961853027
2016-12-29,8103.60009765625,0.008520076594398652,0.008520076594398652,7.259170517441972e-05,15.279999732971191
2016-12-30,8185.7998046875,0.010092502517199517,0.010092502517199517,0.0001018586070596786,15.470000267028809
2017-01-02,8179.5,-0.0007698979027411989,0.0007698979027411989,5.927427806452966e-07,15.829999923706055
2017-01-03,8192.25,0.0015575613575361691,0.0015575613575361691,2.4259973824899143e-06,15.960000038146973
2017-01-04,8190.5,-0.00021363934707617968,0.00021363934707617968,4.564177061913636e-08,15.890000343322754
2017-01-05,8273.7998046875,0.01011892597298775,0.01011892597298775,0.0001023926628468061,15.050000190734863
2017-01-06,8243.7998046875,-0.0036324930615801707,0.0036324930615801707,1.3195005842428082e-05,14.90999984741211
2017-01-09,8236.0498046875,-0.0009405426329750955,0.0009405426329750955,8.846204444437251e-07,15.479999542236328
2017-01-10,8288.599609375,0.006360193250249055,0.006360193250249055,4.045205818051364e-05,15.199999809265137
2017-01-11,8380.650390625,0.011044494137506545,0.011044494137506545,0.00012198085075341643,14.8100004196167
2017-01-12,8407.2001953125,0.0031629810720875113,0.0031629810720875113,1.0004449262383862e-05,14.609999656677246
2017-01-13,8400.349609375,-0.0008151796539613075,0.0008151796539613075,6.64517868232477e-07,14.380000114440918
2017-01-16,8412.7998046875,0.0014810071904502009,0.0014810071904502009,2.1933822981651977e-06,15.069999694824219
2017-01-17,8398.0,-0.001760750075312027,0.001760750075312027,3.1002408277113086e-06,15.390000343322754
2017-01-18,8417.0,0.002259887967437504,0.002259887967437504,5.107093625368814e-06,15.180000305175781
2017-01-19,8435.099609375,0.0021480547533008396,0.0021480547533008396,4.614139223178331e-06,15.020000457763672
2017-01-20,8349.349609375,-0.010217880246458876,0.010217880246458876,0.00010440507673097451,15.789999961853027
2017-01-23,8391.5,0.005035644029815811,0.005035644029815811,2.535771079501962e-05,15.90999984741211
2017-01-24,8475.7998046875,0.009995732282151228,0.009995732282151228,9.991466385644019e-05,15.289999961853027
2017-01-25,8602.75,0.014866898538362306,0.014866898538362306,0.00022102467214995928,15.170000076293945
2017-01-27,8641.25,0.004465328690727306,0.004465328690727306,1.993916031623244e-05,16.010000228881836
2017-01-30,8632.75,-0.0009841380903137704,0.0009841380903137704,9.68527780806435e-07,16.670000076293945
2017-01-31,8561.2998046875,-0.008311085218864388,0.008311085218864388,6.90741375152261e-05,16.829999923706055
2017-02-01,8716.400390625,0.017954328487415367,0.017954328487415367,0.00032235791143401496,13.970000267028809
2017-02-02,8734.25,0.002045724967320079,0.002045724967320079,4.184990641916739e-06,13.520000457763672
2017-02-03,8740.9501953125,0.0007668233343177947,0.0007668233343177947,5.880180260542604e-07,13.130000114440918
2017-02-06,8801.0498046875,0.006852108598963618,0.006852108598963618,4.695139225199116e-05,13.399999618530273
2017-02-07,8768.2998046875,-0.003728087682222944,0.003728087682222944,1.3898637766342443e-05,13.510000228881836
2017-02-08,8769.0498046875,8.553173850807276e-05,8.553173850807276e-05,7.315678292213337e-09,13.350000381469727
2017-02-09,8778.400390625,0.0010657487804178315,0.0010657487804178315,1.1358204629620953e-06,13.239999771118164
2017-02-10,8793.5498046875,0.0017242727924366554,0.0017242727924366554,2.973116662737301e-06,13.180000305175781
2017-02-13,8805.0498046875,0.0013069223565665177,0.0013069223565665177,1.70804604609338e-06,13.6899995803833
2017-02-14,8792.2998046875,-0.0014490821077153884,0.0014490821077153884,2.0998389549008727e-06,13.800000190734863
2017-02-15,8724.7001953125,-0.007718210304816345,0.007718210304816345,5.957077030937322e-05,14.210000038146973
2017-02-16,8778.0,0.006090485336691579,0.006090485336691579,3.709401163645513e-05,13.729999542236328
2017-02-17,8821.7001953125,0.004966026084143879,0.004966026084143879,2.4661415068397384e-05,13.430000305175781
2017-02-20,8879.2001953125,0.006496867502078924,0.006496867502078924,4.220928733956924e-05,13.609999656677246
2017-02-21,8907.849609375,0.0032213817527225,0.0032213817527225,1.0377300396773485e-05,13.529999732971191
2017-02-22,8926.900390625,0.0021363673161383717,0.0021363673161383717,4.564065309464269e-06,13.699999809265137
2017-02-23,8939.5,0.0014104252886116898,0.0014104252886116898,1.9892994947553685e-06,13.399999618530273
2017-02-27,8896.7001953125,-0.00479921579345047,0.00479921579345047,2.3032472232104426e-05,13.680000305175781
2017-02-28,8879.599609375,-0.0019239764630964217,0.0019239764630964217,3.701685430549016e-06,13.789999961853027
2017-03-01,8945.7998046875,0.007427659614302356,0.007427659614302356,5.5170127345938226e-05,13.579999923706055
2017-03-02,8899.75,-0.005160940111567701,0.005160940111567701,2.663530283518844e-05,13.359999656677246
2017-03-03,8897.5498046875,-0.0002472504647169898,0.0002472504647169898,6.113279230276741e-08,13.350000381469727
2017-03-06,8963.4501953125,0.00737928331770254,0.00737928331770254,5.445382228292301e-05,13.640000343322754
2017-03-07,8946.900390625,-0.0018480720763560477,0.0018480720763560477,3.4153703994069534e-06,13.880000114440918
2017-03-08,8924.2998046875,-0.0025292759007722594,0.0025292759007722594,6.3972365822273244e-06,14.079999923706055
2017-03-09,8927.0,0.0003025208654424808,0.0003025208654424808,9.151887402806756e-08,14.390000343322754
2017-03-10,8934.5498046875,0.0008453695473995277,0.0008453695473995277,7.146496716704824e-07,13.960000038146973
2017-03-14,9087.0,0.016919058968585234,0.016919058968585234,0.0002862545563824644,12.399999618530273
2017-03-15,9084.7998046875,-0.00024215491551740303,0.00024215491551740303,5.86390031092406e-08,12.420000076293945
2017-03-16,9153.7001953125,0.0075555246752815495,0.0075555246752815495,5.708595311878836e-05,11.90999984741211
2017-03-17,9160.0498046875,0.000693425391241901,0.000693425391241901,4.808387732189835e-07,11.850000381469727
2017-03-20,9126.849609375,-0.0036310400180971465,0.0036310400180971465,1.3184451613022926e-05,12.020000457763672
2017-03-21,9121.5,-0.0005863115999817308,0.0005863115999817308,3.4376129227313713e-07,11.9399995803833
2017-03-22,9030.4501953125,-0.010032042543653485,0.010032042543653485,0.00010064187759767347,12.270000457763672
2017-03-23,9086.2998046875,0.006165541424006181,0.006165541424006181,3.8013901051136167e-05,11.84000015258789
2017-03-24,9108.0,0.0023853850750034113,0.0023853850750034113,5.69006195604903e-06,11.979999542236328
2017-03-27,9045.2001953125,-0.006918896341847197,0.006918896341847197,4.7871126589226524e-05,12.4399995803833
2017-03-28,9100.7998046875,0.006128048426003716,0.006128048426003716,3.755297751144663e-05,12.119999885559082
2017-03-29,9143.7998046875,0.004713732341589461,0.004713732341589461,2.221927258814646e-05,12.09000015258789
2017-03-30,9173.75,0.0032701122498964663,0.0032701122498964663,1.0693634126922929e-05,12.149999618530273
2017-03-31,9173.75,0.0,0.0,0.0,12.420000076293945
2017-04-03,9237.849609375,0.006962987433382358,0.006962987433382358,4.848319399744064e-05,11.489999771118164
2017-04-05,9265.150390625,0.0029509594186491106,0.0029509594186491106,8.708161490513897e-06,11.550000190734863
2017-04-06,9261.9501953125,-0.00034546099962948787,0.00034546099962948787,1.1934330226500503e-07,11.289999961853027
2017-04-07,9198.2998046875,-0.006895967591191596,0.006895967591191596,4.7554369018764824e-05,11.6899995803833
2017-04-10,9181.4501953125,-0.001833497636833679,0.001833497636833679,3.3617135842746857e-06,11.619999885559082
2017-04-11,9237.0,0.006031992108960761,0.006031992108960761,3.638492880256489e-05,11.399999618530273
2017-04-12,9203.4501953125,-0.0036387226287440087,0.0036387226287440087,1.324030236893371e-05,11.630000114440918
2017-04-13,9150.7998046875,-0.005737149166000338,0.005737149166000338,3.2914880552938376e-05,11.579999923706055
2017-04-17,9139.2998046875,-0.0012575110864404995,0.0012575110864404995,1.5813341325207653e-06,11.890000343322754
2017-04-18,9105.150390625,-0.003743544319295666,0.003743544319295666,1.401412407053085e-05,12.380000114440918
2017-04-19,9103.5,-0.00018127544810997014,0.00018127544810997014,3.2860788087470476e-08,12.220000267028809
2017-04-20,9136.400390625,0.00360752258526342,0.00360752258526342,1.3014219203185669e-05,11.5600004196167
2017-04-21,9119.400390625,-0.0018624222643066866,0.0018624222643066866,3.468616690585246e-06,11.420000076293945
2017-04-24,9217.9501953125,0.010748636018943606,0.010748636018943606,0.00011553317626773185,11.630000114440918
2017-04-25,9306.599609375,0.009571092601938416,0.009571092601938416,9.160581359488027e-05,11.15999984741211
2017-04-26,9351.849609375,0.00485035901773151,0.00485035901773151,2.352598260088938e-05,11.739999771118164
2017-04-27,9342.150390625,-0.001037682638315093,0.001037682638315093,1.076785257860572e-06,11.069999694824219
2017-04-28,9304.0498046875,-0.004086692040742791,0.004086692040742791,1.670105183587048e-05,10.859999656677246
2017-05-02,9313.7998046875,0.0010473820656935206,0.0010473820656935206,1.0970091915364264e-06,11.449999809265137
2017-05-03,9311.9501953125,-0.00019860777483643832,0.00019860777483643832,3.944504822548138e-08,11.529999732971191
2017-05-04,9359.900390625,0.005136105872378302,0.005136105872378302,2.6379583532278876e-05,11.329999923706055
2017-05-05,9285.2998046875,-0.008002164979810267,0.008002164979810267,6.403464436410185e-05,11.989999771118164
2017-05-08,9314.0498046875,0.0030915084131222883,0.0030915084131222883,9.55742426840589e-06,11.670000076293945
2017-05-09,9316.849609375,0.0003005549701442118,0.0003005549701442118,9.033329007838804e-08,11.109999656677246
2017-05-10,9407.2998046875,0.009661416055306064,0.009661416055306064,9.334296019372579e-05,10.949999809265137
2017-05-11,9422.400390625,0.0016039118008357616,0.0016039118008357616,2.5725330648602158e-06,10.84000015258789
2017-05-12,9400.900390625,-0.0022844037397764944,0.0022844037397764944,5.218500446304833e-06,10.630000114440918
2017-05-15,9445.400390625,0.004722420937348687,0.004722420937348687,2.230125950950925e-05,10.680000305175781
2017-05-16,9512.25,0.007052549770711115,0.007052549770711115,4.9738458268357395e-05,10.5600004196167
2017-05-17,9525.75,0.0014182164368899746,0.0014182164368899746,2.0113378618648953e-06,10.640000343322754
2017-05-18,9429.4501953125,-0.01016086690923151,0.01016086690923151,0.00010324321634711591,11.789999961853027
2017-05-19,9427.900390625,-0.00016437141409942322,0.00016437141409942322,2.701796177304407e-08,11.300000190734863
2017-05-22,9438.25,0.0010971618691591547,0.0010971618691591547,1.2037641671368102e-06,11.199999809265137
2017-05-23,9386.150390625,-0.005535341505865151,0.005535341505865151,3.0640005586553475e-05,12.199999809265137
2017-05-24,9360.5498046875,-0.002731211528938736,0.002731211528938736,7.459516415807868e-06,11.829999923706055
2017-05-25,9509.75,0.01581355951256376,0.01581355951256376,0.0002500686644573958,10.449999809265137
2017-05-26,9595.099609375,0.008934922695320598,0.008934922695320598,7.98328435713551e-05,10.859999656677246
2017-05-29,9604.900390625,0.001020914802213731,0.001020914802213731,1.0422670333791014e-06,11.789999961853027
2017-05-30,9624.5498046875,0.0020436799494468433,0.0020436799494468433,4.176627735771052e-06,11.770000457763672
2017-05-31,9621.25,-0.0003429116745806887,0.0003429116745806887,1.1758841656373216e-07,11.760000228881836
2017-06-01,9616.099609375,-0.0005354574151470177,0.0005354574151470177,2.867146434359257e-07,11.3100004196167
2017-06-02,9653.5,0.003881807442491232,0.003881807442491232,1.5068429020580321e-05,10.8100004196167
2017-06-05,9675.099609375,0.00223499051174814,0.00223499051174814,4.995182587604213e-06,11.020000457763672
2017-06-06,9637.150390625,-0.003930072114359614,0.003930072114359614,1.544546682406705e-05,11.130000114440918
2017-06-07,9663.900390625,0.002771871586730097,0.002771871586730097,7.683272093321626e-06,10.890000343322754
2017-06-08,9647.25,-0.0017244332330555142,0.0017244332330555142,2.9736699752662932e-06,11.069999694824219
2017-06-09,9668.25,0.0021744203643893584,0.0021744203643893584,4.72810392107115e-06,10.859999656677246
2017-06-12,9616.400390625,-0.005377306123000276,0.005377306123000276,2.891542114045626e-05,11.420000076293945
2017-06-13,9606.900390625,-0.0009883839285963953,0.0009883839285963953,9.769027903076444e-07,11.34000015258789
2017-06-14,9618.150390625,0.001170348147540874,0.001170348147540874,1.3697147864523552e-06,11.180000305175781
2017-06-15,9578.0498046875,-0.00417797729350316,0.00417797729350316,1.7455494265027993e-05,11.329999923706055
2017-06-16,9588.0498046875,0.0010435092284018055,0.0010435092284018055,1.0889115097597314e-06,10.920000076293945
2017-06-19,9657.5498046875,0.0072224616043765726,0.0072224616043765726,5.2163951626693816e-05,10.630000114440918
2017-06-20,9653.5,-0.00041942875067181194,0.00041942875067181194,1.75920476890117e-07,10.65999984741211
2017-06-21,9633.599609375,-0.0020635967138743832,0.0020635967138743832,4.258431397513153e-06,10.920000076293945
2017-06-22,9630.0,-0.00037372136982585634,0.00037372136982585634,1.396676622645145e-07,11.210000038146973
2017-06-23,9574.9501953125,-0.005732892290795095,0.005732892290795095,3.2866054017857834e-05,11.5600004196167
2017-06-27,9511.400390625,-0.006659213268124637,0.006659213268124637,4.4345121350367204e-05,12.510000228881836
2017-06-28,9491.25,-0.002120798705808072,0.002120798705808072,4.497787150557192e-06,11.989999771118164
2017-06-29,9504.099609375,0.001352921804466218,0.001352921804466218,1.8303974090001274e-06,11.380000114440918
2017-06-30,9520.900390625,0.0017661798283679123,0.0017661798283679123,3.119391186133708e-06,11.729999542236328
2017-07-03,9615.0,0.00983495586260243,0.00983495586260243,9.67263568193379e-05,11.199999809265137
2017-07-04,9613.2998046875,-0.00017684302140083614,0.00017684302140083614,3.1273454218176587e-08,11.279999732971191
2017-07-05,9637.599609375,0.0025245384198064923,0.0025245384198064923,6.373294233079061e-06,11.149999618530273
2017-07-06,9674.5498046875,0.00382663157881288,0.00382663157881288,1.4643109239967954e-05,10.979999542236328
2017-07-07,9665.7998046875,-0.000904844097829429,0.000904844097829429,8.187428413767533e-07,10.869999885559082
2017-07-10,9771.0498046875,0.010830050223587575,0.010830050223587575,0.00011728998784542927,10.90999984741211
2017-07-11,9786.0498046875,0.0015339700917757582,0.0015339700917757582,2.353064242462528e-06,10.890000343322754
2017-07-12,9816.099609375,0.003065972775967725,0.003065972775967725,9.400189062975238e-06,11.050000190734863
2017-07-13,9891.7001953125,0.0076721863955028615,0.0076721863955028615,5.886244408733919e-05,11.25
2017-07-14,9886.349609375,-0.0005410630593885717,0.0005410630593885717,2.9274923423492104e-07,11.170000076293945
2017-07-17,9915.9501953125,0.0029896131536668747,0.0029896131536668747,8.937786808577996e-06,11.460000038146973
2017-07-18,9827.150390625,-0.008995588419495522,0.008995588419495522,8.092061101296195e-05,11.489999771118164
2017-07-19,9899.599609375,0.007345309743460549,0.007345309743460549,5.395357522737647e-05,11.260000228881836
2017-07-20,9873.2998046875,-0.002660188538483533,0.002660188538483533,7.076603060279155e-06,11.319999694824219
2017-07-21,9915.25,0.004239851688892752,0.004239851688892752,1.7976342343806724e-05,11.09000015258789
2017-07-24,9966.400390625,0.005145498736317388,0.005145498736317388,2.647615724544384e-05,11.3100004196167
2017-07-25,9964.5498046875,-0.00018569972075426088,0.00018569972075426088,3.448438628821047e-08,10.90999984741211
2017-07-26,10020.650390625,0.005614227803035337,0.005614227803035337,3.151955382437499e-05,11.170000076293945
2017-07-27,10020.5498046875,-1.0037915545995924e-05,1.0037915545995924e-05,1.0075974850854664e-10,11.220000267028809
2017-07-28,10014.5,-0.0006039221195206731,0.0006039221195206731,3.6472192644634216e-07,11.140000343322754
2017-07-31,10077.099609375,0.006231441314613235,0.006231441314613235,3.883086085746872e-05,11.899999618530273
2017-08-01,10114.650390625,0.003719422490879323,0.003719422490879323,1.3834103665658946e-05,11.90999984741211
2017-08-02,10081.5,-0.0032828454686495033,0.0032828454686495033,1.0777074371032577e-05,11.9399995803833
2017-08-03,10013.650390625,-0.006752859858295522,0.006752859858295522,4.560111626577902e-05,11.640000343322754
2017-08-04,10066.400390625,0.005253982862758577,0.005253982862758577,2.7604335922160814e-05,11.390000343322754
2017-08-07,10057.400390625,-0.0008944632972548343,0.0008944632972548343,8.000645901359901e-07,11.899999618530273
2017-08-08,9978.5498046875,-0.007870951189924851,0.007870951189924851,6.195187263417942e-05,12.770000457763672
2017-08-09,9908.0498046875,-0.007090231284273741,0.007090231284273741,5.027137966449406e-05,13.449999809265137
2017-08-10,9820.25,-0.008900958038211523,0.008900958038211523,7.922705399800232e-05,13.800000190734863
2017-08-11,9710.7998046875,-0.01120793220489222,0.01120793220489222,0.0001256177443094602,15.199999809265137
2017-08-14,9794.150390625,0.008546660459731773,0.008546660459731773,7.304540501394251e-05,14.380000114440918
2017-08-16,9897.2998046875,0.010476664391422662,0.010476664391422662,0.00010976049677050358,14.239999771118164
2017-08-17,9904.150390625,0.0006919277268328227,0.0006919277268328227,4.787639791600373e-07,14.34000015258789
2017-08-18,9837.400390625,-0.006762412448120804,0.006762412448120804,4.573022211849921e-05,14.569999694824219
2017-08-21,9754.349609375,-0.008478188903126932,0.008478188903126932,7.187968707710465e-05,14.819999694824219
2017-08-22,9765.5498046875,0.0011475670344457027,0.0011475670344457027,1.3169100985465046e-06,14.109999656677246
2017-08-23,9852.5,0.008864363739937172,0.008864363739937172,7.857694451391294e-05,13.180000305175781
2017-08-24,9857.0498046875,0.0004616853061997081,0.0004616853061997081,2.1315332196071822e-07,12.569999694824219
2017-08-28,9912.7998046875,0.005639916223863896,0.005639916223863896,3.180865501220319e-05,12.640000343322754
2017-08-29,9796.0498046875,-0.011847608353940924,0.011847608353940924,0.0001403658237083708,13.539999961853027
2017-08-30,9884.400390625,0.0089785730092648,0.0089785730092648,8.061477328269838e-05,12.890000343322754
2017-08-31,9917.900390625,0.0033834484516002566,0.0033834484516002566,1.1447723424636173e-05,11.949999809265137
2017-09-01,9974.400390625,0.005680605029627355,0.005680605029627355,3.226927350262761e-05,11.680000305175781
2017-09-04,9912.849609375,-0.006189993868598528,0.006189993868598528,3.8316024093287367e-05,13.170000076293945
2017-09-05,9952.2001953125,0.003961795997934277,0.003961795997934277,1.569582752924805e-05,12.890000343322754
2017-09-06,9916.2001953125,-0.0036238487939692175,0.0036238487939692175,1.3132280081552152e-05,13.119999885559082
2017-09-07,9929.900390625,0.001380643762176384,0.001380643762176384,1.9061771980365598e-06,13.010000228881836
2017-09-08,9934.7998046875,0.0004932784400140928,0.0004932784400140928,2.433236193827369e-07,12.960000038146973
2017-09-11,10006.0498046875,0.007146165244692658,0.007146165244692658,5.1067677704453276e-05,12.359999656677246
2017-09-12,10093.0498046875,0.008657158285843384,0.008657158285843384,7.494638958614675e-05,11.760000228881836
2017-09-13,10079.2998046875,-0.0013632524119145414,0.0013632524119145414,1.8584571385908146e-06,11.760000228881836
2017-09-14,10086.599609375,0.0007239751479918529,0.0007239751479918529,5.241400149098253e-07,11.470000267028809
2017-09-15,10085.400390625,-0.0001188993408102696,0.0001188993408102696,1.4137053245116642e-08,11.680000305175781
2017-09-18,10153.099609375,0.006690166885736892,0.006690166885736892,4.475833295901046e-05,11.4399995803833
2017-09-19,10147.5498046875,-0.0005467613092135457,0.0005467613092135457,2.9894792925291056e-07,11.470000267028809
2017-09-20,10141.150390625,-0.000630835313560427,0.000630835313560427,3.979531928348823e-07,11.630000114440918
2017-09-21,10121.900390625,-0.001900010615274047,0.001900010615274047,3.6100403381540623e-06,11.630000114440918
2017-09-22,9964.400390625,-0.01568265154818977,0.01568265154818977,0.000245945559581939,12.8100004196167
2017-09-25,9872.599609375,-0.009255576609087487,0.009255576609087487,8.566569836668742e-05,13.34000015258789
2017-09-26,9871.5,-0.00011138612526191736,0.00011138612526191736,1.2406868900863543e-08,12.930000305175781
2017-09-27,9735.75,-0.013847140123069935,0.013847140123069935,0.00019174328958793327,13.859999656677246
2017-09-28,9768.9501953125,0.0034043309606841105,0.0034043309606841105,1.15894692898724e-05,13.170000076293945
2017-09-29,9788.599609375,0.0020093949262780385,0.0020093949262780385,4.0376679697519235e-06,12.489999771118164
2017-10-03,9859.5,0.00721705404356513,0.00721705404356513,5.20858690677398e-05,12.460000038146973
2017-10-04,9914.900390625,0.005603258200374948,0.005603258200374948,3.1396502460069105e-05,11.800000190734863
2017-10-05,9888.7001953125,-0.0026460047490028745,0.0026460047490028745,7.001341131745765e-06,11.710000038146973
2017-10-06,9979.7001953125,0.009160338481321154,0.009160338481321154,8.391180109237313e-05,11.119999885559082
2017-10-09,9988.75,0.0009064103842389305,0.0009064103842389305,8.215797846561655e-07,11.390000343322754
2017-10-10,10016.9501953125,0.0028192178944088774,0.0028192178944088774,7.947989536155224e-06,11.109999656677246
2017-10-11,9984.7998046875,-0.00321476053982032,0.00321476053982032,1.0334685328385836e-05,11.729999542236328
2017-10-12,10096.400390625,0.011115046293774924,0.011115046293774924,0.00012354425411275968,11.039999961853027
2017-10-13,10167.4501953125,0.007012497012134821,0.007012497012134821,4.9175114345199795e-05,11.260000228881836
2017-10-16,10230.849609375,0.006216166917771876,0.006216166917771876,3.864073114960151e-05,11.3100004196167
2017-10-17,10234.4501953125,0.0003518722920273383,0.0003518722920273383,1.2381410989657243e-07,11.609999656677246
2017-10-18,10210.849609375,-0.0023086574073600593,0.0023086574073600593,5.329899024558471e-06,11.539999961853027
2017-10-19,10146.5498046875,-0.006317115188263494,0.006317115188263494,3.990594430178932e-05,12.399999618530273
2017-10-23,10184.849609375,0.003767556695072139,0.003767556695072139,1.41944834505829e-05,12.329999923706055
2017-10-24,10207.7001953125,0.002241072913402321,0.002241072913402321,5.022407803185567e-06,11.59000015258789
2017-10-25,10295.349609375,0.008549942456258083,0.008549942456258083,7.31015160053245e-05,11.760000228881836
2017-10-26,10343.7998046875,0.004694988474485417,0.004694988474485417,2.20429167755509e-05,11.619999885559082
2017-10-27,10323.0498046875,-0.0020080474155119445,0.0020080474155119445,4.0322544229442e-06,11.479999542236328
2017-10-30,10363.650390625,0.003925288971653147,0.003925288971653147,1.5407893510981817e-05,12.109999656677246
2017-10-31,10335.2998046875,-0.0027393276855447964,0.0027393276855447964,7.503916168792211e-06,12.4399995803833
2017-11-01,10440.5,0.010127272636955603,0.010127272636955603,0.00010256165106322968,12.140000343322754
2017-11-02,10423.7998046875,-0.001600839619376669,0.001600839619376669,2.5626874869660387e-06,12.010000228881836
2017-11-03,10452.5,0.002749549839980272,0.002749549839980272,7.5600243225355395e-06,11.90999984741211
2017-11-06,10451.7998046875,-6.699055402996047e-05,6.699055402996047e-05,4.487734329241052e-09,13.020000457763672
2017-11-07,10350.150390625,-0.009773143593572503,0.009773143593572503,9.551433570058726e-05,13.239999771118164
2017-11-08,10303.150390625,-0.004551338464517429,0.004551338464517429,2.071468181859587e-05,13.609999656677246
2017-11-09,10308.9501953125,0.0005627572809849458,0.0005627572809849458,3.1669575730156923e-07,13.270000457763672
2017-11-10,10321.75,0.0012408504033945,0.0012408504033945,1.5397097236042935e-06,13.479999542236328
2017-11-13,10224.9501953125,-0.009422488277922888,0.009422488277922888,8.878328534759422e-05,14.050000190734863
2017-11-14,10186.599609375,-0.003757738283689395,0.003757738283689395,1.412059700870492e-05,14.170000076293945
2017-11-15,10118.0498046875,-0.0067521545169891405,0.0067521545169891405,4.5591590621296856e-05,14.270000457763672
2017-11-16,10214.75,0.009511815914835575,0.009511815914835575,9.047464199771932e-05,13.460000038146973
2017-11-17,10283.599609375,0.006717601133431633,0.006717601133431633,4.512616498788196e-05,13.710000038146973
2017-11-20,10298.75,0.001472173357154509,0.001472173357154509,2.167294393515578e-06,13.430000305175781
2017-11-21,10326.900390625,0.0027296504663746014,0.0027296504663746014,7.450991668579079e-06,13.720000267028809
2017-11-22,10342.2998046875,0.0014900834832817704,0.0014900834832817704,2.2203487871491343e-06,14.039999961853027
2017-11-23,10348.75,0.0006234768735595227,0.0006234768735595227,3.88723411863557e-07,13.869999885559082
2017-11-24,10389.7001953125,0.003949210104835523,0.003949210104835523,1.5596260452135002e-05,13.510000228881836
2017-11-27,10399.5498046875,0.0009475676238426342,0.0009475676238426342,8.978844017547759e-07,13.029999732971191
2017-11-28,10370.25,-0.0028213872448567432,0.0028213872448567432,7.960225985440325e-06,13.149999618530273
2017-11-29,10361.2998046875,-0.0008634372203591307,0.0008634372203591307,7.45523833501502e-07,13.0600004196167
2017-11-30,10226.5498046875,-0.013090432150481796,0.013090432150481796,0.00017135941388636748,13.550000190734863
2017-12-01,10121.7998046875,-0.010295766224326257,0.010295766224326257,0.00010600280214597735,14.800000190734863
2017-12-04,10127.75,0.0005876866933977984,0.0005876866933977984,3.453756495968379e-07,14.859999656677246
2017-12-05,10118.25,-0.000938457048031478,0.000938457048031478,8.807016309999557e-07,15.010000228881836
2017-12-06,10044.099609375,-0.007355365457362713,0.007355365457362713,5.4101401011364586e-05,15.09000015258789
2017-12-07,10166.7001953125,0.012132334291871919,0.012132334291871919,0.0001471935353697313,14.270000457763672
2017-12-08,10265.650390625,0.009685715646246356,0.009685715646246356,9.381308757994147e-05,13.670000076293945
2017-12-11,10322.25,0.005498351059959995,0.005498351059959995,3.0231864378563198e-05,14.149999618530273
2017-12-12,10240.150390625,-0.007985453457626933,0.007985453457626933,6.376746692392594e-05,15.260000228881836
2017-12-13,10192.9501953125,-0.0046199820794001496,0.0046199820794001496,2.134423441397853e-05,15.949999809265137
2017-12-14,10252.099609375,0.005786200538018408,0.005786200538018408,3.348011666616451e-05,16.40999984741211
2017-12-15,10333.25,0.007884326721783314,0.007884326721783314,6.216260785582642e-05,14.9399995803833
2017-12-18,10388.75,0.005356638616709943,0.005356638616709943,2.869357727002821e-05,13.119999885559082
2017-12-19,10463.2001953125,0.007140867974318959,0.007140867974318959,5.099199542665416e-05,12.1899995803833
2017-12-20,10444.2001953125,-0.0018175387542658723,0.0018175387542658723,3.3034471232583386e-06,12.1899995803833
2017-12-21,10440.2998046875,-0.00037352013889224483,0.00037352013889224483,1.3951729415808186e-07,12.09000015258789
2017-12-22,10493.0,0.0050350692095142814,0.0050350692095142814,2.535192194459877e-05,11.59000015258789
2017-12-26,10531.5,0.0036623979675021196,0.0036623979675021196,1.3413158872363656e-05,12.050000190734863
2017-12-27,10490.75,-0.0038768496273459364,0.0038768496273459364,1.5029963033052326e-05,12.489999771118164
2017-12-28,10477.900390625,-0.0012256021006669842,0.0012256021006669842,1.5021005091593244e-06,12.300000190734863
2017-12-29,10530.7001953125,0.005026504801246669,0.005026504801246669,2.5265750516955817e-05,12.670000076293945
2018-01-02,10442.2001953125,-0.008439512288536271,0.008439512288536271,7.122536766835473e-05,13.6899995803833
2018-01-03,10443.2001953125,9.576067320342099e-05,9.576067320342099e-05,9.170106532372391e-09,13.619999885559082
2018-01-04,10504.7998046875,0.005881209368789884,0.005881209368789884,3.4588623639541906e-05,13.420000076293945
2018-01-05,10558.849609375,0.005132056867763014,0.005132056867763014,2.6338007693953514e-05,13.109999656677246
2018-01-08,10623.599609375,0.006113570815585057,0.006113570815585057,3.737574811717335e-05,13.739999771118164
2018-01-09,10637.0,0.001260584616212523,0.001260584616212523,1.5890735746316738e-06,13.850000381469727
2018-01-10,10632.2001953125,-0.0004513385294137436,0.0004513385294137436,2.037064681333607e-07,14.039999961853027
2018-01-11,10651.2001953125,0.0017854294613236375,0.0017854294613236375,3.1877583613624147e-06,14.010000228881836
2018-01-12,10681.25,0.0028172876803263624,0.0028172876803263624,7.937109873718697e-06,13.729999542236328
2018-01-15,10741.5498046875,0.005629512900836509,0.005629512900836509,3.169141550068469e-05,14.3100004196167
2018-01-16,10700.4501953125,-0.00383356587156863,0.00383356587156863,1.4696227291655748e-05,14.09000015258789
2018-01-17,10788.5498046875,0.00819955353642979,0.00819955353642979,6.723267819677827e-05,13.859999656677246
2018-01-18,10817.0,0.002633602200690908,0.002633602200690908,6.9358605514839935e-06,13.960000038146973
2018-01-19,10894.7001953125,0.007157479729840962,0.007157479729840962,5.1229516083084254e-05,13.979999542236328
2018-01-22,10966.2001953125,0.006541382438729125,0.006541382438729125,4.2789684209713795e-05,15.390000343322754
2018-01-23,11083.7001953125,0.010657745398174344,0.010657745398174344,0.0001135875369723064,16.229999542236328
2018-01-24,11086.0,0.000207472782716017,0.000207472782716017,4.30449555679276e-08,18.040000915527344
2018-01-25,11069.650390625,-0.0014758864718050037,0.0014758864718050037,2.178240877657022e-06,17.510000228881836
2018-01-29,11130.400390625,0.00547297411504586,0.00547297411504586,2.9953445663962016e-05,17.889999389648438
2018-01-30,11049.650390625,-0.007281350035077295,0.007281350035077295,5.301805833332013e-05,16.420000076293945
2018-01-31,11027.7001953125,-0.0019884815852113905,0.0019884815852113905,3.954059014724804e-06,15.930000305175781
2018-02-01,11016.900390625,-0.000979814128127614,0.000979814128127614,9.600357256784766e-07,14.109999656677246
2018-02-02,10760.599609375,-0.023539213933076866,0.023539213933076866,0.00055409459258716,15.25
2018-02-05,10666.5498046875,-0.00877862069830589,0.00877862069830589,7.706418136472458e-05,16.049999237060547
2018-02-06,10498.25,-0.01590408165467595,0.01590408165467595,0.0002529398132786001,20.020000457763672
2018-02-07,10476.7001953125,-0.0020548141539544224,0.0020548141539544224,4.222261207291429e-06,19.469999313354492
2018-02-08,10576.849609375,0.009513851145813865,0.009513851145813865,9.051336362470379e-05,17.770000457763672
2018-02-09,10454.9501953125,-0.0115920444485001,0.0115920444485001,0.00013437549449600198,19.229999542236328
2018-02-12,10539.75,0.008078254517088934,0.008078254517088934,6.525819604286778e-05,17.8799991607666
2018-02-14,10500.900390625,-0.003692818691702758,0.003692818691702758,1.3636909889789269e-05,17.18000030517578
2018-02-15,10545.5,0.004238223668407977,0.004238223668407977,1.7962539863453568e-05,16.31999969482422
2018-02-16,10452.2998046875,-0.008877197442514924,0.008877197442514924,7.88046344333935e-05,16.3799991607666
2018-02-19,10378.400390625,-0.007095270288084443,0.007095270288084443,5.0342860460973896e-05,16.670000076293945
2018-02-20,10360.400390625,-0.0017358770846747271,0.0017358770846747271,3.01326925309883e-06,16.8700008392334
2018-02-21,10397.4501953125,0.003569718731482044,0.003569718731482044,1.2742891821893775e-05,15.920000076293945
2018-02-22,10382.7001953125,-0.0014196242279203768,0.0014196242279203768,2.015332948498526e-06,14.829999923706055
2018-02-23,10491.0498046875,0.010381515779008083,0.010381515779008083,0.00010777586986979381,14.199999809265137
2018-02-26,10582.599609375,0.008688611908417675,0.008688611908417675,7.549197689509743e-05,13.699999809265137
2018-02-27,10554.2998046875,-0.002677764703635068,0.002677764703635068,7.170423808033804e-06,13.920000076293945
2018-02-28,10492.849609375,-0.0058393057141950064,0.0058393057141950064,3.4097491223830454e-05,13.8100004196167
2018-03-01,10458.349609375,-0.003293370543887722,0.003293370543887722,1.084628953934731e-05,14.069999694824219
2018-03-05,10358.849609375,-0.009559475957881534,0.009559475957881534,9.138358058931507e-05,15.399999618530273
2018-03-06,10249.25,-0.01063665692404489,0.01063665692404489,0.00011313847051983211,16.25
2018-03-07,10154.2001953125,-0.009317099938461516,0.009317099938461516,8.680835126327958e-05,15.699999809265137
2018-03-08,10242.650390625,0.00867298109371104,0.00867298109371104,7.522060105186915e-05,14.59000015258789
2018-03-09,10226.849609375,-0.0015438368683495453,0.0015438368683495453,2.3834322760753314e-06,14.529999732971191
2018-03-12,10421.400390625,0.018844845326350685,0.018844845326350685,0.00035512819537408124,14.489999771118164
2018-03-13,10426.849609375,0.000522750722395459,0.000522750722395459,2.7326831776497424e-07,14.460000038146973
2018-03-14,10410.900390625,-0.0015308007692338495,0.0015308007692338495,2.3433509950869455e-06,14.359999656677246
2018-03-15,10360.150390625,-0.004886618546444992,0.004886618546444992,2.387904081846017e-05,14.329999923706055
2018-03-16,10195.150390625,-0.0160545978679463,0.0160545978679463,0.00025775011270146584,15.220000267028809
2018-03-19,10094.25,-0.00994620052782473,0.00994620052782473,9.892690493970095e-05,15.819999694824219
2018-03-20,10124.349609375,0.002977420018466655,0.002977420018466655,8.865029966365976e-06,15.609999656677246
2018-03-21,10155.25,0.003047438325629427,0.003047438325629427,9.286880348515085e-06,15.109999656677246
2018-03-22,10114.75,-0.003996058598285198,0.003996058598285198,1.5968484320929058e-05,15.25
2018-03-23,9998.0498046875,-0.011604700101594518,0.011604700101594518,0.00013466906444794781,15.550000190734863
2018-03-26,10130.650390625,0.01317546616079525,0.01317546616079525,0.00017359290855426074,15.199999809265137
2018-03-27,10184.150390625,0.005267107884641591,0.005267107884641591,2.7742425468453613e-05,15.550000190734863
2018-03-28,10113.7001953125,-0.006941668814759831,0.006941668814759831,4.818676593380915e-05,15.760000228881836
2018-04-02,10211.7998046875,0.009652935584409928,0.009652935584409928,9.317916539676745e-05,15.350000381469727
2018-04-03,10245.0,0.0032458864317621047,0.0032458864317621047,1.0535778727897328e-05,15.1899995803833
2018-04-04,10128.400390625,-0.011446384030859532,0.011446384030859532,0.0001310197073819161,16.34000015258789
2018-04-05,10325.150390625,0.019239306758980577,0.019239306758980577,0.00037015092456615576,14.800000190734863
2018-04-06,10331.599609375,0.0006244175835545499,0.0006244175835545499,3.8989731865210327e-07,14.75
2018-04-09,10379.349609375,0.004611095715747583,0.004611095715747583,2.126220369978571e-05,14.869999885559082
2018-04-10,10402.25,0.0022039111834326382,0.0022039111834326382,4.857224504459452e-06,14.5
2018-04-11,10417.150390625,0.001431395034394698,0.001431395034394698,2.0488917444897986e-06,14.720000267028809
2018-04-12,10458.650390625,0.0039759006232568585,0.0039759006232568585,1.5807785766014277e-05,14.5600004196167
2018-04-13,10480.599609375,0.002096467331850084,0.002096467331850084,4.395175273514611e-06,14.140000343322754
2018-04-16,10528.349609375,0.004545689717794212,0.004545689717794212,2.0663295010460026e-05,14.260000228881836
2018-04-17,10548.7001953125,0.0019310664870136763,0.0019310664870136763,3.7290177772673408e-06,14.039999961853027
2018-04-18,10526.2001953125,-0.0021352422200410556,0.0021352422200410556,4.559259338245856e-06,14.109999656677246
2018-04-19,10565.2998046875,0.0037076219486611,0.0037076219486611,1.3746460514193533e-05,13.75
2018-04-20,10564.0498046875,-0.00011831883371402492,0.00011831883371402492,1.399934641144708e-08,12.9399995803833
2018-04-23,10584.7001953125,0.0019528716532068399,0.0019528716532068399,3.8137076938988157e-06,13.149999618530273
2018-04-24,10614.349609375,0.002797241731914462,0.002797241731914462,7.824561306763818e-06,11.899999618530273
2018-04-25,10570.5498046875,-0.004135008266019891,0.004135008266019891,1.7098293360052824e-05,12.399999618530273
2018-04-26,10617.7998046875,0.004460005540255803,0.004460005540255803,1.989164941911246e-05,12.039999961853027
2018-04-27,10692.2998046875,0.006992018327494462,0.006992018327494462,4.8888320292018456e-05,12.020000457763672
2018-04-30,10739.349609375,0.004390691482923282,0.004390691482923282,1.9278171698215047e-05,12.359999656677246
2018-05-02,10718.0498046875,-0.0019853115722468315,0.0019853115722468315,3.941462038897186e-06,12.84000015258789
2018-05-03,10679.650390625,-0.003589119852419833,0.003589119852419833,1.2881781315034164e-05,12.989999771118164
2018-05-04,10618.25,-0.005765879228025447,0.005765879228025447,3.3245363272175326e-05,13.25
2018-05-07,10715.5,0.009117072584576636,0.009117072584576636,8.31210125124389e-05,13.760000228881836
2018-05-08,10717.7998046875,0.00021460108497364168,0.00021460108497364168,4.605362567186418e-08,14.0600004196167
2018-05-09,10741.7001953125,0.002227489038162844,0.002227489038162844,4.961707415135632e-06,14.270000457763672
2018-05-10,10716.5498046875,-0.002344124254457977,0.002344124254457977,5.494918520338168e-06,14.430000305175781
2018-05-11,10806.5,0.008358547680564028,0.008358547680564028,6.986531932826229e-05,13.979999542236328
2018-05-14,10806.599609375,9.217500201396874e-06,9.217500201396874e-06,8.496230996275141e-11,14.25
2018-05-15,10801.849609375,-0.00043964284789006357,0.00043964284789006357,1.9328583370088557e-07,13.170000076293945
2018-05-16,10741.099609375,-0.005639911268794516,0.005639911268794516,3.180859911987537e-05,13.4399995803833
2018-05-17,10682.7001953125,-0.005451839472282671,0.005451839472282671,2.9722553631539397e-05,13.40999984741211
2018-05-18,10596.400390625,-0.008111271197454395,0.008111271197454395,6.579272043865324e-05,14.149999618530273
2018-05-21,10516.7001953125,-0.007549869197766206,0.007549869197766206,5.700052490337894e-05,14.40999984741211
2018-05-22,10536.7001953125,0.0018999311888009693,0.0018999311888009693,3.6097385221786644e-06,13.600000381469727
2018-05-23,10430.349609375,-0.010144631600820039,0.010144631600820039,0.00010291355031635655,14.15999984741211
2018-05-24,10513.849609375,0.007973610404251362,0.007973610404251362,6.357846287878557e-05,13.149999618530273
2018-05-25,10605.150390625,0.008646370571623485,0.008646370571623485,7.475972406183663e-05,12.649999618530273
2018-05-28,10688.650390625,0.00784269833741265,0.00784269833741265,6.150791721165514e-05,13.0600004196167
2018-05-29,10633.2998046875,-0.005191899405584954,0.005191899405584954,2.6955819437713402e-05,13.069999694824219
2018-05-30,10614.349609375,-0.0017837455774774606,0.0017837455774774606,3.1817482851703994e-06,13.40999984741211
2018-05-31,10736.150390625,0.011409765823805856,0.011409765823805856,0.0001301827561540881,13.220000267028809
2018-06-01,10696.2001953125,-0.003728031736138272,0.003728031736138272,1.3898220625654139e-05,13.569999694824219
2018-06-04,10628.5,-0.00634948413268003,0.00634948413268003,4.0315948751155475e-05,13.880000114440918
2018-06-05,10593.150390625,-0.003331469647161854,0.003331469647161854,1.1098690009960728e-05,13.319999694824219
2018-06-06,10684.650390625,0.00860056590990892,0.00860056590990892,7.396973397068745e-05,12.550000190734863
2018-06-07,10768.349609375,0.007803071219768874,0.007803071219768874,6.0887920460785305e-05,12.779999732971191
2018-06-08,10767.650390625,-6.49348765086917e-05,6.49348765086917e-05,4.2165381871990415e-09,12.699999809265137
2018-06-11,10786.9501953125,0.0017907833428202438,0.0017907833428202438,3.206904980922447e-06,13.180000305175781
2018-06-12,10842.849609375,0.005168752278609608,0.005168752278609608,2.6716000117632015e-05,12.729999542236328
2018-06-13,10856.7001953125,0.001276578356983104,0.001276578356983104,1.6296523015176817e-06,12.640000343322754
2018-06-14,10808.0498046875,-0.004491210136474933,0.004491210136474933,2.0170968489975183e-05,12.100000381469727
2018-06-15,10817.7001953125,0.0008924907821071907,0.0008924907821071907,7.965397961463049e-07,12.069999694824219
2018-06-18,10799.849609375,-0.0016514905857463397,0.0016514905857463397,2.7274211548087884e-06,12.380000114440918
2018-06-19,10710.4501953125,-0.00831229035595547,0.00831229035595547,6.909417096171031e-05,12.920000076293945
2018-06-20,10772.0498046875,0.005734879851344152,0.005734879851344152,3.288884690935313e-05,12.170000076293945
2018-06-21,10741.099609375,-0.002877330145384961,0.002877330145384961,8.27902876554104e-06,12.449999809265137
2018-06-22,10821.849609375,0.00748973404895337,0.00748973404895337,5.6096116124051435e-05,12.020000457763672
2018-06-25,10762.4501953125,-0.0055039602444048865,0.0055039602444048865,3.02935783719895e-05,12.579999923706055
2018-06-26,10769.150390625,0.0006223592623338975,0.0006223592623338975,3.8733105141279305e-07,12.800000190734863
2018-06-27,10671.400390625,-0.009118299083682797,0.009118299083682797,8.314337817949053e-05,13.510000228881836
2018-06-28,10589.099609375,-0.007742169031781291,0.007742169031781291,5.994118131667326e-05,13.949999809265137
2018-06-29,10714.2998046875,0.011754146307527904,0.011754146307527904,0.00013815995541877188,12.9399995803833
2018-07-02,10657.2998046875,-0.005334194556937323,0.005334194556937323,2.8453631571259765e-05,13.369999885559082
2018-07-03,10699.900390625,0.003989347109783859,0.003989347109783859,1.591489036234083e-05,13.0
2018-07-04,10769.900390625,0.0065208102070441875,0.0065208102070441875,4.252096575629166e-05,12.65999984741211
2018-07-05,10749.75,-0.0018727438548922296,0.0018727438548922296,3.5071695460366083e-06,12.579999923706055
2018-07-06,10772.650390625,0.002128052526818883,0.002128052526818883,4.528607556900232e-06,12.4399995803833
2018-07-09,10852.900390625,0.007421810355794803,0.007421810355794803,5.5083268957382984e-05,12.390000343322754
2018-07-10,10947.25,0.008655921796766377,0.008655921796766377,7.492498215173527e-05,12.399999618530273
2018-07-11,10948.2998046875,9.589206004582807e-05,9.589206004582807e-05,9.195287179832698e-09,12.779999732971191
2018-07-12,11023.2001953125,0.006817985187144955,0.006817985187144955,4.6484922012128034e-05,12.510000228881836
2018-07-13,11018.900390625,-0.00039014473464332456,0.00039014473464332456,1.5221291396991013e-07,12.300000190734863
2018-07-16,10936.849609375,-0.007474230051277428,0.007474230051277428,5.586411485941858e-05,12.949999809265137
2018-07-17,11008.0498046875,0.006489019959189796,0.006489019959189796,4.210738003076354e-05,12.829999923706055
2018-07-18,10980.4501953125,-0.0025103689537061304,0.0025103689537061304,6.301952283731612e-06,13.680000305175781
2018-07-19,10957.099609375,-0.00212882431847883,0.00212882431847883,4.531892978946856e-06,13.59000015258789
2018-07-20,11010.2001953125,0.004834521296150269,0.004834521296150269,2.3372596162930477e-05,13.539999961853027
2018-07-23,11084.75,0.0067481562013002455,0.0067481562013002455,4.553761211714696e-05,13.010000228881836
2018-07-24,11134.2998046875,0.004460126536742217,0.004460126536742217,1.989272872375212e-05,12.470000267028809
2018-07-25,11132.0,-0.00020657268750096133,0.00020657268750096133,4.267227522136982e-08,12.210000038146973
2018-07-26,11167.2998046875,0.0031660038191820943,0.0031660038191820943,1.0023580183075608e-05,12.029999732971191
2018-07-27,11278.349609375,0.00989507665693427,0.00989507665693427,9.791254204660548e-05,12.3100004196167
2018-07-30,11319.5498046875,0.0036463779405013436,0.0036463779405013436,1.329607208497482e-05,12.59000015258789
2018-07-31,11356.5,0.003258965149071806,0.003258965149071806,1.0620853842864619e-05,12.479999542236328
2018-08-01,11346.2001953125,-0.0009073639087465626,0.0009073639087465626,8.233092628958404e-07,12.529999732971191
2018-08-02,11244.7001953125,-0.008985979419681003,0.008985979419681003,8.074782613093054e-05,12.5600004196167
2018-08-03,11360.7998046875,0.010271892255968624,0.010271892255968624,0.00010551177051822819,12.079999923706055
2018-08-06,11387.099609375,0.0023122852731850252,0.0023122852731850252,5.346663184588347e-06,12.5600004196167
2018-08-07,11389.4501953125,0.00020640403976921495,0.00020640403976921495,4.2602627633051664e-08,12.579999923706055
2018-08-08,11450.0,0.005302224530419492,0.005302224530419492,2.81135849709822e-05,12.539999961853027
2018-08-09,11470.7001953125,0.0018062450766348273,0.0018062450766348273,3.2625212768675534e-06,12.680000305175781
2018-08-10,11429.5,-0.003598242758917501,0.003598242758917501,1.294735095210223e-05,12.850000381469727
2018-08-13,11355.75,-0.006473508743511776,0.006473508743511776,4.190631545232341e-05,13.399999618530273
2018-08-14,11435.099609375,0.00696331478277028,0.00696331478277028,4.848775276394711e-05,13.279999732971191
2018-08-16,11385.0498046875,-0.004386464262815843,0.004386464262815843,1.924106872896054e-05,13.649999618530273
2018-08-17,11470.75,0.007499242877784467,0.007499242877784467,5.6238643740001056e-05,13.15999984741211
2018-08-20,11551.75,0.007036623669863275,0.007036623669863275,4.95140726712801e-05,13.029999732971191
2018-08-21,11570.900390625,0.001656418678663017,0.001656418678663017,2.743722839023735e-06,12.899999618530273
2018-08-23,11582.75,0.001023563041648874,0.001023563041648874,1.0476813002294943e-06,12.760000228881836
2018-08-24,11557.099609375,-0.0022169894415104054,0.0022169894415104054,4.9150421837686195e-06,12.40999984741211
2018-08-27,11691.9501953125,0.011600654595540067,0.011600654595540067,0.00013457518704502487,12.239999771118164
2018-08-28,11738.5,0.003973450407027797,0.003973450407027797,1.5788308137109363e-05,12.430000305175781
2018-08-29,11691.900390625,-0.003977710157774837,0.003977710157774837,1.582217809926512e-05,12.4399995803833
2018-08-30,11676.7998046875,-0.0012923772322029556,0.0012923772322029556,1.6702389103165722e-06,12.40999984741211
2018-08-31,11680.5,0.0003168341695652239,0.0003168341695652239,1.0038389100408505e-07,12.600000381469727
2018-09-03,11582.349609375,-0.008438430776075216,0.008438430776075216,7.120711396261338e-05,13.390000343322754
2018-09-04,11520.2998046875,-0.005371674285373425,0.005371674285373425,2.88548846281421e-05,13.779999732971191
2018-09-05,11476.9501953125,-0.003769986473883496,0.003769986473883496,1.4212798013264517e-05,13.649999618530273
2018-09-06,11536.900390625,0.005209934834070753,0.005209934834070753,2.7143420975263842e-05,13.720000267028809
2018-09-07,11589.099609375,0.0045143394792379185,0.0045143394792379185,2.0379260933806083e-05,13.890000343322754
2018-09-10,11438.099609375,-0.013115113390097494,0.013115113390097494,0.00017200619923511456,15.199999809265137
2018-09-11,11287.5,-0.013253935347788789,0.013253935347788789,0.00017566680220336512,15.329999923706055
2018-09-12,11369.900390625,0.007273628261968242,0.007273628261968242,5.290566809330315e-05,14.25
2018-09-14,11515.2001953125,0.012698371727607837,0.012698371727607837,0.00016124864453251003,13.84000015258789
2018-09-17,11377.75,-0.012008224872722099,0.012008224872722099,0.00014419746459386166,14.5
2018-09-18,11278.900390625,-0.008725935642451747,0.008725935642451747,7.614195283620978e-05,14.420000076293945
2018-09-19,11234.349609375,-0.003957743942134398,0.003957743942134398,1.5663737111501525e-05,14.010000228881836
2018-09-21,11143.099609375,-0.008155577062129398,0.008155577062129398,6.651343721633118e-05,15.539999961853027
2018-09-24,10967.400390625,-0.015893165427847328,0.015893165427847328,0.00025259270731692156,17.43000030517578
2018-09-25,11067.4501953125,0.009081113743931286,0.009081113743931286,8.24666268302177e-05,16.68000030517578
2018-09-26,11053.7998046875,-0.001234142949208208,0.001234142949208208,1.5231088190803337e-06,17.09000015258789
2018-09-27,10977.5498046875,-0.006921982157626523,0.006921982157626523,4.791383699049994e-05,16.920000076293945
2018-09-28,10930.4501953125,-0.004299770124143364,0.004299770124143364,1.8488023120475837e-05,17.0
2018-10-01,11008.2998046875,0.007097025685968254,0.007097025685968254,5.036777358729317e-05,16.84000015258789
2018-10-03,10858.25,-0.013724356268050715,0.013724356268050715,0.00018835795497238296,18.1200008392334
2018-10-04,10599.25,-0.024141915818458322,0.024141915818458322,0.0005828320993855282,18.920000076293945
2018-10-05,10316.4501953125,-0.027043516339215604,0.027043516339215604,0.0007313517759894214,19.729999542236328
2018-10-08,10348.0498046875,0.003058349730753957,0.003058349730753957,9.353503075602801e-06,20.149999618530273
2018-10-09,10301.0498046875,-0.004552264462335634,0.004552264462335634,2.0723111735043934e-05,19.760000228881836
2018-10-10,10460.099609375,0.015322168649223668,0.015322168649223668,0.00023476885211525265,17.90999984741211
2018-10-11,10234.650390625,-0.021788921165731508,0.021788921165731508,0.00047475708556646247,20.549999237060547
2018-10-12,10472.5,0.022973713528550762,0.022973713528550762,0.0005277915132919164,18.6299991607666
2018-10-15,10512.5,0.003812251460013522,0.003812251460013522,1.453326119437523e-05,18.889999389648438
2018-10-16,10584.75,0.006849260681022563,0.006849260681022563,4.6912371876601664e-05,17.3700008392334
2018-10-17,10453.0498046875,-0.012520502809902525,0.012520502809902525,0.00015676299061277702,17.979999542236328
2018-10-19,10303.5498046875,-0.014405306077947945,0.014405306077947945,0.00020751284319936398,19.790000915527344
2018-10-22,10245.25,-0.005674293551714025,0.005674293551714025,3.219760731102336e-05,21.360000610351562
2018-10-23,10146.7998046875,-0.009655817945697833,0.009655817945697833,9.323482020046032e-05,19.040000915527344
2018-10-24,10224.75,0.007652886157385112,0.007652886157385112,5.856666653789667e-05,18.8799991607666
2018-10-25,10124.900390625,-0.009813476770964884,0.009813476770964884,9.630432633426737e-05,18.959999084472656
2018-10-26,10030.0,-0.009417173007402645,0.009417173007402645,8.868314745135298e-05,19.229999542236328
2018-10-29,10250.849609375,0.021779988895005153,0.021779988895005153,0.00047436791626654783,19.829999923706055
2018-10-30,10198.400390625,-0.005129707325392901,0.005129707325392901,2.6313897244189587e-05,20.5
2018-10-31,10386.599609375,0.018285592676591408,0.018285592676591408,0.00033436289953421333,19.799999237060547
2018-11-01,10380.4501953125,-0.0005922280054286613,0.0005922280054286613,3.507340104140105e-07,19.190000534057617
2018-11-02,10553.0,0.016485931474334168,0.016485931474334168,0.00027178593657644197,18.229999542236328
2018-11-05,10524.0,-0.0027518165109068284,0.0027518165109068284,7.57249410969943e-06,19.479999542236328
2018-11-06,10530.0,0.0005699629678378127,0.0005699629678378127,3.2485778470648754e-07,18.510000228881836
2018-11-07,10598.400390625,0.006474757039787639,0.006474757039787639,4.192247872427959e-05,17.719999313354492
2018-11-09,10585.2001953125,-0.0012462656636175824,0.0012462656636175824,1.5531781043121731e-06,17.770000457763672
2018-11-12,10482.2001953125,-0.009778218363148,0.009778218363148,9.561355435740474e-05,19.3700008392334
2018-11-13,10582.5,0.009523094254035388,0.009523094254035388,9.068932417124181e-05,18.700000762939453
2018-11-14,10576.2998046875,-0.000586063060967349,0.000586063060967349,3.4346991143041856e-07,18.829999923706055
2018-11-15,10616.7001953125,0.003812621107308771,0.003812621107308771,1.4536079707896358e-05,18.450000762939453
2018-11-16,10682.2001953125,0.006150571652505879,0.006150571652505879,3.78295316526089e-05,18.350000381469727
2018-11-19,10763.400390625,0.007572703131144189,0.007572703131144189,5.734583271244101e-05,19.260000228881836
2018-11-20,10656.2001953125,-0.010009625523730635,0.010009625523730635,0.00010019260312531978,19.329999923706055
2018-11-21,10600.0498046875,-0.005283201056794732,0.005283201056794732,2.791221340651697e-05,19.559999465942383
2018-11-22,10526.75,-0.006939063131569403,0.006939063131569403,4.8150597143905766e-05,19.15999984741211
2018-11-26,10628.599609375,0.009628807669070337,0.009628807669070337,9.271393712794773e-05,20.399999618530273
2018-11-27,10685.599609375,0.005348559924642655,0.005348559924642655,2.8607093267493445e-05,18.31999969482422
2018-11-28,10728.849609375,0.004039334223781422,0.004039334223781422,1.631622097141186e-05,17.959999084472656
2018-11-29,10858.7001953125,0.01203028163822991,0.01203028163822991,0.00014472767629513172,18.700000762939453
2018-11-30,10876.75,0.0016608635822544591,0.0016608635822544591,2.7584678388591145e-06,19.15999984741211
2018-12-03,10883.75,0.0006433675918710725,0.0006433675918710725,4.139218582699829e-07,18.219999313354492
2018-12-04,10869.5,-0.0013101492455916805,0.0013101492455916805,1.7164910457244495e-06,18.110000610351562
2018-12-05,10782.900390625,-0.007999119688821785,0.007999119688821785,6.398591579609634e-05,18.389999389648438
2018-12-06,10601.150390625,-0.016999059579474705,0.016999059579474705,0.00028896802658653074,19.309999465942383
2018-12-07,10693.7001953125,0.008692278636606364,0.008692278636606364,7.555570789640339e-05,18.59000015258789
2018-12-10,10488.4501953125,-0.019380130942287622,0.019380130942287622,0.0003755894753402141,20.440000534057617
2018-12-11,10549.150390625,0.005770654643792864,0.005770654643792864,3.3300455017928145e-05,17.950000762939453
2018-12-12,10737.599609375,0.01770623905775317,0.01770623905775317,0.00031351090157030384,15.8100004196167
2018-12-13,10791.5498046875,0.005011838341027756,0.005011838341027756,2.5118523556595846e-05,15.550000190734863
2018-12-14,10805.4501953125,0.0012872521687673252,0.0012872521687673252,1.6570181459961824e-06,15.15999984741211
2018-12-17,10888.349609375,0.007642719885813293,0.007642719885813293,5.8411167253005947e-05,14.539999961853027
2018-12-18,10908.7001953125,0.0018672794743268973,0.0018672794743268973,3.486732635242534e-06,14.579999923706055
2018-12-19,10967.2998046875,0.005357446474361821,0.005357446474361821,2.8702232725651905e-05,14.65999984741211
2018-12-20,10951.7001953125,-0.0014233871991216722,0.0014233871991216722,2.026031118623439e-06,14.329999923706055
2018-12-21,10754.0,-0.01821693480035375,0.01821693480035375,0.0003318567135203395,15.989999771118164
2018-12-24,10663.5,-0.0084510833319759,0.0084510833319759,7.142080948400087e-05,15.75
2018-12-26,10729.849609375,0.006202845587195536,0.006202845587195536,3.8475293378591135e-05,15.920000076293945
2018-12-27,10779.7998046875,0.004644453671963747,0.004644453671963747,2.157094991101753e-05,16.06999969482422
2018-12-28,10859.900390625,0.007403148015077441,0.007403148015077441,5.480660053314505e-05,15.270000457763672
2018-12-31,10862.5498046875,0.00024393326275947618,0.00024393326275947618,5.9503436680483645e-08,16.0
2019-01-02,10792.5,-0.006469627145011258,0.006469627145011258,4.1856075395466516e-05,16.389999389648438
2019-01-03,10672.25,-0.011204533761500678,0.011204533761500678,0.00012554157681260854,16.790000915527344
2019-01-04,10727.349609375,0.005149603931252372,0.005149603931252372,2.6518420648769885e-05,16.15999984741211
2019-01-07,10771.7998046875,0.0041350713736188,0.0041350713736188,1.7098815264921668e-05,16.299999237060547
2019-01-08,10802.150390625,0.0028136345625500237,0.0028136345625500237,7.916539451576062e-06,15.699999809265137
2019-01-09,10855.150390625,0.004894433183399924,0.004894433183399924,2.3955476186766312e-05,15.270000457763672
2019-01-10,10821.599609375,-0.003095557040757343,0.003095557040757343,9.582473392582357e-06,15.350000381469727
2019-01-11,10794.9501953125,-0.002465650421033224,0.002465650421033224,6.079431998741316e-06,15.350000381469727
2019-01-14,10737.599609375,-0.005326886232360374,0.005326886232360374,2.8375716932510505e-05,16.15999984741211
2019-01-15,10886.7998046875,0.013799464213669708,0.013799464213669708,0.00019042521258435093,15.579999923706055
2019-01-16,10890.2998046875,0.000321438583917674,0.000321438583917674,1.0332276323099954e-07,16.079999923706055
2019-01-17,10905.2001953125,0.001367290766106507,0.001367290766106507,1.8694840390801188e-06,16.239999771118164
2019-01-18,10906.9501953125,0.0001604610249256087,0.0001604610249256087,2.5747740520176816e-08,16.6200008392334
2019-01-21,10961.849609375,0.005020808629692447,0.005020808629692447,2.5208519295994152e-05,18.149999618530273
2019-01-22,10922.75,-0.003573257146616415,0.003573257146616415,1.2768166635845283e-05,17.989999771118164
2019-01-23,10831.5,-0.008389214537151498,0.008389214537151498,7.037892055035401e-05,18.09000015258789
2019-01-24,10849.7998046875,0.0016880730581589696,0.0016880730581589696,2.849590649682176e-06,17.43000030517578
2019-01-25,10780.5498046875,-0.006403062164968701,0.006403062164968701,4.099920508845367e-05,17.690000534057617
2019-01-28,10661.5498046875,-0.011099773244971002,0.011099773244971002,0.0001232049660897741,18.899999618530273
2019-01-29,10652.2001953125,-0.0008773312978436732,0.0008773312978436732,7.69710206176064e-07,18.43000030517578
2019-01-30,10651.7998046875,-3.758830501756102e-05,3.758830501756102e-05,1.412880674093203e-09,17.850000381469727
2019-01-31,10830.9501953125,0.016678920874278535,0.016678920874278535,0.00027818640153044424,17.1200008392334
2019-02-01,10893.650390625,0.005772292029816439,0.005772292029816439,3.331935527748239e-05,15.720000267028809
2019-02-04,10912.25,0.0017059248691862574,0.0017059248691862574,2.9101796593081494e-06,15.720000267028809
2019-02-05,10934.349609375,0.0020231630833451035,0.0020231630833451035,4.093188861810466e-06,15.779999732971191
2019-02-06,11062.4501953125,0.011647333726075786,0.011647333726075786,0.00013566038292658244,15.630000114440918
2019-02-07,11069.400390625,0.0006280717930916961,0.0006280717930916961,3.9447417727741824e-07,15.4399995803833
2019-02-08,10943.599609375,-0.011429805188104512,0.011429805188104512,0.00013064044663802082,15.569999694824219
2019-02-11,10888.7998046875,-0.005020054711538446,0.005020054711538446,2.5200949306839347e-05,15.84000015258789
2019-02-12,10831.400390625,-0.005285360831624847,0.005285360831624847,2.79350391204741e-05,15.75
2019-02-14,10746.0498046875,-0.007911132252471094,0.007911132252471094,6.258601351608837e-05,15.770000457763672
2019-02-15,10724.400390625,-0.0020166713974639474,0.0020166713974639474,4.066963525349191e-06,16.459999084472656
2019-02-18,10640.9501953125,-0.007811771620307167,0.007811771620307167,6.1023775847836465e-05,18.0
2019-02-19,10604.349609375,-0.003445526538395949,0.003445526538395949,1.187165312679077e-05,18.469999313354492
2019-02-20,10735.4501953125,0.01228711014362708,0.01228711014362708,0.00015097307568162348,17.059999465942383
2019-02-21,10789.849609375,0.005054473607434973,0.005054473607434973,2.554770344825671e-05,16.049999237060547
2019-02-22,10791.650390625,0.00016688193630472358,0.00016688193630472358,2.7849580664813816e-08,15.449999809265137
2019-02-25,10880.099609375,0.008162673513503154,0.008162673513503154,6.662923888804592e-05,15.359999656677246
2019-02-26,10835.2998046875,-0.004126092031890748,0.004126092031890748,1.7024635455632323e-05,17.110000610351562
2019-02-27,10806.650390625,-0.0026475831003447124,0.0026475831003447124,7.009696273230919e-06,18.899999618530273
2019-02-28,10792.5,-0.0013102730795938819,0.0013102730795938819,1.716815543108435e-06,18.280000686645508
2019-03-01,10863.5,0.006557097745663337,0.006557097745663337,4.299553084618322e-05,16.270000457763672
2019-03-05,10987.4501953125,0.011345183958033887,0.011345183958033887,0.00012871319904162945,15.65999984741211
2019-03-06,11053.0,0.0059481541776258,0.0059481541776258,3.5380538120807256e-05,15.609999656677246
2019-03-07,11058.2001953125,0.00047036753884395607,0.00047036753884395607,2.2124562159812053e-07,15.289999961853027
2019-03-08,11035.400390625,-0.002063929117607768,0.002063929117607768,4.25980340250918e-06,14.9399995803833
2019-03-11,11168.0498046875,0.01194868284879883,0.01194868284879883,0.00014277102182117934,14.899999618530273
2019-03-12,11301.2001953125,0.011851926453906937,0.011851926453906937,0.00014046816066881905,15.100000381469727
2019-03-13,11341.7001953125,0.0035772840485137174,0.0035772840485137174,1.2796961163750693e-05,15.279999732971191
2019-03-14,11343.25,0.00013663725743869715,0.00013663725743869715,1.86697401203688e-08,15.149999618530273
2019-03-15,11426.849609375,0.0073429617299341126,0.0073429617299341126,5.391908696727698e-05,15.869999885559082
2019-03-18,11462.2001953125,0.003088866890158751,0.003088866890158751,9.541098665118993e-06,16.899999618530273
2019-03-19,11532.400390625,0.006105817158639563,0.006105817158639563,3.7281003174737306e-05,16.489999771118164
2019-03-20,11521.0498046875,-0.000984719142560533,0.000984719142560533,9.696717897251513e-07,16.030000686645508
2019-03-22,11456.900390625,-0.005583577314696379,0.005583577314696379,3.117633562919203e-05,16.270000457763672
2019-03-25,11354.25,-0.00900007950222714,0.00900007950222714,8.100143104640912e-05,16.670000076293945
2019-03-26,11483.25,0.011297328693216403,0.011297328693216403,0.00012762963560257064,16.489999771118164
2019-03-27,11445.0498046875,-0.003332146821462826,0.003332146821462826,1.1103202439784815e-05,17.049999237060547
2019-03-28,11570.0,0.010858236155870985,0.010858236155870985,0.0001179012924166639,16.649999618530273
2019-04-01,11669.150390625,0.008533099582725414,0.008533099582725414,7.281378848870863e-05,18.010000228881836
2019-04-02,11713.2001953125,0.0037677868730356698,0.0037677868730356698,1.419621792061991e-05,18.079999923706055
2019-04-03,11643.9501953125,-0.005929679070481917,0.005929679070481917,3.5161093878911295e-05,18.780000686645508
2019-04-04,11598.0,-0.00395407913661549,0.00395407913661549,1.56347418186179e-05,18.649999618530273
2019-04-05,11665.9501953125,0.005841689650914404,0.005841689650914404,3.4125337977600445e-05,18.389999389648438
2019-04-08,11604.5,-0.005281405184150887,0.005281405184150887,2.789324071917586e-05,20.149999618530273
2019-04-09,11671.9501953125,0.005795590267793092,0.005795590267793092,3.3588866552138006e-05,20.280000686645508
2019-04-10,11584.2998046875,-0.007537827950835446,0.007537827950835446,5.6818850216396104e-05,21.1299991607666
2019-04-11,11596.7001953125,0.001069875484907893,0.001069875484907893,1.144633553206899e-06,20.959999084472656
2019-04-12,11643.4501953125,0.004023215192085498,0.004023215192085498,1.6186260481827548e-05,21.0
2019-04-15,11690.349609375,0.004019874826265466,0.004019874826265466,1.6159393618842814e-05,21.389999389648438
2019-04-16,11787.150390625,0.008246306446581041,0.008246306446581041,6.800157001092404e-05,21.690000534057617
2019-04-18,11752.7998046875,-0.002918494732110024,0.002918494732110024,8.51761150135396e-06,22.739999771118164
2019-04-22,11594.4501953125,-0.013564941266796056,0.013564941266796056,0.0001840076315716266,24.049999237060547
2019-04-23,11575.9501953125,-0.001596865278055509,0.001596865278055509,2.549978716259298e-06,24.649999618530273
2019-04-24,11726.150390625,0.01289173694761699,0.01289173694761699,0.000166196881526553,23.709999084472656
2019-04-25,11641.7998046875,-0.007219371112150696,0.007219371112150696,5.211931925495598e-05,23.229999542236328
2019-04-26,11754.650390625,0.00964688746996101,0.00964688746996101,9.306243785809073e-05,21.719999313354492
2019-04-30,11748.150390625,-0.0005531255807526546,0.0005531255807526546,3.0594790808296147e-07,21.829999923706055
2019-05-02,11724.75,-0.0019938224921164987,0.0019938224921164987,3.975328130069646e-06,22.979999542236328
2019-05-03,11712.25,-0.0010666895238500144,0.0010666895238500144,1.1378265402913703e-06,24.030000686645508
2019-05-06,11598.25,-0.00978107795702945,0.00978107795702945,9.56694860014874e-05,26.43000030517578
2019-05-07,11497.900390625,-0.008689780690377916,0.008689780690377916,7.551228844686488e-05,26.479999542236328
2019-05-08,11359.4501953125,-0.012114430150335101,0.012114430150335101,0.00014675941786734814,26.3700008392334
2019-05-09,11301.7998046875,-0.005088026035289156,0.005088026035289156,2.5888008935780288e-05,25.489999771118164
2019-05-10,11278.900390625,-0.0020282295690185756,0.0020282295690185756,4.113715184641277e-06,26.34000015258789
2019-05-13,11148.2001953125,-0.011655690801341047,0.011655690801341047,0.0001358551280564663,27.3799991607666
2019-05-14,11222.0498046875,0.006602508032110876,0.006602508032110876,4.3593112314088627e-05,27.1299991607666
2019-05-15,11157.0,-0.0058134718372332824,0.0058134718372332824,3.3796454802304513e-05,28.65999984741211
2019-05-16,11257.099609375,0.00893190238330833,0.00893190238330833,7.977888018494902e-05,28.3700008392334
2019-05-17,11407.150390625,0.013241380029110125,0.013241380029110125,0.00017533414507531645,28.079999923706055
2019-05-20,11828.25,0.03625035203017847,0.03625035203017847,0.0013140880223118643,23.68000030517578
2019-05-21,11709.099609375,-0.010124454145348287,0.010124454145348287,0.00010250457174126011,25.649999618530273
2019-05-22,11737.900390625,0.0024566721316128274,0.0024566721316128274,6.035237962243113e-06,27.6299991607666
2019-05-23,11657.0498046875,-0.006911825598039294,0.006911825598039294,4.777333309771125e-05,19.40999984741211
2019-05-24,11844.099609375,0.01591868987483049,0.01591868987483049,0.00025340468733103073,16.469999313354492
2019-05-27,11924.75,0.00678625187736734,0.00678625187736734,4.605321454307175e-05,16.190000534057617
2019-05-28,11928.75,0.00033538055526396364,0.00033538055526396364,1.1248011684916457e-07,15.920000076293945
2019-05-29,11861.099609375,-0.005687347678687314,0.005687347678687314,3.234592361826998e-05,16.40999984741211
2019-05-30,11945.900390625,0.007124050901094894,0.007124050901094894,5.075210124139097e-05,15.609999656677246
2019-05-31,11922.7998046875,-0.001935638971628022,0.001935638971628022,3.7466982284851864e-06,16.06999969482422
2019-06-03,12088.5498046875,0.013806190447529239,0.013806190447529239,0.0001906108946734476,15.970000267028809
2019-06-04,12021.650390625,-0.0055494840533033855,0.0055494840533033855,3.079677325786857e-05,15.630000114440918
2019-06-06,11843.75,-0.014908921111632112,0.014908921111632112,0.00022227592871286968,15.529999732971191
2019-06-07,11870.650390625,0.0022686976453037896,0.0022686976453037896,5.14698900580696e-06,14.859999656677246
2019-06-10,11922.7001953125,0.004375162508348263,0.004375162508348263,1.9142046974456264e-05,14.979999542236328
2019-06-11,11965.599609375,0.003591671280959742,0.003591671280959742,1.2900102590470993e-05,14.489999771118164
2019-06-12,11906.2001953125,-0.0049765444699523915,0.0049765444699523915,2.476599486141373e-05,14.119999885559082
2019-06-13,11914.0498046875,0.0006590703001973485,0.0006590703001973485,4.343736606022231e-07,13.65999984741211
2019-06-14,11823.2998046875,-0.00764621523730026,0.00764621523730026,5.846460745512267e-05,13.899999618530273
2019-06-17,11672.150390625,-0.012866448437943826,0.012866448437943826,0.00016554549540626713,14.649999618530273
2019-06-18,11691.5,0.0016563861789982873,0.0016563861789982873,2.743615173976546e-06,14.600000381469727
2019-06-19,11691.4501953125,-4.259914774167141e-06,4.259914774167141e-06,1.8146873883167484e-11,14.729999542236328
2019-06-20,11831.75,0.011928773907426743,0.011928773907426743,0.0001422956469345051,14.0
2019-06-21,11724.099609375,-0.009140077037704798,0.009140077037704798,8.35410082551785e-05,14.609999656677246
2019-06-24,11699.650390625,-0.0020875587921609646,0.0020875587921609646,4.357901710728546e-06,15.220000267028809
2019-06-25,11796.4501953125,0.00823969509310694,0.00823969509310694,6.78925752273706e-05,15.010000228881836
2019-06-26,11847.5498046875,0.0043224233576614314,0.0043224233576614314,1.8683343682857124e-05,14.75
2019-06-27,11841.5498046875,-0.0005065621089227406,0.0005065621089227406,2.5660517019625454e-07,14.649999618530273
2019-06-28,11788.849609375,-0.004460380187531091,0.004460380187531091,1.9894991417319893e-05,14.949999809265137
2019-07-01,11865.599609375,0.006489288220080564,0.006489288220080564,4.211086160327638e-05,14.600000381469727
2019-07-02,11910.2998046875,0.003760130979735517,0.003760130979735517,1.413858498476678e-05,14.25
2019-07-03,11916.75,0.0005414178862205623,0.0005414178862205623,2.9313332751954177e-07,13.699999809265137
2019-07-04,11946.75,0.0025143014062712723,0.0025143014062712723,6.3217115615776975e-06,13.529999732971191
2019-07-05,11811.150390625,-0.011415241213692496,0.011415241213692496,0.00013030773196678373,13.069999694824219
2019-07-08,11558.599609375,-0.021614318798492883,0.021614318798492883,0.0004671787771228828,13.850000381469727
2019-07-09,11555.900390625,-0.0002335519922360358,0.0002335519922360358,5.4546533077421325e-08,13.6899995803833
2019-07-10,11498.900390625,-0.0049447502653284115,0.0049447502653284115,2.4450555186465395e-05,13.640000343322754
2019-07-11,11582.900390625,0.007278493704286908,0.007278493704286908,5.297647060334415e-05,12.470000267028809
2019-07-12,11552.5,-0.002628042532973005,0.002628042532973005,6.906607555115167e-06,12.0
2019-07-15,11588.349609375,0.003098385639232596,0.003098385639232596,9.599993569402783e-06,12.020000457763672
2019-07-16,11662.599609375,0.006386857732255645,0.006386857732255645,4.079195169207372e-05,11.5600004196167
2019-07-17,11687.5,0.00213278748103271,0.00213278748103271,4.548782439249852e-06,11.800000190734863
2019-07-18,11596.900390625,-0.007782039913567366,0.007782039913567366,6.056014521635558e-05,11.75
2019-07-19,11419.25,-0.015437326885714045,0.015437326885714045,0.0002383110613763897,12.520000457763672
2019-07-22,11346.2001953125,-0.00641762449493666,0.00641762449493666,4.1185904158011014e-05,13.010000228881836
2019-07-23,11331.0498046875,-0.001336175495625011,0.001336175495625011,1.785364955108744e-06,13.430000305175781
2019-07-24,11271.2998046875,-0.005287073265915101,0.005287073265915101,2.7953143719154177e-05,12.760000228881836
2019-07-25,11252.150390625,-0.001700398341321937,0.001700398341321937,2.8913545191703945e-06,12.640000343322754
2019-07-26,11284.2998046875,0.0028531055771835413,0.0028531055771835413,8.140211434555827e-06,12.130000114440918
2019-07-29,11189.2001953125,-0.008463316975262767,0.008463316975262767,7.16277342237709e-05,13.0600004196167
2019-07-30,11085.400390625,-0.009320082365343962,0.009320082365343962,8.686393529679551e-05,13.609999656677246
2019-07-31,11118.0,0.002936454076975709,0.002936454076975709,8.622762546187264e-06,13.59000015258789
2019-08-01,10980.0,-0.012489980449893174,0.012489980449893174,0.0001559996116387137,14.5600004196167
2019-08-02,10997.349609375,0.001578863082899198,0.001578863082899198,2.4928086345419595e-06,15.1899995803833
2019-08-05,10862.599609375,-0.012328638591802651,0.012328638591802651,0.00015199532952728565,16.59000015258789
2019-08-06,10948.25,0.007853965566277007,0.007853965566277007,6.168477511626492e-05,16.1200008392334
2019-08-07,10855.5,-0.00850776214660283,0.00850776214660283,7.238201674316798e-05,16.739999771118164
2019-08-08,11032.4501953125,0.016169083798241606,0.016169083798241606,0.0002614392708745592,16.09000015258789
2019-08-09,11109.650390625,0.006973187375465333,0.006973187375465333,4.86253421733491e-05,15.850000381469727
2019-08-13,10925.849609375,-0.016682629759426824,0.016682629759426824,0.0002783101356901135,17.780000686645508
2019-08-14,11029.400390625,0.009432964697282421,0.009432964697282421,8.898082298017644e-05,16.360000610351562
2019-08-16,11047.7998046875,0.00166682533651526,0.00166682533651526,2.7783067024492096e-06,16.649999618530273
2019-08-19,11053.900390625,0.0005520467691192048,0.0005520467691192048,3.047556352949526e-07,16.75
2019-08-20,11017.0,-0.0033438078514244876,0.0033438078514244876,1.1181050947248048e-05,16.6299991607666
2019-08-21,10918.7001953125,-0.008962600859057328,0.008962600859057328,8.032821415877515e-05,17.020000457763672
2019-08-22,10741.349609375,-0.016376190359974212,0.016376190359974212,0.0002681796107061123,17.850000381469727
2019-08-23,10829.349609375,0.008159261534645986,0.008159261534645986,6.657354879075358e-05,17.350000381469727
2019-08-26,11057.849609375,0.020880542984676998,0.020880542984676998,0.0004359970753349438,16.65999984741211
2019-08-27,11105.349609375,0.004286391351556263,0.004286391351556263,1.8373150818696326e-05,16.010000228881836
2019-08-28,11046.099609375,-0.005349549884040612,0.005349549884040612,2.8617683961838924e-05,16.84000015258789
2019-08-29,10948.2998046875,-0.008893213897011299,0.008893213897011299,7.90892534179949e-05,16.43000030517578
2019-08-30,11023.25,0.00682250334649108,0.00682250334649108,4.654655191288199e-05,16.280000686645508
2019-09-03,10797.900390625,-0.020654971620241963,0.020654971620241963,0.0004266278526330009,18.059999465942383
2019-09-04,10844.650390625,0.004320199886309888,0.004320199886309888,1.8664127057671966e-05,17.239999771118164
2019-09-05,10847.900390625,0.00029964203445609783,0.00029964203445609783,8.978534881298933e-08,17.270000457763672
2019-09-06,10946.2001953125,0.00902083303672415,0.00902083303672415,8.137542867645386e-05,16.270000457763672
2019-09-09,11003.0498046875,0.005180107429441778,0.005180107429441778,2.6833512980557906e-05,15.850000381469727
2019-09-11,11035.7001953125,0.0029630005796600876,0.0029630005796600876,8.779372435066015e-06,15.369999885559082
2019-09-12,10982.7998046875,-0.004805095025496559,0.004805095025496559,2.308893820405178e-05,14.899999618530273
2019-09-13,11075.900390625,0.008441217109748283,0.008441217109748283,7.125414629390714e-05,14.119999885559082
2019-09-16,11003.5,-0.006558207998363749,0.006558207998363749,4.301009214980226e-05,14.949999809265137
2019-09-17,10817.599609375,-0.017039002763312223,0.017039002763312223,0.0002903276151681616,16.020000457763672
2019-09-18,10840.650390625,0.002128592102631135,0.002128592102631135,4.5309043393836355e-06,15.350000381469727
2019-09-19,10704.7998046875,-0.012610772583449698,0.012610772583449698,0.00015903158515148655,15.550000190734863
2019-09-20,11274.2001953125,0.051824725995144275,0.051824725995144275,0.002685802224471783,15.399999618530273
2019-09-23,11600.2001953125,0.028505409421526316,0.028505409421526316,0.0008125583662888413,16.790000915527344
2019-09-24,11588.2001953125,-0.0010350003337080292,0.0010350003337080292,1.0712256907757319e-06,16.729999542236328
2019-09-25,11440.2001953125,-0.01285387045749521,0.01285387045749521,0.0001652219857380681,16.170000076293945
2019-09-26,11571.2001953125,0.011385783826013008,0.011385783826013008,0.0001296360733326994,16.34000015258789
2019-09-27,11512.400390625,-0.005094519950938459,0.005094519950938459,2.5954133530509996e-05,16.110000610351562
2019-09-30,11474.4501953125,-0.003301907727659163,0.003301907727659163,1.0902594641975298e-05,15.869999885559082
2019-10-01,11359.900390625,-0.01003319671254013,0.01003319671254013,0.00010066503627252608,16.760000228881836
2019-10-03,11314.0,-0.004048747902700529,0.004048747902700529,1.6392359579621932e-05,17.700000762939453
2019-10-04,11174.75,-0.012384128036227408,0.012384128036227408,0.0001533666272176737,17.579999923706055
2019-10-07,11126.400390625,-0.004336070945390455,0.004336070945390455,1.8801511243459275e-05,17.829999923706055
2019-10-09,11313.2998046875,0.016658309554353663,0.016658309554353663,0.0002774992772086705,17.15999984741211
2019-10-10,11234.5498046875,-0.006985173448092334,0.006985173448092334,4.879264809993415e-05,17.229999542236328
2019-10-11,11305.0498046875,0.006255677219734019,0.006255677219734019,3.913349747749914e-05,17.139999389648438
2019-10-14,11341.150390625,0.0031882272704231176,0.0031882272704231176,1.0164793127869643e-05,17.43000030517578
2019-10-15,11428.2998046875,0.007654979710518189,0.007654979710518189,5.859871436844513e-05,16.850000381469727
2019-10-16,11464.0,0.0031189722795879394,0.0031189722795879394,9.727988080837986e-06,16.360000610351562
2019-10-17,11586.349609375,0.010615956850818441,0.010615956850818441,0.000112698539858439,15.880000114440918
2019-10-18,11661.849609375,0.006495149556810502,0.006495149556810502,4.2186967765335655e-05,15.930000305175781
2019-10-22,11588.349609375,-0.006322547531982618,0.006322547531982618,3.99746072941795e-05,16.809999465942383
2019-10-23,11604.099609375,0.0013582008758651655,0.0013582008758651655,1.8447096192009026e-06,16.540000915527344
2019-10-24,11582.599609375,-0.001854512016487498,0.001854512016487498,3.439214819296526e-06,16.239999771118164
2019-10-25,11583.900390625,0.00011229846989121649,0.00011229846989121649,1.2610946339908456e-08,15.319999694824219
2019-10-29,11786.849609375,0.017368233407476515,0.017368233407476515,0.00030165553169658326,16.420000076293945
2019-10-30,11844.099609375,0.004845350178432992,0.004845350178432992,2.347741835164063e-05,16.65999984741211
2019-10-31,11877.4501953125,0.0028118405572833054,0.0028118405572833054,7.90644731958329e-06,16.280000686645508
2019-11-01,11890.599609375,0.0011064782775295006,0.0011064782775295006,1.2242941786446507e-06,15.729999542236328
2019-11-04,11941.2998046875,0.004254824252091804,0.004254824252091804,1.8103529416188578e-05,15.930000305175781
2019-11-05,11917.2001953125,-0.002020212299297299,0.002020212299297299,4.08125773423208e-06,15.920000076293945
2019-11-06,11966.0498046875,0.004090706038353768,0.004090706038353768,1.6733875892223975e-05,15.779999732971191
2019-11-07,12012.0498046875,0.003836839214212366,0.003836839214212366,1.4721335155717766e-05,15.210000038146973
2019-11-08,11908.150390625,-0.008687223905779385,0.008687223905779385,7.546785918914483e-05,15.859999656677246
2019-11-11,11913.4501953125,0.0004449579074941643,0.0004449579074941643,1.9798753944158526e-07,16.25
2019-11-13,11840.4501953125,-0.006146378372844679,0.006146378372844679,3.77779671021728e-05,16.459999084472656
2019-11-14,11872.099609375,0.0026694246816312177,0.0026694246816312177,7.125828130901928e-06,15.649999618530273
2019-11-15,11895.4501953125,0.001964913812506188,0.001964913812506188,3.860886290577603e-06,15.029999732971191
2019-11-18,11884.5,-0.0009209603886071214,0.0009209603886071214,8.4816803738338e-07,15.760000228881836
2019-11-19,11940.099609375,0.004667420332106962,0.004667420332106962,2.1784812556565463e-05,15.40999984741211
2019-11-20,11999.099609375,0.004929163997457979,0.004929163997457979,2.4296657713835925e-05,15.15999984741211
2019-11-21,11968.400390625,-0.0025617386493080496,0.0025617386493080496,6.562504907358631e-06,14.979999542236328
2019-11-22,11914.400390625,-0.004522090396049399,0.004522090396049399,2.0449301550042214e-05,14.869999885559082
2019-11-25,12073.75,0.013285889135891809,0.013285889135891809,0.00017651485013120798,15.0
2019-11-26,12037.7001953125,-0.0029902665544935493,0.0029902665544935493,8.941694066922723e-06,14.84000015258789
2019-11-27,12100.7001953125,0.005219910352766259,0.005219910352766259,2.7247464090916374e-05,14.619999885559082
2019-11-28,12151.150390625,0.004160529350791835,0.004160529350791835,1.731000447880033e-05,13.989999771118164
2019-11-29,12056.0498046875,-0.00785725523266999,0.00785725523266999,6.173645979131993e-05,13.899999618530273
2019-12-02,12048.2001953125,-0.000651305031476376,0.000651305031476376,4.2419824402644313e-07,14.199999809265137
2019-12-03,11994.2001953125,-0.004492071500914214,0.004492071500914214,2.017870636932568e-05,14.5600004196167
2019-12-04,12043.2001953125,0.0040769856204158446,0.0040769856204158446,1.662181174907757e-05,13.319999694824219
2019-12-05,12018.400390625,-0.002061360247465576,0.002061360247465576,4.2492060698313415e-06,14.3100004196167
2019-12-06,11921.5,-0.00809534862199821,0.00809534862199821,6.553466931168832e-05,13.640000343322754
2019-12-09,11937.5,0.0013412131605239934,0.0013412131605239934,1.798852741962759e-06,14.600000381469727
2019-12-10,11856.7998046875,-0.006783179618895446,0.006783179618895446,4.6011525742198566e-05,14.289999961853027
2019-12-11,11910.150390625,0.004489484356039674,0.004489484356039674,2.0155469783124964e-05,13.380000114440918
2019-12-12,11971.7998046875,0.005162857346029799,0.005162857346029799,2.6655095975453863e-05,13.350000381469727
2019-12-13,12086.7001953125,0.009551822783961173,0.009551822783961173,9.123731849619979e-05,13.300000190734863
2019-12-16,12053.9501953125,-0.002713267419203363,0.002713267419203363,7.361820088110479e-06,13.420000076293945
2019-12-17,12165.0,0.009170552980705609,0.009170552980705609,8.409904197192853e-05,12.520000457763672
2019-12-18,12221.650390625,0.004646024904610523,0.004646024904610523,2.158554741426122e-05,12.34000015258789
2019-12-19,12259.7001953125,0.003108475179285728,0.003108475179285728,9.66261794023544e-06,12.119999885559082
2019-12-20,12271.7998046875,0.0009864549951019103,0.0009864549951019103,9.730934573615098e-07,12.329999923706055
2019-12-23,12262.75,-0.0007377192709850936,0.0007377192709850936,5.442297227827779e-07,11.960000038146973
2019-12-24,12214.5498046875,-0.003938363953434116,0.003938363953434116,1.5510710629709197e-05,11.630000114440918
2019-12-26,12126.5498046875,-0.007230600491364134,0.007230600491364134,5.228158346571525e-05,11.119999885559082
2019-12-27,12245.7998046875,0.009785757510884093,0.009785757510884093,9.576105006182443e-05,10.529999732971191
2019-12-30,12255.849609375,0.0008203370378256411,0.0008203370378256411,6.729528556285474e-07,11.010000228881836
2019-12-31,12168.4501953125,-0.007156789574995062,0.007156789574995062,5.1219637020758e-05,11.670000076293945
2020-01-01,12182.5,0.0011539431631088094,0.0011539431631088094,1.3315848236855643e-06,
2020-01-02,12282.2001953125,0.008150579934013252,0.008150579934013252,6.643195326073947e-05,11.489999771118164
2020-01-03,12226.650390625,-0.004533048142335533,0.004533048142335533,2.0548525460731625e-05,12.699999809265137
2020-01-06,11993.0498046875,-0.01929072847314149,0.01929072847314149,0.00037213220502447185,14.779999732971191
2020-01-07,12052.9501953125,0.004982160403270252,0.004982160403270252,2.4821922283913996e-05,14.609999656677246
2020-01-08,12025.349609375,-0.0022925703434345888,0.0022925703434345888,5.255878779595789e-06,15.640000343322754
2020-01-09,12215.900390625,0.015721524760104574,0.015721524760104574,0.0002471663407825812,14.0
2020-01-10,12256.7998046875,0.003342455210374022,0.003342455210374022,1.1172006833356447e-05,14.079999923706055
2020-01-13,12329.5498046875,0.005917935234497193,0.005917935234497193,3.5021957439703355e-05,14.279999732971191
2020-01-14,12362.2998046875,0.0026526987425187607,0.0026526987425187607,7.036810618560614e-06,13.90999984741211
2020-01-15,12343.2998046875,-0.0015381131440847836,0.0015381131440847836,2.3657920440063784e-06,14.119999885559082
2020-01-16,12355.5,0.0009879181499700635,0.0009879181499700635,9.759822710402728e-07,14.180000305175781
2020-01-17,12352.349609375,-0.00025501131760789477,0.00025501131760789477,6.503077210811457e-08,14.130000114440918
2020-01-20,12224.5498046875,-0.01040008785925209,0.01040008785925209,0.00010816182748016273,15.40999984741211
2020-01-21,12169.849609375,-0.004484659455009181,0.004484659455009181,2.0112170427403242e-05,15.859999656677246
2020-01-22,12106.900390625,-0.005185979163736476,0.005185979163736476,2.689437988670888e-05,16.360000610351562
2020-01-23,12180.349609375,0.0060483951593072694,0.0060483951593072694,3.658308400313161e-05,15.859999656677246
2020-01-24,12248.25,0.005559104211847819,0.005559104211847819,3.090363963818417e-05,15.5600004196167
2020-01-27,12119.0,-0.010608600656474901,0.010608600656474901,0.00011254240788855971,17.18000030517578
2020-01-28,12055.7998046875,-0.005228613250633523,0.005228613250633523,2.7338396524700453e-05,17.299999237060547
2020-01-29,12129.5,0.006094646255253335,0.006094646255253335,3.7144712976673505e-05,16.5
2020-01-30,12035.7998046875,-0.007754976405079576,0.007754976405079576,6.0139659043340945e-05,16.799999237060547
2020-01-31,11962.099609375,-0.006142239847635705,0.006142239847635705,3.772711034588389e-05,17.3700008392334
2020-02-03,11707.900390625,-0.02147942474929971,0.02147942474929971,0.0004613656875608289,15.779999732971191
2020-02-04,11979.650390625,0.02294554852001912,0.02294554852001912,0.0005264981968845517,14.380000114440918
2020-02-05,12089.150390625,0.009098978920125088,0.009098978920125088,8.279141738888072e-05,14.170000076293945
2020-02-06,12137.9501953125,0.00402853577236436,0.00402853577236436,1.622910046921931e-05,13.779999732971191
2020-02-07,12098.349609375,-0.003267876820959125,0.003267876820959125,1.0679018916961919e-05,13.75
2020-02-10,12031.5,-0.005540836887552729,0.005540836887552729,3.070087341446501e-05,14.210000038146973
2020-02-11,12107.900390625,0.0063299538920958175,0.0063299538920958175,4.006831627605899e-05,13.880000114440918
2020-02-12,12201.2001953125,0.0076761591804553895,0.0076761591804553895,5.892341976368956e-05,13.619999885559082
2020-02-13,12174.650390625,-0.002178370358219195,0.002178370358219195,4.745297417568024e-06,13.369999885559082
2020-02-14,12113.4501953125,-0.005039531569823334,0.005039531569823334,2.539687844324604e-05,13.619999885559082
2020-02-17,12045.7998046875,-0.005600386389670753,0.005600386389670753,3.136432771360941e-05,14.420000076293945
2020-02-18,11992.5,-0.004434580853707973,0.004434580853707973,1.9665507348073332e-05,14.510000228881836
2020-02-19,12125.900390625,0.011062238693018929,0.011062238693018929,0.00012237312490132515,14.020000457763672
2020-02-20,12080.849609375,-0.003722171151700223,0.003722171151700223,1.3854558082549364e-05,13.699999809265137
2020-02-24,11829.400390625,-0.02103353072205037,0.02103353072205037,0.0004424094146354367,17.0
2020-02-25,11797.900390625,-0.002666408571566386,0.002666408571566386,7.109734670522696e-06,16.899999618530273
2020-02-26,11678.5,-0.010172038146389433,0.010172038146389433,0.00010347036005160177,18.260000228881836
2020-02-27,11633.2998046875,-0.0038778860778288546,0.0038778860778288546,1.5038000432618856e-05,17.770000457763672
2020-02-28,11201.75,-0.0378016423222764,0.0378016423222764,0.0014289641622613185,23.239999771118164
2020-03-02,11132.75,-0.0061788013630017435,0.0061788013630017435,3.817758628343221e-05,25.200000762939453
2020-03-03,11303.2998046875,0.015203486470954998,0.015203486470954998,0.00023114600087251164,24.540000915527344
2020-03-04,11251.0,-0.0046376876143074345,0.0046376876143074345,2.1508146407900582e-05,24.229999542236328
2020-03-05,11269.0,0.0015985793812774052,0.0015985793812774052,2.5554560382452515e-06,23.25
2020-03-06,10989.4501953125,-0.02511985353017798,0.02511985353017798,0.0006310070413775951,25.639999389648438
2020-03-09,10451.4501953125,-0.05019499598647564,0.05019499598647564,0.002519537622082306,30.799999237060547
2020-03-11,10458.400390625,0.0006647771623133455,0.0006647771623133455,4.4192867553338406e-07,31.559999465942383
2020-03-12,9590.150390625,-0.08666894981793948,0.08666894981793948,0.007511506862544511,41.15999984741211
2020-03-13,9955.2001953125,0.03735847654239177,0.03735847654239177,0.0013956557695684363,51.470001220703125
2020-03-16,9197.400390625,-0.07917416945110371,0.07917416945110371,0.006268549108272084,58.880001068115234
2020-03-17,8967.0498046875,-0.02536415171509603,0.02536415171509603,0.0006433401922264088,62.93000030517578
2020-03-18,8468.7998046875,-0.05716792711513327,0.05716792711513327,0.00326817189064119,63.959999084472656
2020-03-19,8263.4501953125,-0.02454659954775134,0.02454659954775134,0.0006025355493576663,72.19999694824219
2020-03-20,8745.4501953125,0.05669138794443699,0.05669138794443699,0.003213913467066656,67.0999984741211
2020-03-23,7610.25,-0.13903756461051203,0.13903756461051203,0.019331444372822307,71.98999786376953
2020-03-24,7801.0498046875,0.024762292138464665,0.024762292138464665,0.0006131711119506689,83.61000061035156
2020-03-25,8317.849609375,0.06414544603118057,0.06414544603118057,0.0041146382465390985,77.62999725341797
2020-03-26,8641.4501953125,0.03816665439616388,0.03816665439616388,0.0014566935077962157,71.52999877929688
2020-03-27,8660.25,0.002173175106963937,0.002173175106963937,4.722690045527719e-06,70.38999938964844
2020-03-30,8281.099609375,-0.04476782787370225,0.04476782787370225,0.0020041584125294323,71.88999938964844
2020-03-31,8597.75,0.03752477847769833,0.03752477847769833,0.0014081089998003316,64.41000366210938
2020-04-01,8253.7998046875,-0.040826864424490454,0.040826864424490454,0.0016668328587357243,60.04999923706055
2020-04-03,8083.7998046875,-0.02081164185069997,0.02081164185069997,0.0004331244365218065,55.29999923706055
2020-04-07,8792.2001953125,0.08400295216282225,0.08400295216282225,0.007056495972069403,51.79999923706055
2020-04-08,8748.75,-0.004954153987953298,0.004954153987953298,2.454364173635357e-05,52.2400016784668
2020-04-09,9111.900390625,0.0406704613937413,0.0406704613937413,0.0016540864299798017,49.75
2020-04-13,8993.849609375,-0.013040327423561648,0.013040327423561648,0.00017005013931369398,51.459999084472656
2020-04-15,8925.2998046875,-0.007651048328648555,0.007651048328648555,5.8538540527315846e-05,49.7400016784668
2020-04-16,8992.7998046875,0.007534316783542481,0.007534316783542481,5.6765929394769914e-05,46.099998474121094
2020-04-17,9266.75,0.03000848934711599,0.03000848934711599,0.0009005094328959739,42.59000015258789
2020-04-20,9261.849609375,-0.0005289542483047096,0.0005289542483047096,2.7979259679960036e-07,43.459999084472656
2020-04-21,8981.4501953125,-0.030742409586860843,0.030742409586860843,0.0009450957472063135,45.20000076293945
2020-04-22,9187.2998046875,0.022660713376927297,0.022660713376927297,0.0005135079307512517,42.81999969482422
2020-04-23,9313.900390625,0.013685875581327233,0.013685875581327233,0.00018730319042756902,39.22999954223633
2020-04-24,9154.400390625,-0.017273269224786485,0.017273269224786485,0.0002983658297119559,39.119998931884766
2020-04-27,9282.2998046875,0.01387465918374464,0.01387465918374464,0.00019250616746506948,38.040000915527344
2020-04-28,9380.900390625,0.010566409007242056,0.010566409007242056,0.00011164899930832606,35.349998474121094
2020-04-29,9553.349609375,0.01821608855026957,0.01821608855026957,0.00033182588207126217,33.84000015258789
2020-04-30,9859.900390625,0.03158422875946422,0.03158422875946422,0.0009975635063301667,33.9900016784668
2020-05-04,9293.5,-0.059160835126554547,0.059160835126554547,0.0035000044128713705,43.66999816894531
2020-05-05,9205.599609375,-0.009503278972569803,0.009503278972569803,9.031231123048737e-05,43.61000061035156
2020-05-06,9270.900390625,0.0070685522845568985,0.0070685522845568985,4.996443139951455e-05,41.25
2020-05-07,9199.0498046875,-0.0077803077564110755,0.0077803077564110755,6.053318878447034e-05,39.93000030517578
2020-05-08,9251.5,0.005685503917787226,0.005685503917787226,3.23249547991739e-05,38.40999984741211
2020-05-11,9239.2001953125,-0.001330377581346701,0.001330377581346701,1.7699045089498981e-06,38.040000915527344
2020-05-12,9196.5498046875,-0.004626930470959459,0.004626930470959459,2.1408485583093126e-05,38.209999084472656
2020-05-13,9383.5498046875,0.02012974293547344,0.02012974293547344,0.0004052065506482429,38.84000015258789
2020-05-14,9142.75,-0.025996919937107583,0.025996919937107583,0.0006758398462163817,38.18000030517578
2020-05-15,9136.849609375,-0.0006455711236580218,0.0006455711236580218,4.167620757010809e-07,38.02000045776367
2020-05-18,8823.25,-0.03492536149006188,0.03492536149006188,0.0012197808752114974,40.91999816894531
2020-05-19,8879.099609375,0.006309873650596998,0.006309873650596998,3.981450548649828e-05,39.45000076293945
2020-05-20,9066.5498046875,0.020891638839326522,0.020891638839326522,0.0004364605733928564,35.810001373291016
2020-05-21,9106.25,0.004369195599480915,0.004369195599480915,1.908987018652339e-05,32.9900016784668
2020-05-22,9039.25,-0.00738478460081561,0.00738478460081561,5.453504360044337e-05,32.380001068115234
2020-05-26,9029.0498046875,-0.00112907097030296,0.00112907097030296,1.2748012559808676e-06,31.469999313354492
2020-05-27,9314.9501953125,0.0311735219299972,0.0311735219299972,0.0009717884695200163,31.270000457763672
2020-05-28,9490.099609375,0.018628451492543274,0.018628451492543274,0.00034701920501003776,30.020000457763672
2020-05-29,9580.2998046875,0.009459777532853096,0.009459777532853096,8.94873909710722e-05,30.219999313354492
2020-06-01,9826.150390625,0.025338352659720637,0.025338352659720637,0.0006420321155083719,30.739999771118164
2020-06-02,9979.099609375,0.015445627746472025,0.015445627746472025,0.00023856741648258648,30.1200008392334
2020-06-03,10061.5498046875,0.008228342186278518,0.008228342186278518,6.770561513449075e-05,30.040000915527344
2020-06-04,10029.099609375,-0.003230380747065696,0.003230380747065696,1.0435359771012724e-05,29.690000534057617
2020-06-05,10142.150390625,0.01120921756965851,0.01120921756965851,0.00012564655852394103,28.68000030517578
2020-06-08,10167.4501953125,0.0024914146063167966,0.0024914146063167966,6.207146740568678e-06,29.649999618530273
2020-06-09,10046.650390625,-0.011952175882067815,0.011952175882067815,0.00014285450831588356,30.209999084472656
2020-06-10,10116.150390625,0.006893910822071789,0.006893910822071789,4.752600642267852e-05,29.440000534057617
2020-06-11,9902.0,-0.021396438367806456,0.021396438367806456,0.0004578075748273402,29.65999984741211
2020-06-12,9972.900390625,0.007134696525776951,0.007134696525776951,5.090389451493369e-05,30.81999969482422
2020-06-15,9813.7001953125,-0.016092064938005003,0.016092064938005003,0.00025895455396896997,32.58000183105469
2020-06-16,9914.0,0.010168511071378764,0.010168511071378764,0.0001033986174087525,32.970001220703125
2020-06-17,9881.150390625,-0.0033189583187083734,0.0033189583187083734,1.1015484321323513e-05,33.349998474121094
2020-06-18,10091.650390625,0.021079446670088396,0.021079446670088396,0.0004443430719171008,31.459999084472656
2020-06-19,10244.400390625,0.015022865002949488,0.015022865002949488,0.00022568647289684452,29.969999313354492
2020-06-22,10311.2001953125,0.006499449097502718,0.006499449097502718,4.224283857102889e-05,30.459999084472656
2020-06-23,10471.0,0.015378829255110686,0.015378829255110686,0.0002365083892578483,29.34000015258789
2020-06-24,10305.2998046875,-0.015951224257763807,0.015951224257763807,0.0002544415553214725,29.579999923706055
2020-06-25,10288.900390625,-0.0015926248529521327,0.0015926248529521327,2.5364539222408023e-06,29.729999542236328
2020-06-26,10383.0,0.00910417112670767,0.00910417112670767,8.28859319043776e-05,28.739999771118164
2020-06-29,10312.400390625,-0.006822760798075913,0.006822760798075913,4.655006490776147e-05,28.90999984741211
2020-06-30,10302.099609375,-0.0009993724909477652,0.0009993724909477652,9.98745375663141e-07,29.1200008392334
2020-07-01,10430.0498046875,0.012343324106810436,0.012343324106810436,0.00015235765000576765,28.1200008392334
2020-07-02,10551.7001953125,0.011595958752537541,0.011595958752537541,0.000134466259390552,26.510000228881836
2020-07-03,10607.349609375,0.005260117338821228,0.005260117338821228,2.7668834418167716e-05,25.770000457763672
2020-07-06,10763.650390625,0.014627632603289031,0.014627632603289031,0.00021396763557680423,25.200000762939453
2020-07-07,10799.650390625,0.003339009534036716,0.003339009534036716,1.1148984668388087e-05,25.100000381469727
2020-07-08,10705.75,-0.008732782060989626,0.008732782060989626,7.626148252474223e-05,26.100000381469727
2020-07-09,10813.4501953125,0.01000976742529668,0.01000976742529668,0.00010019544390853054,24.90999984741211
2020-07-10,10768.0498046875,-0.00420734959083762,0.00420734959083762,1.770179057952149e-05,24.940000534057617
2020-07-13,10802.7001953125,0.003212722824094239,0.003212722824094239,1.0321587944456062e-05,25.25
2020-07-14,10607.349609375,-0.018249000734889463,0.018249000734889463,0.00033302602782199616,26.639999389648438
2020-07-15,10618.2001953125,0.001022408086719745,0.001022408086719745,1.0453182957899295e-06,26.290000915527344
2020-07-16,10739.9501953125,0.011400923444823241,0.011400923444823241,0.00012998105539472024,25.360000610351562
2020-07-17,10901.7001953125,0.014948306530616993,0.014948306530616993,0.00022345186813328664,24.15999984741211
2020-07-20,11022.2001953125,0.010992680250840313,0.010992680250840313,0.00012083901909721465,24.709999084472656
2020-07-21,11162.25,0.012626110991777935,0.012626110991777935,0.0001594186787766956,24.43000030517578
2020-07-22,11132.599609375,-0.002659843741967638,0.002659843741967638,7.074768731684408e-06,24.889999389648438
2020-07-23,11215.4501953125,0.007414603621325298,0.007414603621325298,5.497634686137022e-05,24.639999389648438
2020-07-24,11194.150390625,-0.0019009541040186228,0.0019009541040186228,3.613626505585245e-06,24.540000915527344
2020-07-27,11131.7998046875,-0.0055854955772852745,0.0055854955772852745,3.1197760843873364e-05,25.020000457763672
2020-07-28,11300.5498046875,0.015045520083450243,0.015045520083450243,0.0002263676745815046,23.639999389648438
2020-07-29,11202.849609375,-0.008683204468886633,0.008683204468886633,7.539803984849279e-05,24.110000610351562
2020-07-30,11102.150390625,-0.009029356907451743,0.009029356907451743,8.15292861621465e-05,24.729999542236328
2020-07-31,11073.4501953125,-0.002588449519166038,0.002588449519166038,6.7000709132708924e-06,24.190000534057617
2020-08-03,10891.599609375,-0.016558554850121334,0.016558554850121334,0.00027418573872447675,25.190000534057617
2020-08-04,11095.25,0.01852527473195631,0.01852527473195631,0.0003431858038944589,23.81999969482422
2020-08-05,11101.650390625,0.0005766923029565639,0.0005766923029565639,3.3257401228934525e-07,23.56999969482422
2020-08-06,11200.150390625,0.00883342483924069,0.00883342483924069,7.802939439051441e-05,23.149999618530273
2020-08-07,11214.0498046875,0.0012402330418245548,0.0012402330418245548,1.5381779980333879e-06,22.579999923706055
2020-08-10,11270.150390625,0.004990233307851035,0.004990233307851035,2.4902428466785882e-05,22.510000228881836
2020-08-11,11322.5,0.004634224153283686,0.004634224153283686,2.14760335028779e-05,21.360000610351562
2020-08-12,11308.400390625,-0.0012460495124746427,0.0012460495124746427,1.552639387538295e-06,20.850000381469727
2020-08-13,11300.4501953125,-0.0007032817179241128,0.0007032817179241128,4.946051747662914e-07,20.56999969482422
2020-08-14,11178.400390625,-0.010859185489107238,0.010859185489107238,0.0001179219094868372,21.670000076293945
2020-08-17,11247.099609375,0.006126903182347498,0.006126903182347498,3.7538942605859894e-05,21.309999465942383
2020-08-18,11385.349609375,0.012217124027310865,0.012217124027310865,0.00014925811949869643,20.43000030517578
2020-08-19,11408.400390625,0.002022553472584474,0.002022553472584474,4.090722549463514e-06,19.959999084472656
2020-08-20,11312.2001953125,-0.0084681538079335,0.0084681538079335,7.170962891481865e-05,20.6200008392334
2020-08-21,11371.599609375,0.005237178104313519,0.005237178104313519,2.7428034496300946e-05,19.940000534057617
2020-08-24,11466.4501953125,0.008306412509926262,0.008306412509926262,6.899648878505951e-05,19.229999542236328
2020-08-25,11472.25,0.000505678592222556,0.000505678592222556,2.557108386321861e-07,19.31999969482422
2020-08-26,11549.599609375,0.006719694702452173,0.006719694702452173,4.5154296894163796e-05,19.299999237060547
2020-08-27,11559.25,0.0008352117348219679,0.0008352117348219679,6.975786419843212e-07,18.899999618530273
2020-08-28,11647.599609375,0.007614134421611744,0.007614134421611744,5.7975042990372804e-05,18.350000381469727
2020-08-31,11387.5,-0.0225838540823065,0.0225838540823065,0.0005100304652109119,22.84000015258789
2020-09-01,11470.25,0.007240464307211334,0.007240464307211334,5.2424323384001304e-05,21.799999237060547
2020-09-02,11535.0,0.005629164732428894,0.005629164732428894,3.1687495584821265e-05,21.110000610351562
2020-09-03,11527.4501953125,-0.0006547270470620276,0.0006547270470620276,4.286675061545625e-07,20.5
2020-09-04,11333.849609375,-0.01693737589976223,0.01693737589976223,0.0002868747023698464,22.149999618530273
2020-09-07,11355.0498046875,0.001868773014980915,0.001868773014980915,3.492312581520859e-06,22.010000228881836
2020-09-08,11317.349609375,-0.003325649779789579,0.003325649779789579,1.1059946457814474e-05,22.719999313354492
2020-09-09,11278.0,-0.003482986529093653,0.003482986529093653,1.2131195161847852e-05,22.229999542236328
2020-09-10,11449.25,0.01507030028649042,0.01507030028649042,0.00022711395072499323,21.260000228881836
2020-09-11,11464.4501953125,0.0013267344350831917,0.0013267344350831917,1.7602242612355157e-06,20.709999084472656
2020-09-14,11440.0498046875,-0.002130620607789219,0.002130620607789219,4.5395441743361e-06,21.190000534057617
2020-09-15,11521.7998046875,0.007120536611649034,0.007120536611649034,5.0702041637834304e-05,20.600000381469727
2020-09-16,11604.5498046875,0.007156369643982706,0.007156369643982706,5.121362648131716e-05,19.65999984741211
2020-09-17,11516.099609375,-0.007651223391398827,0.007651223391398827,5.854121938508857e-05,20.100000381469727
2020-09-18,11504.9501953125,-0.0009686278452831663,0.0009686278452831663,9.382399026579095e-07,20.049999237060547
2020-09-21,11250.5498046875,-0.022360395533691877,0.022360395533691877,0.0004999872884231477,22.190000534057617
2020-09-22,11153.650390625,-0.008650165364363744,0.008650165364363744,7.482536083083814e-05,21.40999984741211
2020-09-23,11131.849609375,-0.0019564998051874198,0.0019564998051874198,3.827891487698411e-06,20.989999771118164
2020-09-24,10805.5498046875,-0.02975046086629724,0.02975046086629724,0.0008850899217570837,23.510000228881836
2020-09-25,11050.25,0.02239317919403798,0.02239317919403798,0.0005014544744162954,20.68000030517578
2020-09-28,11227.5498046875,0.015917509782938703,0.015917509782938703,0.0002533671176899493,19.56999969482422
2020-09-29,11222.400390625,-0.00045874615382283734,0.00045874615382283734,2.1044803364724632e-07,19.770000457763672
2020-09-30,11247.5498046875,0.0022384940193966077,0.0022384940193966077,5.010855474874381e-06,19.530000686645508
2020-10-01,11416.9501953125,0.014948800566928164,0.014948800566928164,0.0002234666383897918,18.350000381469727
2020-10-05,11503.349609375,0.007539152980994381,0.007539152980994381,5.6838827670836456e-05,19.700000762939453
2020-10-06,11662.400390625,0.013731761801546099,0.013731761801546099,0.00018856128217440056,19.639999389648438
2020-10-07,11738.849609375,0.006533795478530655,0.006533795478530655,4.2690483355267635e-05,20.059999465942383
2020-10-08,11834.599609375,0.008123590712403974,0.008123590712403974,6.599272606265611e-05,20.3799991607666
2020-10-09,11914.2001953125,0.00670357110102055,0.00670357110102055,4.493786550643787e-05,20.3799991607666
2020-10-12,11930.9501953125,0.0014048980594053501,0.0014048980594053501,1.9737385573209186e-06,21.1299991607666
2020-10-13,11934.5,0.0002974848313881938,0.0002974848313881938,8.849722490606208e-08,20.719999313354492
2020-10-14,11971.0498046875,0.0030578533826602027,0.0030578533826602027,9.350467309846444e-06,20.209999084472656
2020-10-15,11680.349609375,-0.024583309443990238,0.024583309443990238,0.0006043391032189797,22.059999465942383
2020-10-16,11762.4501953125,0.007004361448563385,0.007004361448563385,4.906107930212096e-05,21.649999618530273
2020-10-19,11873.0498046875,0.009358838750109354,0.009358838750109354,8.758786275054843e-05,21.81999969482422
2020-10-20,11896.7998046875,0.0019983305148122575,0.0019983305148122575,3.993324846429822e-06,22.690000534057617
2020-10-21,11937.650390625,0.003427863919924764,0.003427863919924764,1.175025105352197e-05,22.920000076293945
2020-10-22,11896.4501953125,-0.0034572511936285335,0.0034572511936285335,1.195258581584592e-05,22.639999389648438
2020-10-23,11930.349609375,0.002845488039808009,0.002845488039808009,8.096802184690425e-06,21.829999923706055
2020-10-26,11767.75,-0.01372280171939824,0.01372280171939824,0.0001883152870299193,22.829999923706055
2020-10-27,11889.400390625,0.010284540688903391,0.010284540688903391,0.00010577177718170944,22.200000762939453
2020-10-28,11729.599609375,-0.013531751526031222,0.013531751526031222,0.0001831082993622483,23.280000686645508
2020-10-29,11670.7998046875,-0.0050255491286022155,0.0050255491286022155,2.525614404399449e-05,24.020000457763672
2020-10-30,11642.400390625,-0.0024363388871728973,0.0024363388871728973,5.9357471731508715e-06,24.75
2020-11-02,11669.150390625,0.00229500061940095,0.00229500061940095,5.267027843050744e-06,25.209999084472656
2020-11-03,11813.5,0.01229430453308261,0.01229430453308261,0.00015114992395217562,24.239999771118164
2020-11-04,11908.5,0.008009485529747545,0.008009485529747545,6.415185845123531e-05,23.200000762939453
2020-11-05,12120.2998046875,0.017629285844443805,0.017629285844443805,0.0003107917193851067,20.969999313354492
2020-11-06,12263.5498046875,0.011749715515175936,0.011749715515175936,0.0001380558146875661,20.5
2020-11-09,12461.0498046875,0.015976331587139476,0.015976331587139476,0.00025524317098223054,20.110000610351562
2020-11-10,12631.099609375,0.013554232066476922,0.013554232066476922,0.00018371720691191126,21.579999923706055
2020-11-11,12749.150390625,0.009302637490367565,0.009302637490367565,8.653906427719215e-05,22.030000686645508
2020-11-12,12690.7998046875,-0.004587327240413277,0.004587327240413277,2.1043571210637694e-05,20.6200008392334
2020-11-13,12719.9501953125,0.0022943363271255195,0.0022943363271255195,5.263979181967819e-06,19.700000762939453
2020-11-17,12874.2001953125,0.012053681426341886,0.012053681426341886,0.00014529123592773934,19.799999237060547
2020-11-18,12938.25,0.004962716492027381,0.004962716492027381,2.4628554980240558e-05,19.1200008392334
2020-11-19,12771.7001953125,-0.012956239372488106,0.012956239372488106,0.00016786413867721098,19.56999969482422
2020-11-20,12859.0498046875,0.006816027431926412,0.006816027431926412,4.645822995277336e-05,19.6200008392334
2020-11-23,12926.4501953125,0.0052277864790618534,0.0052277864790618534,2.732975147066193e-05,20.799999237060547
2020-11-24,13055.150390625,0.009907106958531581,0.009907106958531581,9.815076828778487e-05,21.059999465942383
2020-11-25,12858.400390625,-0.015185397205090293,0.015185397205090293,0.0002305962882763641,23.1299991607666
2020-11-26,12987.0,0.009951532476185488,0.009951532476185488,9.903299862457447e-05,20.020000457763672
2020-11-27,12968.9501953125,-0.0013908030691388337,0.0013908030691388337,1.9343331771259993e-06,19.81999969482422
2020-12-01,13109.0498046875,0.01074476242399418,0.01074476242399418,0.00011544991954807728,20.18000030517578
2020-12-02,13113.75,0.0003584815807498976,0.0003584815807498976,1.2850904373694537e-07,19.90999984741211
2020-12-03,13133.900390625,0.0015354055912646832,0.0015354055912646832,2.357470329686851e-06,19.0
2020-12-04,13258.5498046875,0.009445908959648398,0.009445908959648398,8.922519607396589e-05,18.030000686645508
2020-12-07,13355.75,0.007304391112653887,0.007304391112653887,5.3354129526617084e-05,18.020000457763672
2020-12-08,13392.9501953125,0.002781459960611745,0.002781459960611745,7.73651951248629e-06,18.6200008392334
2020-12-09,13529.099609375,0.010114428562528128,0.010114428562528128,0.00010230166514648482,18.920000076293945
2020-12-10,13478.2998046875,-0.0037619219695161584,0.0037619219695161584,1.4152056904728333e-05,18.709999084472656
2020-12-11,13513.849609375,0.0026340862816878062,0.0026340862816878062,6.938410539375893e-06,18.790000915527344
2020-12-14,13558.150390625,0.0032728147749187795,0.0032728147749187795,1.0711316550926662e-05,19.399999618530273
2020-12-15,13567.849609375,0.0007151234360649028,0.0007151234360649028,5.114015288092732e-07,19.350000381469727
2020-12-16,13682.7001953125,0.008429280641864136,0.008429280641864136,7.105277213930545e-05,19.200000762939453
2020-12-17,13740.7001953125,0.004229970438016461,0.004229970438016461,1.7892649906493172e-05,19.15999984741211
2020-12-18,13760.5498046875,0.0014435425896574643,0.0014435425896574643,2.083815208154978e-06,18.6200008392334
2020-12-21,13328.400390625,-0.03190866215630266,0.03190866215630266,0.0010181627206050617,23.190000534057617
2020-12-22,13466.2998046875,0.010293127415086657,0.010293127415086657,0.00010594847198320852,21.989999771118164
2020-12-23,13601.099609375,0.009960389402299756,0.009960389402299756,9.92093570454453e-05,20.5
2020-12-24,13749.25,0.01083363406633502,0.01083363406633502,0.00011736762708325468,19.969999313354492
2020-12-28,13873.2001953125,0.008974658395164679,0.008974658395164679,8.054449330989984e-05,20.43000030517578
2020-12-29,13932.599609375,0.004272454296258275,0.004272454296258275,1.825386571361579e-05,20.790000915527344
2020-12-30,13981.9501953125,0.003535836164182277,0.003535836164182277,1.2502137379939237e-05,21.110000610351562
2020-12-31,13981.75,-1.4318227638304822e-05,1.4318227638304822e-05,2.0501164270231607e-10,21.100000381469727
2021-01-01,14018.5,0.002624978069994666,0.002624978069994666,6.890509867952921e-06,
2021-01-04,14132.900390625,0.008127554493474463,0.008127554493474463,6.605714204439694e-05,20.030000686645508
2021-01-05,14199.5,0.00470131235786493,0.00470131235786493,2.210233788621351e-05,20.459999084472656
2021-01-06,14146.25,-0.0037571814216639365,0.0037571814216639365,1.4116412235296639e-05,21.0
2021-01-07,14137.349609375,-0.0006293676223474675,0.0006293676223474675,3.9610360405930454e-07,20.6200008392334
2021-01-08,14347.25,0.014738082534464191,0.014738082534464191,0.00021721107679267845,20.639999389648438
2021-01-11,14484.75,0.00953808562855032,0.00953808562855032,9.097507745755814e-05,22.3799991607666
2021-01-12,14563.4501953125,0.0054186068221036155,0.0054186068221036155,2.9361299892547843e-05,22.850000381469727
2021-01-13,14564.849609375,9.608621670051523e-05,9.608621670051523e-05,9.232561039818372e-09,23.290000915527344
2021-01-14,14595.599609375,0.002109021789565324,0.002109021789565324,4.447972908861322e-06,23.030000686645508
2021-01-15,14433.7001953125,-0.01115432296065278,0.01115432296065278,0.0001244189207105458,24.010000228881836
2021-01-18,14281.2998046875,-0.010614788200058034,0.010614788200058034,0.00011267372853209129,24.399999618530273
2021-01-19,14521.150390625,0.01665525875641371,0.01665525875641371,0.00027739764424309553,22.899999618530273
2021-01-20,14644.7001953125,0.008472274336760961,0.008472274336760961,7.177943243733838e-05,21.549999237060547
2021-01-21,14590.349609375,-0.003718184091801354,0.003718184091801354,1.382489294052466e-05,22.18000030517578
2021-01-22,14371.900390625,-0.015085386074712022,0.015085386074712022,0.0002275688730231154,
2021-01-25,14238.900390625,-0.009297255190251277,0.009297255190251277,8.643895407265431e-05,23.25
2021-01-27,13967.5,-0.019244480891583437,0.019244480891583437,0.00037035004478652,24.389999389648438
2021-01-28,13817.5498046875,-0.010793693167934581,0.010793693167934581,0.00011650381220351765,24.290000915527344
2021-01-29,13634.599609375,-0.013328858232496075,0.013328858232496075,0.0001776584617819784,25.34000015258789
2021-02-01,14281.2001953125,0.04633334971971787,0.04633334971971787,0.0021467792962496803,23.31999969482422
2021-02-02,14647.849609375,0.025349539675742865,0.025349539675742865,0.0006425991617720617,23.350000381469727
2021-02-03,14789.9501953125,0.009654368913945022,0.009654368913945022,9.320683912654798e-05,23.75
2021-02-04,14895.650390625,0.007121340982025425,0.007121340982025425,5.071349738227484e-05,23.1200008392334
2021-02-05,14924.25,0.0019181565175802602,0.0019181565175802602,3.679324425935631e-06,23.420000076293945
2021-02-08,15115.7998046875,0.012753134705385865,0.012753134705385865,0.00016264244481371741,23.959999084472656
2021-02-09,15109.2998046875,-0.00043010611605642915,0.00043010611605642915,1.849912710691465e-07,24.270000457763672
2021-02-10,15106.5,-0.00018532057490518592,0.00018532057490518592,3.4343715483188626e-08,23.950000762939453
2021-02-11,15173.2998046875,0.004412176664707947,0.004412176664707947,1.9467302920593342e-05,23.049999237060547
2021-02-12,15163.2998046875,-0.0006592696934370658,0.0006592696934370658,4.3463652868460266e-07,22.040000915527344
2021-02-15,15314.7001953125,0.009935142462115996,0.009935142462115996,9.870705574254029e-05,
2021-02-16,15313.4501953125,-8.162425642763527e-05,8.162425642763527e-05,6.662519237364358e-09,21.780000686645508
2021-02-17,15208.900390625,-0.006850731452785171,0.006850731452785171,4.693252143818002e-05,
2021-02-18,15118.9501953125,-0.005931871684390037,0.005931871684390037,3.5187101680068296e-05,21.540000915527344
2021-02-19,14981.75,-0.009116143118184506,0.009116143118184506,8.310406535122272e-05,22.25
2021-02-22,14675.7001953125,-0.02063971564030592,0.02063971564030592,0.0004259978617126888,25.469999313354492
2021-02-23,14707.7998046875,0.002184873969705697,0.002184873969705697,4.773674263497532e-06,25.229999542236328
2021-02-24,14982.0,0.01847152850052029,0.01847152850052029,0.00034119736514553334,24.170000076293945
2021-02-25,15097.349609375,0.007669725331353619,0.007669725331353619,5.882468665840738e-05,22.889999389648438
2021-02-26,14529.150390625,-0.03836220275630364,0.03836220275630364,0.0014716586003157507,28.139999389648438
2021-03-01,14761.5498046875,0.01586881087701919,0.01586881087701919,0.00025181915865060255,25.6299991607666
2021-03-02,14919.099609375,0.010616431079728933,0.010616431079728933,0.00011270860887063443,23.610000610351562
2021-03-03,15245.599609375,0.02164866615239294,0.02164866615239294,0.0004686647461777637,22.09000015258789
2021-03-04,15080.75,-0.010871815118793142,0.010871815118793142,0.00011819636397721914,24.149999618530273
2021-03-05,14938.099609375,-0.009504125991607463,0.009504125991607463,9.032841086434855e-05,25.559999465942383
2021-03-08,14956.2001953125,0.001210972544447202,0.001210972544447202,1.4664545034049305e-06,24.68000030517578
2021-03-09,15098.400390625,0.009462861169810146,0.009462861169810146,8.954574151910065e-05,22.5
2021-03-10,15174.7998046875,0.005047340602462587,0.005047340602462587,2.5475647157267387e-05,20.75
2021-03-12,15030.9501953125,-0.009524722735275023,0.009524722735275023,9.072034318386491e-05,21.709999084472656
2021-03-15,14929.5,-0.006772300308835674,0.006772300308835674,4.586405147305577e-05,21.229999542236328
2021-03-16,14910.4501953125,-0.0012767988653300596,0.0012767988653300596,1.6302153425081275e-06,20.190000534057617
2021-03-17,14721.2998046875,-0.01276691115553913,0.01276691115553913,0.0001629940204534295,20.15999984741211
2021-03-18,14557.849609375,-0.011165071153974405,0.011165071153974405,0.00012465881387331134,20.079999923706055
2021-03-19,14744.0,0.012705880170274957,0.012705880170274957,0.00016143939090138636,19.989999771118164
2021-03-22,14736.400390625,-0.0005155703072306843,0.0005155703072306843,2.658127416979422e-07,20.489999771118164
2021-03-23,14814.75,0.005302656033791128,0.005302656033791128,2.8118161012701457e-05,20.670000076293945
2021-03-24,14549.400390625,-0.018073523592070435,0.018073523592070435,0.0003266522550331266,22.459999084472656
2021-03-25,14324.900390625,-0.015550473459416195,0.015550473459416195,0.00024181722481200746,22.700000762939453
2021-03-26,14507.2998046875,0.012652648509180619,0.012652648509180619,0.00016008951429687053,20.649999618530273
2021-03-30,14845.099609375,0.023017860602701366,0.023017860602701366,0.0005298219067253917,20.489999771118164
2021-03-31,14690.7001953125,-0.010455164345430578,0.010455164345430578,0.0001093104614899628,20.649999618530273
2021-04-01,14867.349609375,0.011952853344086897,0.011952853344086897,0.00014287070306524932,19.989999771118164
2021-04-05,14637.7998046875,-0.015560296479187625,0.015560296479187625,0.0002421228265202188,21.219999313354492
2021-04-06,14683.5,0.0031172037135109875,0.0031172037135109875,9.71695899152669e-06,20.84000015258789
2021-04-07,14819.0498046875,0.0091890876818974,0.0091890876818974,8.443933242559853e-05,20.25
2021-04-08,14873.7998046875,0.003687760707936765,0.003687760707936765,1.3599579039002271e-05,20.309999465942383
2021-04-09,14834.849609375,-0.0026221466406612408,0.0026221466406612408,6.87565300513103e-06,19.790000915527344
2021-04-12,14310.7998046875,-0.03596463281723922,0.03596463281723922,0.00129345481367884,23.0
2021-04-13,14504.7998046875,0.013465132344700306,0.013465132344700306,0.00018130978906029437,20.459999084472656
2021-04-15,14581.4501953125,0.005270570669209097,0.005270570669209097,2.7778915179127225e-05,20.889999389648438
2021-04-16,14617.849609375,0.0024931716281266104,0.0024931716281266104,6.2159047672954935e-06,20.399999618530273
2021-04-19,14359.4501953125,-0.01783508230882999,0.01783508230882999,0.0003180901609627405,22.489999771118164
2021-04-20,14296.400390625,-0.0044004910090830246,0.0044004910090830246,1.9364321121020535e-05,22.43000030517578
2021-04-22,14406.150390625,0.007647441212800463,0.007647441212800463,5.848335710323901e-05,23.030000686645508
2021-04-23,14341.349609375,-0.004508280094204329,0.004508280094204329,2.0324589407798996e-05,22.690000534057617
2021-04-26,14485.0,0.009966685459202936,0.009966685459202936,9.933481904268722e-05,23.5
2021-04-27,14653.0498046875,0.011534860370141113,0.011534860370141113,0.00013305300375865197,23.079999923706055
2021-04-28,14864.5498046875,0.014330678808834763,0.014330678808834763,0.00020536835512198574,22.579999923706055
2021-04-29,14894.900390625,0.002039728305535653,0.002039728305535653,4.160491560403346e-06,23.309999465942383
2021-04-30,14631.099609375,-0.017869525228607498,0.017869525228607498,0.0003193199318958399,23.030000686645508
2021-05-03,14634.150390625,0.0002084917272909865,0.0002084917272909865,4.3468800348779083e-08,23.690000534057617
2021-05-04,14496.5,-0.009450624224999165,0.009450624224999165,8.931429824214106e-05,23.010000228881836
2021-05-05,14617.849609375,0.008336116981918119,0.008336116981918119,6.949084633622365e-05,
2021-05-06,14724.7998046875,0.007289775876840782,0.007289775876840782,5.31408323345698e-05,22.040000915527344
2021-05-07,14823.150390625,0.006657040403640492,0.006657040403640492,4.4316186935701965e-05,20.81999969482422
2021-05-10,14942.349609375,0.008009262800994111,0.008009262800994111,6.414829061538803e-05,20.229999542236328
2021-05-11,14850.75,-0.006149068019026527,0.006149068019026527,3.781103750261481e-05,
2021-05-12,14696.5,-0.0104409988264523,0.0104409988264523,0.00010901445649397832,20.079999923706055
2021-05-14,14677.7998046875,-0.001273235308628596,0.001273235308628596,1.621128151138556e-06,20.270000457763672
2021-05-17,14923.150390625,0.016577589783995917,0.016577589783995917,0.00027481648304644577,19.610000610351562
2021-05-18,15108.099609375,0.012317273309973075,0.012317273309973075,0.00015171522179257508,19.239999771118164
2021-05-19,15030.150390625,-0.005172788238334181,0.005172788238334181,2.6757738158648438e-05,19.31999969482422
2021-05-20,14906.0498046875,-0.008291052039504188,0.008291052039504188,6.874154392176657e-05,
2021-05-21,15175.2998046875,0.01790193553229923,0.01790193553229923,0.0003204792958025977,19.079999923706055
2021-05-24,15197.7001953125,0.0014750202275935762,0.0014750202275935762,2.1756846718102054e-06,19.1299991607666
2021-05-25,15208.4501953125,0.0007070938155468382,0.0007070938155468382,4.99981663984586e-07,
2021-05-26,15301.4501953125,0.0060964006336564555,0.0060964006336564555,3.716610068604683e-05,20.8700008392334
2021-05-27,15337.849609375,0.0023759962804964516,0.0023759962804964516,5.645358324932973e-06,19.90999984741211
2021-05-28,15435.650390625,0.006356190262519319,0.006356190262519319,4.040115465334541e-05,17.399999618530273
2021-05-31,15582.7998046875,0.00948793489109113,0.00948793489109113,9.002090849758445e-05,
2021-06-01,15574.849609375,-0.000510320620107419,0.000510320620107419,2.6042713530682063e-07,17.389999389648438
2021-06-02,15576.2001953125,8.67120656808025e-05,8.67120656808025e-05,7.518982334631808e-09,17.209999084472656
2021-06-03,15690.349609375,0.007301728008600275,0.007301728008600275,5.3315231911577744e-05,15.75
2021-06-04,15670.25,-0.0012818385093088212,0.0012818385093088212,1.643109963947061e-06,15.9399995803833
2021-06-07,15751.650390625,0.0051811361952536165,0.0051811361952536165,2.684417227376712e-05,15.569999694824219
2021-06-08,15740.099609375,-0.0007335750962069031,0.0007335750962069031,5.381324217749671e-07,15.229999542236328
2021-06-09,15635.349609375,-0.0066772200430738555,0.0066772200430738555,4.458526750362722e-05,14.75
2021-06-10,15737.75,0.006527933518834105,0.006527933518834105,4.2613916026317814e-05,15.0
2021-06-11,15799.349609375,0.003906490354253145,0.003906490354253145,1.5260666887872866e-05,14.100000381469727
2021-06-14,15811.849609375,0.0007908589968395644,0.0007908589968395644,6.254579528820821e-07,14.720000267028809
2021-06-15,15869.25,0.003623640223476974,0.003623640223476974,1.3130768469200254e-05,14.609999656677246
2021-06-16,15767.5498046875,-0.006429256198967984,0.006429256198967984,4.133533527196825e-05,14.869999885559082
2021-06-17,15691.400390625,-0.004841201776747716,0.004841201776747716,2.3437234643185246e-05,15.289999961853027
2021-06-18,15683.349609375,-0.0005132013116724437,0.0005132013116724437,2.6337558630231675e-07,14.800000190734863
2021-06-21,15746.5,0.0040185031994205474,0.0040185031994205474,1.6148367963753175e-05,15.0600004196167
2021-06-22,15772.75,0.0016656491552922152,0.0016656491552922152,2.7743871085256702e-06,14.739999771118164
2021-06-23,15686.9501953125,-0.005454598542621072,0.005454598542621072,2.975264526116392e-05,15.369999885559082
2021-06-24,15790.4501953125,0.006576170313444658,0.006576170313444658,4.3246015991430814e-05,15.100000381469727
2021-06-25,15860.349609375,0.004416920149496724,0.004416920149496724,1.9509183607030166e-05,13.369999885559082
2021-06-28,15814.7001953125,-0.0028823598351750412,0.0028823598351750412,8.30799821943029e-06,13.399999618530273
2021-06-29,15748.4501953125,-0.004197939462444536,0.004197939462444536,1.762269573034912e-05,13.0
2021-06-30,15721.5,-0.0017127578361914226,0.0017127578361914226,2.933539405435124e-06,13.050000190734863
2021-07-01,15680.0,-0.0026431873739428875,0.0026431873739428875,6.986439493771098e-06,12.84000015258789
2021-07-02,15722.2001953125,0.0026877238189711517,0.0026877238189711517,7.2238593270648725e-06,12.09000015258789
2021-07-05,15834.349609375,0.007107867426692256,0.007107867426692256,5.052177935543279e-05,
2021-07-06,15818.25,-0.0010172694162285671,0.0010172694162285671,1.0348370651940098e-06,12.279999732971191
2021-07-07,15879.650390625,0.003874103121228537,0.003874103121228537,1.5008674993912693e-05,12.210000038146973
2021-07-08,15727.900390625,-0.009602209739377547,0.009602209739377547,9.220243187899702e-05,13.5600004196167
2021-07-09,15689.7998046875,-0.0024254228908178565,0.0024254228908178565,5.882676199303248e-06,12.9399995803833
2021-07-12,15692.599609375,0.00017843152513541638,0.00017843152513541638,3.1837809162150726e-08,12.989999771118164
2021-07-13,15812.349609375,0.0076020168050800795,0.0076020168050800795,5.779065950471994e-05,12.619999885559082
2021-07-14,15853.9501953125,0.00262743737830436,0.00262743737830436,6.903427176910888e-06,12.59000015258789
2021-07-15,15924.2001953125,0.0044212840314639245,0.0044212840314639245,1.9547752486877894e-05,12.270000457763672
2021-07-16,15923.400390625,-5.022699813825734e-05,5.022699813825734e-05,2.522751341980506e-09,11.710000038146973
2021-07-19,15752.400390625,-0.010796990571541962,0.010796990571541962,0.00011657500540196604,12.680000305175781
2021-07-20,15632.099609375,-0.007666291987629491,0.007666291987629491,5.877203283959213e-05,13.210000038146973
2021-07-22,15824.0498046875,0.012204454864528006,0.012204454864528006,0.00014894871854030133,11.890000343322754
2021-07-23,15856.0498046875,0.0020201963552988087,0.0020201963552988087,4.081193313962591e-06,11.760000228881836
2021-07-26,15824.4501953125,-0.001994894010794567,0.001994894010794567,3.979602114304035e-06,12.449999809265137
2021-07-27,15746.4501953125,-0.004941269190283573,0.004941269190283573,2.4416141210845674e-05,13.229999542236328
2021-07-28,15709.400390625,-0.0023556712745251398,0.0023556712745251398,5.549187153622897e-06,13.6899995803833
2021-07-29,15778.4501953125,0.0043858132000563635,0.0043858132000563635,1.923535742578864e-05,12.949999809265137
2021-07-30,15763.0498046875,-0.000976516135808173,0.000976516135808173,9.535837634937261e-07,12.800000190734863
2021-08-02,15885.150390625,0.007716153904229494,0.007716153904229494,5.953903107375606e-05,12.8100004196167
2021-08-03,16130.75,0.015342653128218075,0.015342653128218075,0.00023539700501281987,13.75
2021-08-04,16258.7998046875,0.007906900379200192,0.007906900379200192,6.251907360659614e-05,13.210000038146973
2021-08-05,16294.599609375,0.002199451962862978,0.002199451962862978,4.837588936941806e-06,12.869999885559082
2021-08-06,16238.2001953125,-0.0034672374282357825,0.0034672374282357825,1.2021735383759083e-05,12.609999656677246
2021-08-09,16258.25,0.0012339690711517842,0.0012339690711517842,1.5226796685591972e-06,12.609999656677246
2021-08-10,16280.099609375,0.0013430068163520583,0.0013430068163520583,1.8036673087680914e-06,12.710000038146973
2021-08-11,16282.25,0.00013207834532344713,0.00013207834532344713,1.7444689303379748e-08,12.710000038146973
2021-08-12,16364.400390625,0.005032710127087298,0.005032710127087298,2.532817122328705e-05,12.369999885559082
2021-08-13,16529.099609375,0.010014172717061967,0.010014172717061967,0.00010028365520714826,12.989999771118164
2021-08-16,16563.05078125,0.0020519176533692787,0.0020519176533692787,4.210366056208487e-06,13.460000038146973
2021-08-17,16614.599609375,0.0031074454639570138,0.0031074454639570138,9.65621731146702e-06,13.40999984741211
2021-08-18,16568.849609375,-0.002757400455017452,0.002757400455017452,7.60325726933045e-06,12.90999984741211
2021-08-20,16450.5,-0.007168531033199722,0.007168531033199722,5.1387837173947476e-05,14.020000457763672
2021-08-23,16496.44921875,0.002789286998064274,0.002789286998064274,7.780121957570407e-06,13.6899995803833
2021-08-24,16624.599609375,0.007738343720985011,0.007738343720985011,5.988196354410815e-05,13.1899995803833
2021-08-25,16634.650390625,0.0006043901504665573,0.0006043901504665573,3.6528745398098775e-07,13.5
2021-08-26,16636.900390625,0.00013525068417903375,0.00013525068417903375,1.8292747570896728e-08,13.539999961853027
2021-08-27,16705.19921875,0.004096857993577663,0.004096857993577663,1.6784245419541193e-05,13.40999984741211
2021-08-30,16931.05078125,0.013429259014094868,0.013429259014094868,0.00018034499766764826,13.319999694824219
2021-08-31,17132.19921875,0.011810427696351353,0.011810427696351353,0.00013948620237074313,14.520000457763672
2021-09-01,17076.25,-0.0032710789243950112,0.0032710789243950112,1.0699957329621223e-05,14.1899995803833
2021-09-02,17234.150390625,0.009204293951085803,0.009204293951085803,8.471902713799469e-05,14.239999771118164
2021-09-03,17323.599609375,0.005176808010644206,0.005176808010644206,2.679934117907002e-05,14.539999961853027
2021-09-06,17377.80078125,0.003123863322045117,0.003123863322045117,9.758522054818754e-06,15.109999656677246
2021-09-07,17362.099609375,-0.0009039273439216094,0.0009039273439216094,8.170846430891755e-07,14.899999618530273
2021-09-08,17353.5,-0.0004954320044973781,0.0004954320044973781,2.454528710802901e-07,14.40999984741211
2021-09-09,17369.25,0.0009071862729865194,0.0009071862729865194,8.229869338951717e-07,13.9399995803833
2021-09-13,17355.30078125,-0.0008034211637875494,0.0008034211637875494,6.454855664217403e-07,14.029999732971191
2021-09-14,17380.0,0.0014221395731308123,0.0014221395731308123,2.022480965464689e-06,13.579999923706055
2021-09-15,17519.44921875,0.007991527890878581,0.007991527890878581,6.386451803069025e-05,13.729999542236328
2021-09-16,17629.5,0.006261987530756848,0.006261987530756848,3.921248783535425e-05,14.40999984741211
2021-09-17,17585.150390625,-0.002518817158814708,0.002518817158814708,6.3444398795393975e-06,15.229999542236328
2021-09-20,17396.900390625,-0.01076276621795277,0.01076276621795277,0.00011583713666230538,17.489999771118164
2021-09-21,17562.0,0.009445425055689747,0.009445425055689747,8.921605448265165e-05,16.520000457763672
2021-09-22,17546.650390625,-0.0008744061752431491,0.0008744061752431491,7.645861593033527e-07,16.489999771118164
2021-09-23,17822.94921875,0.01562383807742847,0.01562383807742847,0.0002441043162697037,16.600000381469727
2021-09-24,17853.19921875,0.0016958112674268218,0.0016958112674268218,2.8757758547317636e-06,16.920000076293945
2021-09-27,17855.099609375,0.00010643971788971012,0.00010643971788971012,1.1329413544441077e-08,18.049999237060547
2021-09-28,17748.599609375,-0.005982542262753364,0.005982542262753364,3.579081192563014e-05,18.540000915527344
2021-09-29,17711.30078125,-0.002103719495544819,0.002103719495544819,4.4256357159353485e-06,18.84000015258789
2021-09-30,17618.150390625,-0.005273255224157625,0.005273255224157625,2.7807220659105683e-05,18.399999618530273
2021-10-01,17532.05078125,-0.004898963801205104,0.004898963801205104,2.3999846325517963e-05,17.209999084472656
2021-10-04,17691.25,0.009039488024266832,0.009039488024266832,8.171234374086347e-05,16.739999771118164
2021-10-05,17822.30078125,0.007380358946066971,0.007380358946066971,5.4469698172790777e-05,16.399999618530273
2021-10-06,17646.0,-0.009941397212065623,0.009941397212065623,9.883137852806614e-05,17.329999923706055
2021-10-07,17790.349609375,0.00814702470131476,0.00814702470131476,6.637401148383287e-05,16.15999984741211
2021-10-08,17895.19921875,0.005876323303578524,0.005876323303578524,3.4531175568180015e-05,15.649999618530273
2021-10-11,17945.94921875,0.0028319423974920437,0.0028319423974920437,8.019897742712984e-06,16.09000015258789
2021-10-12,17991.94921875,0.002559973015762186,0.002559973015762186,6.553461841430541e-06,15.850000381469727
2021-10-13,18161.75,0.00939334195098345,0.00939334195098345,8.823487300810555e-05,16.100000381469727
2021-10-14,18338.55078125,0.009687709975996201,0.009687709975996201,9.385172457901633e-05,15.770000457763672
2021-10-18,18477.05078125,0.007524019573498294,0.007524019573498294,5.661087054238545e-05,17.18000030517578
2021-10-19,18418.75,-0.0031602962146704853,0.0031602962146704853,9.987472164460599e-06,17.3799991607666
2021-10-20,18266.599609375,-0.008294933244362599,0.008294933244362599,6.880591752843183e-05,18.309999465942383
2021-10-21,18178.099609375,-0.004856682911584848,0.004856682911584848,2.3587368903680274e-05,18.040000915527344
2021-10-22,18114.900390625,-0.0034827257394313984,0.0034827257394313984,1.2129378576097981e-05,17.549999237060547
2021-10-25,18125.400390625,0.0005794654054989729,0.0005794654054989729,3.357801561700891e-07,17.610000610351562
2021-10-26,18268.400390625,0.00785852166355233,0.00785852166355233,6.175636273652128e-05,16.75
2021-10-27,18210.94921875,-0.0031497940609639214,0.0031497940609639214,9.921202626483592e-06,16.829999923706055
2021-10-28,17857.25,-0.019613430387588483,0.019613430387588483,0.0003846866515687793,17.90999984741211
2021-10-29,17671.650390625,-0.010447905544470225,0.010447905544470225,0.00010915873026617166,17.43000030517578
2021-11-01,17929.650390625,0.014494106171593095,0.014494106171593095,0.00021007911371341304,17.239999771118164
2021-11-02,17888.94921875,-0.002272628736845954,0.002272628736845954,5.164841375538037e-06,17.059999465942383
2021-11-03,17829.19921875,-0.003345641269055336,0.003345641269055336,1.11933155012062e-05,16.1299991607666
2021-11-04,17916.80078125,0.0049013449265533065,0.0049013449265533065,2.402318208904984e-05,15.75
2021-11-08,18068.55078125,0.008434037348294714,0.008434037348294714,7.113298599243014e-05,16.34000015258789
2021-11-09,18044.25,-0.0013458266538282125,0.0013458266538282125,1.8112493821544434e-06,16.0
2021-11-10,18017.19921875,-0.0015002606334366785,0.0015002606334366785,2.2507819682398238e-06,16.309999465942383
2021-11-11,17873.599609375,-0.00800207185820445,0.00800207185820445,6.403315402386761e-05,16.350000381469727
2021-11-12,18102.75,0.012739118453093435,0.012739118453093435,0.00016228513896194568,15.220000267028809
2021-11-15,18109.44921875,0.00036999789965571825,0.00036999789965571825,1.3689844574964296e-07,15.470000267028809
2021-11-16,17999.19921875,-0.006106589273008452,0.006106589273008452,3.729043254922189e-05,15.199999809265137
2021-11-17,17898.650390625,-0.005601956226916921,0.005601956226916921,3.1381913568293263e-05,14.979999542236328
2021-11-18,17764.80078125,-0.007506297537132803,0.007506297537132803,5.6344502715965984e-05,14.859999656677246
2021-11-22,17416.55078125,-0.01979806684873854,0.01979806684873854,0.00039196345094712003,17.520000457763672
2021-11-23,17503.349609375,0.004971320417088634,0.004971320417088634,2.471402668936231e-05,18.020000457763672
2021-11-24,17415.05078125,-0.005057449101021469,0.005057449101021469,2.5577791409422868e-05,17.100000381469727
2021-11-25,17536.25,0.006935347288237329,0.006935347288237329,4.8099042008460866e-05,16.65999984741211
2021-11-26,17026.44921875,-0.029502195657113865,0.029502195657113865,0.0008703795485906282,20.799999237060547
2021-11-29,17053.94921875,0.0016138312478338214,0.0016138312478338214,2.6044512964848693e-06,20.829999923706055
2021-11-30,16983.19921875,-0.0041572285072535705,0.0041572285072535705,1.728254886152175e-05,21.170000076293945
2021-12-01,17166.900390625,0.010758559762450211,0.010758559762450211,0.00011574660816221275,19.450000762939453
2021-12-02,17401.650390625,0.013581917861660867,0.013581917861660867,0.00018446849280090248,18.09000015258789
2021-12-03,17196.69921875,-0.011847592241934006,0.011847592241934006,0.00014036544193113485,18.450000762939453
2021-12-06,16912.25,-0.016679248094838027,0.016679248094838027,0.00027819731700915796,20.079999923706055
2021-12-07,17176.69921875,0.015515557382479443,0.015515557382479443,0.00024073252088901236,18.459999084472656
2021-12-08,17469.75,0.016917044993306308,0.016917044993306308,0.00028618641130555,17.270000457763672
2021-12-09,17516.849609375,0.002692438725331353,0.002692438725331353,7.24922628966392e-06,16.600000381469727
2021-12-10,17511.30078125,-0.00031682107730694167,0.00031682107730694167,1.0037559502593112e-07,16.059999465942383
2021-12-13,17368.25,-0.0082026046847206,0.0082026046847206,6.728272361380033e-05,16.56999969482422
2021-12-14,17324.900390625,-0.0024990311601760175,0.0024990311601760175,6.245156739530692e-06,16.950000762939453
2021-12-15,17221.400390625,-0.005991976410169169,0.005991976410169169,3.59037813000238e-05,17.219999313354492
2021-12-16,17248.400390625,0.0015665890089298405,0.0015665890089298405,2.45420112289978e-06,15.899999618530273
2021-12-17,16985.19921875,-0.015377077556357827,0.015377077556357827,0.0002364545141742436,16.34000015258789
2021-12-20,16614.19921875,-0.022084626281366433,0.022084626281366433,0.000487730717987621,18.969999313354492
2021-12-21,16770.849609375,0.009384532645495392,0.009384532645495392,8.806945297436875e-05,17.540000915527344
2021-12-22,16955.44921875,0.010947032985081793,0.010947032985081793,0.00011983753117646879,16.579999923706055
2021-12-23,17072.599609375,0.006885546336514033,0.006885546336514033,4.7410748352281824e-05,15.829999923706055
2021-12-24,17003.75,-0.0040409083631890875,0.0040409083631890875,1.632894039969151e-05,16.149999618530273
2021-12-27,17086.25,0.004840138519222991,0.004840138519222991,2.3426940885266128e-05,17.1200008392334
2021-12-28,17233.25,0.008566610759914585,0.008566610759914585,7.338681991188434e-05,16.479999542236328
2021-12-29,17213.599609375,-0.00114091088034896,0.00114091088034896,1.3016776368986388e-06,16.239999771118164
2021-12-30,17203.94921875,-0.0005607831589689821,0.0005607831589689821,3.144777513832307e-07,16.56999969482422
2021-12-31,17354.05078125,0.008686990360265219,0.008686990360265219,7.546380151934084e-05,16.219999313354492
2022-01-03,17625.69921875,0.015532066331647875,0.015532066331647875,0.00024124508453070946,16.450000762939453
2022-01-04,17805.25,0.01013533773365083,0.01013533773365083,0.00010272507097516635,16.1200008392334
2022-01-05,17925.25,0.006716975758933995,0.006716975758933995,4.5117763346106914e-05,17.229999542236328
2022-01-06,17745.900390625,-0.01005580805311726,0.01005580805311726,0.00010111927560113795,17.979999542236328
2022-01-07,17812.69921875,0.0037571168401497185,0.0037571168401497185,1.4115926950536605e-05,17.600000381469727
2022-01-10,18003.30078125,0.010643475643964555,0.010643475643964555,0.00011328357378366669,17.68000030517578
2022-01-11,18055.75,0.0029090757855369247,0.0029090757855369247,8.462721925997276e-06,17.760000228881836
2022-01-12,18212.349609375,0.008635720331115329,0.008635720331115329,7.457566563723864e-05,17.18000030517578
2022-01-13,18257.80078125,0.002492514833041471,0.002492514833041471,6.212630192931751e-06,16.700000762939453
2022-01-14,18255.75,-0.00011232987251458901,0.00011232987251458901,1.261800025914382e-08,16.559999465942383
2022-01-17,18308.099609375,0.0028634646353713476,0.0028634646353713476,8.199429718022364e-06,16.770000457763672
2022-01-18,18113.05078125,-0.010710847446216868,0.010710847446216868,0.0001147222530161304,17.780000686645508
2022-01-19,17938.400390625,-0.009689027834056424,0.009689027834056424,9.387726036912011e-05,17.81999969482422
2022-01-20,17757.0,-0.010163883876396832,0.010163883876396832,0.00010330453545287949,17.790000915527344
2022-01-21,17617.150390625,-0.00790692279190989,0.00790692279190989,6.251942803722409e-05,18.889999389648438
2022-01-24,17149.099609375,-0.02692721026213864,0.02692721026213864,0.0007250746525014246,22.829999923706055
2022-01-25,17277.94921875,0.0074854055398087425,0.0074854055398087425,5.603129609539941e-05,21.360000610351562
2022-01-27,17110.150390625,-0.009759199363728934,0.009759199363728934,9.524197222100722e-05,21.06999969482422
2022-01-28,17101.94921875,-0.0004794310858279706,0.0004794310858279706,2.298541660581869e-07,20.700000762939453
2022-01-31,17339.849609375,0.01381485185545943,0.01381485185545943,0.00019085013178829087,21.950000762939453
2022-02-01,17576.849609375,0.013575374822651254,0.013575374822651254,0.00018429080157547357,19.979999542236328
2022-02-02,17780.0,0.01149155699474709,0.01149155699474709,0.0001320558821635208,18.649999618530273
2022-02-03,17560.19921875,-0.01243929691182117,0.01243929691182117,0.0001547361076604437,19.15999984741211
2022-02-04,17516.30078125,-0.002503012582150695,0.002503012582150695,6.26507198640469e-06,18.899999618530273
2022-02-07,17213.599609375,-0.017432174227495423,0.017432174227495423,0.0003038806982977557,20.440000534057617
2022-02-08,17266.75,0.003082940476216172,0.003082940476216172,9.504521979891999e-06,19.68000030517578
2022-02-09,17463.80078125,0.0113475249468573,0.0113475249468573,0.0001287663224195488,18.559999465942383
2022-02-10,17605.849609375,0.00810099920504003,0.00810099920504003,6.562618812005919e-05,17.709999084472656
2022-02-11,17374.75,-0.013213208134273142,0.013213208134273142,0.0001745888691996219,18.68000030517578
2022-02-14,16842.80078125,-0.031094690696753635,0.031094690696753635,0.0009668797895267771,22.979999542236328
2022-02-15,17352.44921875,0.02981034961442144,0.02981034961442144,0.0008886569441340365,20.610000610351562
2022-02-16,17322.19921875,-0.001744791023833279,0.001744791023833279,3.044295716849182e-06,20.59000015258789
2022-02-17,17304.599609375,-0.001016531212017758,0.001016531212017758,1.033335705006292e-06,22.010000228881836
2022-02-18,17276.30078125,-0.0016366742405402451,0.0016366742405402451,2.678702569647988e-06,22.170000076293945
2022-02-21,17206.650390625,-0.004039705592356217,0.004039705592356217,1.6319221272914096e-05,22.899999618530273
2022-02-22,17092.19921875,-0.00667378632095619,0.00667378632095619,4.453942385778196e-05,26.65999984741211
2022-02-23,17063.25,-0.0016951453630000418,0.0016951453630000418,2.8735178017005435e-06,24.540000915527344
2022-02-24,16247.9501953125,-0.04896026903082192,0.04896026903082192,0.0023971079435704604,31.979999542236328
2022-02-25,16658.400390625,0.024947858168202962,0.024947858168202962,0.0006223956271807713,26.739999771118164
2022-02-28,16793.900390625,0.008101131335537446,0.008101131335537446,6.562832891562673e-05,28.56999969482422
2022-03-02,16605.94921875,-0.011254730666993663,0.011254730666993663,0.00012666896238656763,29.229999542236328
2022-03-03,16498.05078125,-0.006518778370608893,0.006518778370608893,4.249447144511833e-05,28.15999984741211
2022-03-04,16245.349609375,-0.015435549523985674,0.015435549523985674,0.00023825618910741438,27.959999084472656
2022-03-07,15863.150390625,-0.023807855961420165,0.023807855961420165,0.0005668140054797296,29.329999923706055
2022-03-08,16013.4501953125,0.009430172336242727,0.009430172336242727,8.892815029123761e-05,28.59000015258789
2022-03-09,16345.349609375,0.020514423015661167,0.020514423015661167,0.0004208415516654886,27.469999313354492
2022-03-10,16594.900390625,0.015152013456311012,0.015152013456311012,0.00022958351178022998,25.579999923706055
2022-03-11,16630.44921875,0.0021398626113986923,0.0021398626113986923,4.579011995662031e-06,25.350000381469727
2022-03-14,16871.30078125,0.014378694372337426,0.014378694372337426,0.00020674685185308796,25.68000030517578
2022-03-15,16663.0,-0.012423307208470636,0.012423307208470636,0.00015433856199603848,26.729999542236328
2022-03-16,16975.349609375,0.018571576221107083,0.018571576221107083,0.00034490344333639003,24.1200008392334
2022-03-17,17287.05078125,0.01819544269851146,0.01819544269851146,0.000331074134994814,22.610000610351562
2022-03-21,17117.599609375,-0.009850560325581039,0.009850560325581039,9.703353872791123e-05,24.6200008392334
2022-03-22,17315.5,0.011494902983443505,0.011494902983443505,0.0001321327945987784,24.06999969482422
2022-03-23,17245.650390625,-0.004042093720190609,0.004042093720190609,1.6338521642804353e-05,24.75
2022-03-24,17222.75,-0.0013287761390126268,0.0013287761390126268,1.7656460276093035e-06,23.93000030517578
2022-03-25,17153.0,-0.004058098847076208,0.004058098847076208,1.646816625264125e-05,23.43000030517578
2022-03-28,17222.0,0.004014550846285441,0.004014550846285441,1.6116618497411147e-05,22.610000610351562
2022-03-29,17325.30078125,0.00598026976240216,0.00598026976240216,3.5763626431101595e-05,21.299999237060547
2022-03-30,17498.25,0.009932969892759297,0.009932969892759297,9.866389089046264e-05,20.610000610351562
2022-03-31,17464.75,-0.001916312115762529,0.001916312115762529,3.67225212501826e-06,20.559999465942383
2022-04-01,17670.44921875,0.01170914487476482,0.01170914487476482,0.00013710407369823128,18.43000030517578
2022-04-04,18053.400390625,0.0214403456403388,0.0214403456403388,0.00045968842117719493,17.90999984741211
2022-04-05,17957.400390625,-0.005331746328175393,0.005331746328175393,2.842751890801179e-05,18.489999771118164
2022-04-06,17807.650390625,-0.008374145812508964,0.008374145812508964,7.012631808916141e-05,19.020000457763672
2022-04-07,17639.55078125,-0.009484577848941177,0.009484577848941177,8.995721697262565e-05,19.0
2022-04-08,17784.349609375,0.008175250776633796,0.008175250776633796,6.683472526085147e-05,17.690000534057617
2022-04-11,17674.94921875,-0.006170496392137639,0.006170496392137639,3.8075025725383626e-05,18.270000457763672
2022-04-12,17530.30078125,-0.008217481851263662,0.008217481851263662,6.752700797584766e-05,18.15999984741211
2022-04-13,17475.650390625,-0.0031223510971550208,0.0031223510971550208,9.749076373905162e-06,17.790000915527344
2022-04-18,17173.650390625,-0.017432250630348714,0.017432250630348714,0.00030388336203929315,19.34000015258789
2022-04-19,16958.650390625,-0.012598203971631295,0.012598203971631295,0.00015871474331082653,19.770000457763672
2022-04-20,17136.55078125,0.010435603778864927,0.010435603778864927,0.00010890182622945995,18.670000076293945
2022-04-21,17392.599609375,0.014831150992767859,0.014831150992767859,0.00021996303977027905,17.850000381469727
2022-04-22,17171.94921875,-0.012767612798961313,0.012767612798961313,0.00016301193658420073,18.350000381469727
2022-04-25,16953.94921875,-0.012776394201003337,0.012776394201003337,0.00016323624877943171,21.260000228881836
2022-04-26,17200.80078125,0.014455140840464372,0.014455140840464372,0.00020895109671766103,19.190000534057617
2022-04-27,17038.400390625,-0.00948629657994312,0.00948629657994312,8.998982280264052e-05,20.610000610351562
2022-04-28,17245.05078125,0.012055547873445796,0.012055547873445796,0.00014533623452894347,19.3799991607666
2022-04-29,17102.55078125,-0.008297570200330234,0.008297570200330234,6.884967122940832e-05,19.420000076293945
2022-05-02,17069.099609375,-0.0019578324241160947,0.0019578324241160947,3.833107800920304e-06,20.280000686645508
2022-05-04,16677.599609375,-0.023203310190181764,0.023203310190181764,0.0005383936037817929,21.8799991607666
2022-05-05,16682.650390625,0.00030280236440618743,0.00030280236440618743,9.168927188997753e-08,20.290000915527344
2022-05-06,16411.25,-0.016402205362178027,0.016402205362178027,0.00026903234074306164,21.25
2022-05-09,16301.849609375,-0.0066885009232451696,0.0066885009232451696,4.4736044600251484e-05,22.030000686645508
2022-05-10,16240.0498046875,-0.003798172823006312,0.003798172823006312,1.4426116793423737e-05,22.299999237060547
2022-05-11,16167.099609375,-0.004502112641840228,0.004502112641840228,2.0269018239817593e-05,22.799999237060547
2022-05-12,15808.0,-0.022462147872579268,0.022462147872579268,0.0005045480870496174,24.270000457763672
2022-05-13,15782.150390625,-0.0016365617019766783,0.0016365617019766783,2.678334204376802e-06,23.489999771118164
2022-05-16,15842.2998046875,0.003803986233609079,0.003803986233609079,1.4470311265487388e-05,24.530000686645508
2022-05-17,16259.2998046875,0.025981475212963467,0.025981475212963467,0.0006750370542418351,22.739999771118164
2022-05-18,16240.2998046875,-0.0011692453072036017,0.0011692453072036017,1.367134588417645e-06,22.299999237060547
2022-05-19,15809.400390625,-0.026891070897403772,0.026891070897403772,0.0007231296940091961,24.559999465942383
2022-05-20,16266.150390625,0.02848156086057151,0.02848156086057151,0.0008111993090544389,23.100000381469727
2022-05-23,16214.7001953125,-0.0031680351601504043,0.0031680351601504043,1.0036446775949197e-05,23.399999618530273
2022-05-24,16125.150390625,-0.005538061057189644,0.005538061057189644,3.067012027316048e-05,25.639999389648438
2022-05-25,16025.7998046875,-0.006180277818558741,0.006180277818558741,3.8195833914569196e-05,25.280000686645508
2022-05-26,16170.150390625,0.008967062770830264,0.008967062770830264,8.040821473601012e-05,22.719999313354492
2022-05-27,16352.4501953125,0.011210771015034579,0.011210771015034579,0.00012568138675153945,21.479999542236328
2022-05-30,16661.400390625,0.018716945110386057,0.018716945110386057,0.0003503240342652045,19.979999542236328
2022-05-31,16584.55078125,-0.004623104079880039,0.004623104079880039,2.137309133340346e-05,20.479999542236328
2022-06-01,16522.75,-0.003733367056413342,0.003733367056413342,1.3938029577912422e-05,20.850000381469727
2022-06-02,16628.0,0.006349802260260305,0.006349802260260305,4.031998874440688e-05,20.31999969482422
2022-06-03,16584.30078125,-0.0026315095876877827,0.0026315095876877827,6.924842710092724e-06,19.979999542236328
2022-06-06,16569.55078125,-0.0008897910968418909,0.0008897910968418909,7.917281960190952e-07,20.200000762939453
2022-06-07,16416.349609375,-0.009288955076891798,0.009288955076891798,8.628468642051391e-05,20.43000030517578
2022-06-08,16356.25,-0.003667678332650513,0.003667678332650513,1.345186435179405e-05,19.84000015258789
2022-06-09,16478.099609375,0.007422115570615706,0.007422115570615706,5.5087799543576105e-05,19.139999389648438
2022-06-10,16201.7998046875,-0.01690986774485526,0.01690986774485526,0.0002859436271484963,19.579999923706055
2022-06-13,15774.400390625,-0.026733937520215956,0.026733937520215956,0.0007147034153348105,22.3700008392334
2022-06-14,15732.099609375,-0.0026852114114221596,0.0026852114114221596,7.210360324031787e-06,21.889999389648438
2022-06-15,15692.150390625,-0.0025425739848417965,0.0025425739848417965,6.464682468394292e-06,22.149999618530273
2022-06-16,15360.599609375,-0.021354848179315097,0.021354848179315097,0.0004560295407615973,22.8700008392334
2022-06-17,15293.5,-0.004377862497838008,0.004377862497838008,1.9165680049976445e-05,22.760000228881836
2022-06-20,15350.150390625,0.0036973698916184226,0.0036973698916184226,1.3670544115446426e-05,22.40999984741211
2022-06-21,15638.7998046875,0.018629721921802747,0.018629721921802747,0.00034706653888369785,21.139999389648438
2022-06-22,15413.2998046875,-0.01452423294963793,0.01452423294963793,0.00021095334277534814,21.299999237060547
2022-06-23,15556.650390625,0.009257464658604653,0.009257464658604653,8.570065190531418e-05,20.8799991607666
2022-06-24,15699.25,0.009124715461734611,0.009124715461734611,8.326043225761867e-05,20.549999237060547
2022-06-27,15832.0498046875,0.008423413606869335,0.008423413606869335,7.095389679239147e-05,21.010000228881836
2022-06-28,15850.2001953125,0.0011457767431705531,0.0011457767431705531,1.3128043451905197e-06,21.450000762939453
2022-06-29,15799.099609375,-0.003229179201912245,0.003229179201912245,1.0427598318062604e-05,21.899999618530273
2022-06-30,15780.25,-0.0011937935294284723,0.0011937935294284723,1.4251429909052887e-06,21.84000015258789
2022-07-01,15752.0498046875,-0.0017886549985601772,0.0017886549985601772,3.1992867038743076e-06,21.25
2022-07-04,15835.349609375,0.005274254882250374,0.005274254882250374,2.781776456294191e-05,20.969999313354492
2022-07-05,15810.849609375,-0.0015483695040555473,0.0015483695040555473,2.3974481210892215e-06,20.790000915527344
2022-07-06,15989.7998046875,0.01125461822453212,0.01125461822453212,0.00012666643137997053,20.270000457763672
2022-07-07,16132.900390625,0.00890968266712923,0.00890968266712923,7.938244522894305e-05,19.200000762939453
2022-07-08,16220.599609375,0.005421325887187373,0.005421325887187373,2.939077437508796e-05,18.399999618530273
2022-07-11,16216.0,-0.00028360614005298526,0.00028360614005298526,8.043244267575349e-08,18.3700008392334
2022-07-12,16058.2998046875,-0.009772571447684876,0.009772571447684876,9.550315270010568e-05,18.549999237060547
2022-07-13,15966.650390625,-0.0057236413300785416,0.0057236413300785416,3.276007007538326e-05,18.520000457763672
2022-07-14,15938.650390625,-0.0017551946856914542,0.0017551946856914542,3.0807083846795228e-06,18.34000015258789
2022-07-15,16049.2001953125,0.006912014580365188,0.006912014580365188,4.777594555918095e-05,17.600000381469727
2022-07-18,16278.5,0.014186202470718856,0.014186202470718856,0.00020124834054022979,17.15999984741211
2022-07-19,16340.5498046875,0.003804517906147779,0.003804517906147779,1.4474356498199082e-05,17.200000762939453
2022-07-20,16520.849609375,0.010973459265845803,0.010973459265845803,0.00012041680825917712,16.81999969482422
2022-07-21,16605.25,0.005095714512164849,0.005095714512164849,2.5966306389487446e-05,16.860000610351562
2022-07-22,16719.44921875,0.006853755230166662,0.006853755230166662,4.697396075503688e-05,16.649999618530273
2022-07-25,16631.0,-0.005304241963650273,0.005304241963650273,2.81349828089485e-05,17.68000030517578
2022-07-26,16483.849609375,-0.008887333683346772,0.008887333683346772,7.89846999991501e-05,18.170000076293945
2022-07-27,16641.80078125,0.00953655956008488,0.00953655956008488,9.09459682430463e-05,18.1299991607666
2022-07-28,16929.599609375,0.017145896529526243,0.017145896529526243,0.0002939817678012201,17.010000228881836
2022-07-29,17158.25,0.013415561413115864,0.013415561413115864,0.0001799772880290833,16.549999237060547
2022-08-01,17340.05078125,0.010539792401854702,0.010539792401854702,0.0001110872238741941,17.489999771118164
2022-08-02,17345.44921875,0.0003112792114048116,0.0003112792114048116,9.689474745280138e-08,18.530000686645508
2022-08-03,17388.150390625,0.002458783072766921,0.002458783072766921,6.0456141989251415e-06,18.450000762939453
2022-08-04,17382.0,-0.00035377417814128954,0.00035377417814128954,1.2515616911954487e-07,19.260000228881836
2022-08-05,17397.5,0.0008913297215996853,0.0008913297215996853,7.944686726069725e-07,18.920000076293945
2022-08-08,17525.099609375,0.007307599012140524,0.007307599012140524,5.3401003322237165e-05,19.299999237060547
2022-08-10,17534.75,0.0005505095416120064,0.0005505095416120064,3.0306075540586134e-07,19.59000015258789
2022-08-11,17659.0,0.007060942140366637,0.007060942140366637,4.985690390960539e-05,18.360000610351562
2022-08-12,17698.150390625,0.0022145679837284517,0.0022145679837284517,4.9043113545551e-06,17.610000610351562
2022-08-16,17825.25,0.007155855032733008,0.007155855032733008,5.120626124949032e-05,17.68000030517578
2022-08-17,17944.25,0.006653737907021656,0.006653737907021656,4.4272228135336935e-05,17.68000030517578
2022-08-18,17956.5,0.0006824370229270742,0.0006824370229270742,4.65720290261568e-07,17.350000381469727
2022-08-19,17758.44921875,-0.011090751389954998,0.011090751389954998,0.00012300476639378873,18.290000915527344
2022-08-22,17490.69921875,-0.015192148554208883,0.015192148554208883,0.00023080137769315105,19.040000915527344
2022-08-23,17577.5,0.004950408657946044,0.004950408657946044,2.450654588066715e-05,19.049999237060547
2022-08-24,17604.94921875,0.001560393032835227,0.001560393032835227,2.4348264169207177e-06,18.43000030517578
2022-08-25,17522.44921875,-0.004697196795508722,0.004697196795508722,2.2063657735737408e-05,19.56999969482422
2022-08-26,17558.900390625,0.002078094793881999,0.002078094793881999,4.3184779723594685e-06,18.219999313354492
2022-08-29,17312.900390625,-0.014109055185943692,0.014109055185943692,0.00019906543824000457,19.81999969482422
2022-08-30,17759.30078125,0.025457455427431688,0.025457455427431688,0.0006480820368396711,18.700000762939453
2022-09-01,17542.80078125,-0.012265712506503565,0.012265712506503565,0.00015044770329219795,19.8700008392334
2022-09-02,17539.44921875,-0.00019106884593758132,0.00019106884593758132,3.6507303887919186e-08,19.549999237060547
2022-09-05,17665.80078125,0.00717802628935595,0.00717802628935595,5.1524061410685155e-05,19.65999984741211
2022-09-06,17655.599609375,-0.000577619915734608,0.000577619915734608,3.336447670532556e-07,19.520000457763672
2022-09-07,17624.400390625,-0.0017686636555011566,0.0017686636555011566,3.128171126290714e-06,19.3700008392334
2022-09-08,17798.75,0.009843902383512463,0.009843902383512463,9.690241413612236e-05,18.309999465942383
2022-09-09,17833.349609375,0.0019420477956010656,0.0019420477956010656,3.7715496403989583e-06,17.719999313354492
2022-09-12,17936.349609375,0.005759080279283832,0.005759080279283832,3.316700566323594e-05,17.940000534057617
2022-09-13,18070.05078125,0.007426556664034913,0.007426556664034913,5.5153743884121374e-05,17.469999313354492
2022-09-14,18003.75,-0.003675845320864187,0.003675845320864187,1.3511838822919136e-05,18.280000686645508
2022-09-15,17877.400390625,-0.0070427023794097186,0.0070427023794097186,4.959965680494331e-05,18.389999389648438
2022-09-16,17530.849609375,-0.019575203370476822,0.019575203370476822,0.00038318858699552713,19.81999969482422
2022-09-19,17622.25,0.005200144374609497,0.005200144374609497,2.7041501516782802e-05,19.940000534057617
2022-09-20,17816.25,0.010948654031257964,0.010948654031257964,0.00011987302509618126,18.799999237060547
2022-09-21,17718.349609375,-0.005510158516157929,0.005510158516157929,3.0361846873187753e-05,19.329999923706055
2022-09-22,17629.80078125,-0.005010107310831895,0.005010107310831895,2.51011752660512e-05,18.81999969482422
2022-09-23,17327.349609375,-0.01730454089090743,0.01730454089090743,0.0002994471354450874,20.59000015258789
2022-09-26,17016.30078125,-0.018114401349380974,0.018114401349380974,0.0003281315362464553,21.889999389648438
2022-09-27,17007.400390625,-0.0005231876910193474,0.0005231876910193474,2.737253600341561e-07,21.56999969482422
2022-09-28,16858.599609375,-0.008787677246935572,0.008787677246935572,7.722327139630914e-05,22.100000381469727
2022-09-29,16818.099609375,-0.0024052250050792126,0.0024052250050792126,5.785107325058299e-06,21.299999237060547
2022-09-30,17094.349609375,0.016292312526781774,0.016292312526781774,0.00026543944747033034,19.969999313354492
2022-10-03,16887.349609375,-0.012183178897324074,0.012183178897324074,0.00014842984804420262,21.3700008392334
2022-10-04,17274.30078125,0.022655095268550494,0.022655095268550494,0.000513253341627099,19.56999969482422
2022-10-06,17331.80078125,0.0033231164632058175,0.0033231164632058175,1.1043103028029541e-05,19.31999969482422
2022-10-07,17314.650390625,-0.0009900230150986376,0.0009900230150986376,9.801455704249974e-07,18.809999465942383
2022-10-10,17241.0,-0.004262718329192525,0.004262718329192525,1.8170767554033912e-05,19.6200008392334
2022-10-11,16983.55078125,-0.015044993668578569,0.015044993668578569,0.00022635183448756923,20.489999771118164
2022-10-12,17123.599609375,0.008212331644389038,0.008212331644389038,6.744239103743356e-05,20.18000030517578
2022-10-13,17014.349609375,-0.0064005234917517235,0.0064005234917517235,4.096670096846567e-05,20.290000915527344
2022-10-14,17185.69921875,0.010020514532698735,0.010020514532698735,0.00010041071150002655,18.260000228881836
2022-10-17,17311.80078125,0.007310797834822186,0.007310797834822186,5.344776498164076e-05,18.420000076293945
2022-10-18,17486.94921875,0.010066448739082915,0.010066448739082915,0.00010133339021658401,17.450000762939453
2022-10-19,17512.25,0.0014457922593648584,0.0014457922593648584,2.0903152572393418e-06,17.489999771118164
2022-10-20,17563.94921875,0.0029478254394111857,0.0029478254394111857,8.68967482123975e-06,17.229999542236328
2022-10-21,17576.30078125,0.0007029866326317706,0.0007029866326317706,4.94190205658956e-07,17.280000686645508
2022-10-24,17730.75,0.008748972260095097,0.008748972260095097,7.65445156079135e-05,17.420000076293945
2022-10-25,17656.349609375,-0.004204950452158822,0.004204950452158822,1.7681608305110685e-05,16.8799991607666
2022-10-27,17736.94921875,0.0045545202832827395,0.0045545202832827395,2.0743655010833886e-05,16.600000381469727
2022-10-28,17786.80078125,0.0028066628790527496,0.0028066628790527496,7.877356516652669e-06,15.920000076293945
2022-10-31,18012.19921875,0.012592609626880552,0.012592609626880552,0.00015857381721500475,15.800000190734863
2022-11-01,18145.400390625,0.007367843877008389,0.007367843877008389,5.4285123395970016e-05,16.1299991607666
2022-11-02,18082.849609375,-0.0034531529072475455,0.0034531529072475455,1.1924265000832176e-05,16.65999984741211
2022-11-03,18052.69921875,-0.001668738878993079,0.001668738878993079,2.7846894462630777e-06,15.9399995803833
2022-11-04,18117.150390625,0.0035638102334325083,0.0035638102334325083,1.270074337991827e-05,15.65999984741211
2022-11-07,18202.80078125,0.0047164462855731094,0.0047164462855731094,2.224486556469638e-05,15.59000015258789
2022-11-09,18157.0,-0.0025193100341803654,0.0025193100341803654,6.346923048321874e-06,15.920000076293945
2022-11-10,18028.19921875,-0.007119006002546902,0.007119006002546902,5.0680246464298815e-05,15.569999694824219
2022-11-11,18349.69921875,0.01767602773148285,0.01767602773148285,0.00031244195636415074,14.40999984741211
2022-11-14,18329.150390625,-0.0011204729970374992,0.0011204729970374992,1.2554597370901957e-06,14.90999984741211
2022-11-15,18403.400390625,0.00404274135870096,0.00404274135870096,1.6343757693351287e-05,14.640000343322754
2022-11-16,18409.650390625,0.000339553496785159,0.000339553496785159,1.1529657717902898e-07,15.100000381469727
2022-11-17,18343.900390625,-0.0035778894143715548,0.0035778894143715548,1.2801292661472027e-05,14.880000114440918
2022-11-18,18307.650390625,-0.001978088841936149,0.001978088841936149,3.912835466592295e-06,14.390000343322754
2022-11-21,18159.94921875,-0.008100449774708418,0.008100449774708418,6.561728655257367e-05,14.800000190734863
2022-11-22,18244.19921875,0.004628601630860599,0.004628601630860599,2.1423953057205402e-05,13.84000015258789
2022-11-23,18267.25,0.0012626606067816233,0.0012626606067816233,1.5943118079181372e-06,14.039999961853027
2022-11-24,18484.099609375,0.011801042862214367,0.011801042862214367,0.00013926461263582065,13.479999542236328
2022-11-25,18512.75,0.0015488019469054911,0.0015488019469054911,2.39878747073824e-06,13.329999923706055
2022-11-28,18562.75,0.0026972005940332764,0.0026972005940332764,7.274891044453459e-06,13.569999694824219
2022-11-29,18618.05078125,0.0029746977400658824,0.0029746977400658824,8.848826644753069e-06,13.619999885559082
2022-11-30,18758.349609375,0.007507383568474861,0.007507383568474861,5.6360808044206344e-05,13.8100004196167
2022-12-01,18812.5,0.0028825767148602448,0.0028825767148602448,8.309248517054481e-06,13.359999656677246
2022-12-02,18696.099609375,-0.006206617442539312,0.006206617442539312,3.852210007803323e-05,13.449999809265137
2022-12-05,18701.05078125,0.0002647887259970962,0.0002647887259970962,7.01130694151653e-08,13.729999542236328
2022-12-06,18642.75,-0.0031223832280691255,0.0031223832280691255,9.749277022927373e-06,14.039999961853027
2022-12-07,18560.5,-0.004421663914122268,0.004421663914122268,1.955111176945105e-05,14.079999923706055
2022-12-08,18609.349609375,0.0026284549446723396,0.0026284549446723396,6.908775396172472e-06,13.399999618530273
2022-12-09,18496.599609375,-0.006077211303593385,0.006077211303593385,3.6932497228523205e-05,13.479999542236328
2022-12-12,18497.150390625,2.977698935843848e-05,2.977698935843848e-05,8.866690952525585e-10,13.319999694824219
2022-12-13,18608.0,0.005974908495510217,0.005974908495510217,3.5699531529720166e-05,12.880000114440918
2022-12-14,18660.30078125,0.002806718551028224,0.002806718551028224,7.877669024685973e-06,12.890000343322754
2022-12-15,18414.900390625,-0.01323817358829901,0.01323817358829901,0.0001752492399539375,13.729999542236328
2022-12-16,18269.0,-0.007954506384605002,0.007954506384605002,6.327417182272175e-05,14.069999694824219
2022-12-19,18420.44921875,0.008255783729645224,0.008255783729645224,6.81579649906748e-05,13.550000190734863
2022-12-20,18385.30078125,-0.0019099433205291773,0.0019099433205291773,3.6478834876340196e-06,13.779999732971191
2022-12-21,18199.099609375,-0.01017935391694218,0.01017935391694218,0.00010361924616636611,15.5600004196167
2022-12-22,18127.349609375,-0.0039502948868902,0.0039502948868902,1.560482969339086e-05,15.1899995803833
2022-12-23,17806.80078125,-0.01784137526808462,0.01784137526808462,0.0003183146714566216,16.15999984741211
2022-12-26,18014.599609375,0.01160206785899442,0.01160206785899442,0.00013460797860471137,
2022-12-27,18132.30078125,0.006512402811413872,0.006512402811413872,4.241139037811131e-05,15.289999961853027
2022-12-28,18122.5,-0.0005406611691443354,0.0005406611691443354,2.923144998205196e-07,15.399999618530273
2022-12-29,18191.0,0.0037727060871833766,0.0037727060871833766,1.4233311220270504e-05,14.8100004196167
2022-12-30,18105.30078125,-0.004722210041123311,0.004722210041123311,2.2299267672485818e-05,14.869999885559082
2023-01-02,18197.44921875,0.005076675205536103,0.005076675205536103,2.5772631142505032e-05,14.6899995803833
2023-01-03,18232.55078125,0.001927069632871597,0.001927069632871597,3.7135973699358714e-06,14.390000343322754
2023-01-04,18042.94921875,-0.010453517612292944,0.010453517612292944,0.00010927603047051878,15.199999809265137
2023-01-05,17992.150390625,-0.0028194100932680756,0.0028194100932680756,7.949073274021898e-06,14.979999542236328
2023-01-06,17859.44921875,-0.0074028372147649955,0.0074028372147649955,5.480199882830956e-05,15.029999732971191
2023-01-09,18101.19921875,0.01344545509952314,0.01344545509952314,0.00018078026283329282,14.649999618530273
2023-01-10,17914.150390625,-0.010387266093937284,0.010387266093937284,0.00010789529690625912,15.510000228881836
2023-01-11,17895.69921875,-0.0010305082936186098,0.0010305082936186098,1.0619473432167388e-06,15.4399995803833
2023-01-12,17858.19921875,-0.0020976741216788596,0.0020976741216788596,4.400236720761175e-06,15.279999732971191
2023-01-13,17956.599609375,0.0054949708747303715,0.0054949708747303715,3.0194704914135065e-05,14.460000038146973
2023-01-16,17894.849609375,-0.0034447734977776498,0.0034447734977776498,1.1866464450991263e-05,15.020000457763672
2023-01-17,18053.30078125,0.008815596703469526,0.008815596703469526,7.771474523822277e-05,14.59000015258789
2023-01-18,18165.349609375,0.00618737497867869,0.00618737497867869,3.828360912677912e-05,14.369999885559082
2023-01-19,18107.849609375,-0.0031703874707042848,0.0031703874707042848,1.0051356714398712e-05,13.960000038146973
2023-01-20,18027.650390625,-0.004438812272184146,0.004438812272184146,1.9703054387692583e-05,13.789999961853027
2023-01-23,18118.55078125,0.005029606393094338,0.005029606393094338,2.529694046945544e-05,13.619999885559082
2023-01-24,18118.30078125,-1.379810823647804e-05,1.379810823647804e-05,1.9038779090556314e-10,13.65999984741211
2023-01-25,17891.94921875,-0.012571672991636754,0.012571672991636754,0.000158046961808649,14.65999984741211
2023-01-27,17604.349609375,-0.016204838949638832,0.016204838949638832,0.00026259680538373174,17.31999969482422
2023-01-30,17648.94921875,0.002530238851503625,0.002530238851503625,6.402108645658384e-06,17.709999084472656
2023-01-31,17662.150390625,0.0007477066778470427,0.0007477066778470427,5.590652760970613e-07,16.8799991607666
2023-02-01,17616.30078125,-0.0025992997802722563,0.0025992997802722563,6.7563593477234e-06,16.780000686645508
2023-02-02,17610.400390625,-0.00033499535771969267,0.00033499535771969267,1.1222188969374486e-07,15.729999542236328
2023-02-03,17854.05078125,0.013740758205234283,0.013740758205234283,0.00018880843605471328,14.399999618530273
2023-02-06,17764.599609375,-0.005022725956678951,0.005022725956678951,2.5227776035896484e-05,14.6899995803833
2023-02-07,17721.5,-0.0024290993398515346,0.0024290993398515346,5.900523602867161e-06,14.130000114440918
2023-02-08,17871.69921875,0.00843982073038998,0.00843982073038998,7.123057396112046e-05,13.600000381469727
2023-02-09,17893.44921875,0.0012162679944837883,0.0012162679944837883,1.4793078344056166e-06,13.039999961853027
2023-02-10,17856.5,-0.00206709283308457,0.00206709283308457,4.272872780589594e-06,12.75
2023-02-13,17770.900390625,-0.0048052775756446476,0.0048052775756446476,2.3090692578993302e-05,13.680000305175781
2023-02-14,17929.849609375,0.008904589905162998,0.008904589905162998,7.929172137913076e-05,13.449999809265137
2023-02-15,18015.849609375,0.004785004379327248,0.004785004379327248,2.2896266910180944e-05,12.859999656677246
2023-02-16,18035.849609375,0.00110951785824931,0.00110951785824931,1.2310298777741358e-06,12.890000343322754
2023-02-17,17944.19921875,-0.005094522761127012,0.005094522761127012,2.5954162163641194e-05,13.09000015258789
2023-02-20,17844.599609375,-0.005565979846782634,0.005565979846782634,3.0980131654790434e-05,13.380000114440918
2023-02-21,17826.69921875,-0.0010036299610954843,0.0010036299610954843,1.0072730988085231e-06,14.010000228881836
2023-02-22,17554.30078125,-0.015398310946496917,0.015398310946496917,0.0002371079800050068,15.59000015258789
2023-02-23,17511.25,-0.0024554471223785586,0.0024554471223785586,6.029220570797144e-06,15.079999923706055
2023-02-24,17465.80078125,-0.002598803690668268,0.002598803690668268,6.753780622631011e-06,14.1899995803833
2023-02-27,17392.69921875,-0.004194194796816341,0.004194194796816341,1.759126999364127e-05,13.880000114440918
2023-02-28,17303.94921875,-0.005115779048087727,0.005115779048087727,2.6171195268853374e-05,14.020000457763672
2023-03-01,17450.900390625,0.008456491641293511,0.008456491641293511,7.151225087926703e-05,13.0
2023-03-02,17321.900390625,-0.007419626196212839,0.007419626196212839,5.50508528915278e-05,12.970000267028809
2023-03-03,17594.349609375,0.015606186138582535,0.015606186138582535,0.00024355304579208568,12.180000305175781
2023-03-06,17711.44921875,0.006633473404126094,0.006633473404126094,4.400296940324822e-05,12.270000457763672
2023-03-08,17754.400390625,0.0024221155475668,0.0024221155475668,5.866643725764819e-06,12.449999809265137
2023-03-09,17589.599609375,-0.009325598438082557,0.009325598438082557,8.696678622836783e-05,12.729999542236328
2023-03-10,17412.900390625,-0.010096462811863625,0.010096462811863625,0.00010193856131134514,13.40999984741211
2023-03-13,17154.30078125,-0.014962416687813755,0.014962416687813755,0.00022387391313976752,16.219999313354492
2023-03-14,17043.30078125,-0.006491706128142258,0.006491706128142258,4.214224845415974e-05,16.219999313354492
2023-03-15,16972.150390625,-0.004183422059139645,0.004183422059139645,1.7501020124896182e-05,16.299999237060547
2023-03-16,16985.599609375,0.0007921148752918237,0.0007921148752918237,6.274459756585815e-07,16.219999313354492
2023-03-17,17100.05078125,0.0067155298897271865,0.0067155298897271865,4.509834169981924e-05,14.770000457763672
2023-03-20,16988.400390625,-0.006550651968001941,0.006550651968001941,4.2911041205887704e-05,16.010000228881836
2023-03-21,17107.5,0.006986182644570191,0.006986182644570191,4.880674794329375e-05,15.079999923706055
2023-03-22,17151.900390625,0.002592013577443892,0.002592013577443892,6.718534385653483e-06,14.8100004196167
2023-03-23,17076.900390625,-0.0043822814890137705,0.0043822814890137705,1.920439104895275e-05,14.489999771118164
2023-03-24,16945.05078125,-0.007750894050448838,0.007750894050448838,6.0076358581283195e-05,15.239999771118164
2023-03-27,16985.69921875,0.002395965721106003,0.002395965721106003,5.740651736715009e-06,15.449999809265137
2023-03-28,16951.69921875,-0.0020036899079230227,0.0020036899079230227,4.014773247112571e-06,15.100000381469727
2023-03-29,17080.69921875,0.0075810476927372725,0.0075810476927372725,5.7472284119557127e-05,13.630000114440918
2023-03-31,17359.75,0.016205182818433635,0.016205182818433635,0.0002626079501788567,12.9399995803833
2023-04-03,17398.05078125,0.002203867672376198,0.002203867672376198,4.8570327173448816e-06,12.59000015258789
2023-04-05,17557.05078125,0.00909744726853034,0.00909744726853034,8.276354680369014e-05,12.40999984741211
2023-04-06,17599.150390625,0.002395004471214228,0.002395004471214228,5.7360464171361435e-06,11.800000190734863
2023-04-10,17624.05078125,0.0014138632460749291,0.0014138632460749291,1.9990092786015355e-06,12.270000457763672
2023-04-11,17722.30078125,0.005559286811614234,0.005559286811614234,3.090566985378796e-05,11.979999542236328
2023-04-12,17812.400390625,0.005071088231309614,0.005071088231309614,2.5715935849726872e-05,12.270000457763672
2023-04-13,17828.0,0.0008753891763391581,0.0008753891763391581,7.663062100517496e-07,11.90999984741211
2023-04-17,17706.849609375,-0.00681870678285114,0.00681870678285114,4.649476219050014e-05,12.270000457763672
2023-04-18,17660.150390625,-0.0026408372714739102,0.0026408372714739102,6.974021494405767e-06,12.079999923706055
2023-04-19,17618.75,-0.0023470351496987078,0.0023470351496987078,5.508573993921236e-06,12.149999618530273
2023-04-20,17624.44921875,0.00032342232975522987,0.00032342232975522987,1.0460200338430064e-07,11.9399995803833
2023-04-21,17624.05078125,-2.260734499433094e-05,2.260734499433094e-05,5.110920476927002e-10,11.630000114440918
2023-04-24,17743.400390625,0.006749146939408538,0.006749146939408538,4.555098440972764e-05,11.670000076293945
2023-04-25,17769.25,0.0014557975062981768,0.0014557975062981768,2.1193463793439902e-06,11.520000457763672
2023-04-26,17813.599609375,0.002492753268886545,0.002492753268886545,6.213818859544555e-06,11.649999618530273
2023-04-27,17915.05078125,0.005678996739265909,0.005678996739265909,3.225100396459283e-05,11.430000305175781
2023-04-28,18065.0,0.008335179280697748,0.008335179280697748,6.947521364137302e-05,10.949999809265137
2023-05-02,18147.650390625,0.004564732669242972,0.004564732669242972,2.0836784341654066e-05,11.899999618530273
2023-05-03,18089.849609375,-0.003190111363585117,0.003190111363585117,1.0176810512074896e-05,11.84000015258789
2023-05-04,18255.80078125,0.009131894646700034,0.009131894646700034,8.339149983842873e-05,11.729999542236328
2023-05-05,18069.0,-0.010285117822267788,0.010285117822267788,0.0001057836486179305,12.300000190734863
2023-05-08,18264.400390625,0.010756068652657526,0.010756068652657526,0.00011569301286068188,12.640000343322754
2023-05-09,18265.94921875,8.479678637020549e-05,8.479678637020549e-05,7.190494978714267e-09,12.680000305175781
2023-05-10,18315.099609375,0.0026872067245805376,0.0026872067245805376,7.221079980630862e-06,13.079999923706055
2023-05-11,18297.0,-0.0009887229108728535,0.0009887229108728535,9.775729944848887e-07,13.220000267028809
2023-05-12,18314.80078125,0.0009724068345624825,0.0009724068345624825,9.455750519038272e-07,12.850000381469727
2023-05-15,18398.849609375,0.004578622613795238,0.004578622613795238,2.0963785039557136e-05,13.170000076293945
2023-05-16,18286.5,-0.0061250587396132535,0.0061250587396132535,3.75163445637127e-05,13.289999961853027
2023-05-17,18181.75,-0.005744738948538704,0.005744738948538704,3.300202558685758e-05,13.109999656677246
2023-05-18,18129.94921875,-0.0028531199312594804,0.0028531199312594804,8.140293342150102e-06,12.800000190734863
2023-05-19,18203.400390625,0.004043187469679982,0.004043187469679982,1.6347364914977214e-05,12.300000190734863
2023-05-22,18314.400390625,0.0060792457091855085,0.0060792457091855085,3.695722839265042e-05,12.569999694824219
2023-05-23,18348.0,0.0018329197446846867,0.0018329197446846867,3.359594790454977e-06,12.609999656677246
2023-05-24,18285.400390625,-0.003417628155656871,0.003417628155656871,1.1680182210338585e-05,13.109999656677246
2023-05-25,18321.150390625,0.0019532029433287895,0.0019532029433287895,3.815001737828246e-06,12.520000457763672
2023-05-26,18499.349609375,0.009679423693686186,0.009679423693686186,9.369124304189353e-05,11.899999618530273
2023-05-29,18598.650390625,0.005353443226476252,0.005353443226476252,2.8659354379104466e-05,12.300000190734863
2023-05-30,18633.849609375,0.0018907797884415813,0.0018907797884415813,3.575048208379191e-06,12.010000228881836
2023-05-31,18534.400390625,-0.005351312266430236,0.005351312266430236,2.863654297284671e-05,11.970000267028809
2023-06-01,18487.75,-0.0025201353688439534,0.0025201353688439534,6.351082277298249e-06,11.600000381469727
2023-06-02,18534.099609375,0.002503906967370625,0.002503906967370625,6.269550101247161e-06,11.130000114440918
2023-06-05,18593.849609375,0.0032186023111129003,0.0032186023111129003,1.0359400837101302e-05,11.140000343322754
2023-06-06,18599.0,0.00027695595857881204,0.00027695595857881204,7.670460299230865e-08,11.380000114440918
2023-06-07,18726.400390625,0.006826497990157328,0.006826497990157328,4.6601074809622035e-05,11.4399995803833
2023-06-08,18634.55078125,-0.004916887367083021,0.004916887367083021,2.4175781380580602e-05,11.260000228881836
2023-06-09,18563.400390625,-0.003825505177262602,0.003825505177262602,1.4634489861262972e-05,11.119999885559082
2023-06-12,18601.5,0.0020503013499982166,0.0020503013499982166,4.203735625804509e-06,11.25
2023-06-13,18716.150390625,0.00614458574708609,0.00614458574708609,3.7755934003293523e-05,11.109999656677246
2023-06-14,18755.900390625,0.002121582036807868,0.002121582036807868,4.501110338905821e-06,11.15999984741211
2023-06-15,18688.099609375,-0.0036214536561356998,0.0036214536561356998,1.3114926583538627e-05,11.079999923706055
2023-06-16,18826.0,0.007351956368470602,0.007351956368470602,5.405126244389544e-05,10.84000015258789
2023-06-19,18755.44921875,-0.003754557931873424,0.003754557931873424,1.4096705263793641e-05,11.229999542236328
2023-06-20,18816.69921875,0.0032603966930515953,0.0032603966930515953,1.0630186596061778e-05,11.130000114440918
2023-06-21,18856.849609375,0.0021314905059401927,0.0021314905059401927,4.543251776913178e-06,11.289999961853027
2023-06-22,18771.25,-0.004549778379793411,0.004549778379793411,2.0700483305235556e-05,11.550000190734863
2023-06-23,18665.5,-0.005649543898520234,0.005649543898520234,3.1917346261307204e-05,11.239999771118164
2023-06-26,18691.19921875,0.0013758829522746805,0.0013758829522746805,1.8930538983600906e-06,11.399999618530273
2023-06-27,18817.400390625,0.006729211402828641,0.006729211402828641,4.5282286103959e-05,10.779999732971191
2023-06-28,18972.099609375,0.008187463868637099,0.008187463868637099,6.703456460023796e-05,10.890000343322754
2023-06-30,19189.05078125,0.011370386219451868,0.011370386219451868,0.00012928568277950094,10.800000190734863
2023-07-03,19322.55078125,0.006933003527425256,0.006933003527425256,4.806653791129105e-05,11.539999961853027
2023-07-04,19389.0,0.0034330468644171055,0.0034330468644171055,1.178581077328412e-05,11.699999809265137
2023-07-05,19398.5,0.0004898485434720244,0.0004898485434720244,2.399515955416638e-07,11.880000114440918
2023-07-06,19497.30078125,0.005080291021865595,0.005080291021865595,2.5809356866848172e-05,11.84000015258789
2023-07-07,19331.80078125,-0.008524585713268293,0.008524585713268293,7.266856158285788e-05,11.529999732971191
2023-07-10,19355.900390625,0.0012458539412885826,0.0012458539412885826,1.552152043024295e-06,11.460000038146973
2023-07-11,19439.400390625,0.004304651710725516,0.004304651710725516,1.8530026350652113e-05,11.010000228881836
2023-07-12,19384.30078125,-0.00283845407345589,0.00283845407345589,8.056821527118335e-06,10.9399995803833
2023-07-13,19413.75,0.0015180775225879406,0.0015180775225879406,2.3045593645867396e-06,10.9399995803833
2023-07-14,19564.5,0.007735121594226721,0.007735121594226721,5.983210607747253e-05,10.680000305175781
2023-07-17,19711.44921875,0.007482946045497489,0.007482946045497489,5.5994481519826514e-05,11.319999694824219
2023-07-18,19749.25,0.0019158704007220429,0.0019158704007220429,3.670559392362841e-06,11.710000038146973
2023-07-19,19833.150390625,0.00423928389630214,0.00423928389630214,1.7971527953446655e-05,11.600000381469727
2023-07-20,19979.150390625,0.007334449485705515,0.007334449485705515,5.379414925836589e-05,11.789999961853027
2023-07-21,19745.0,-0.011788954585924888,0.011788954585924888,0.00013897945022899944,11.489999771118164
2023-07-24,19672.349609375,-0.0036862180542648424,0.0036862180542648424,1.3588203543588081e-05,11.649999618530273
2023-07-25,19680.599609375,0.00041928243166748923,0.00041928243166748923,1.7579775750500278e-07,10.239999771118164
2023-07-26,19778.30078125,0.0049520574860006375,0.0049520574860006375,2.4522873344654953e-05,10.460000038146973
2023-07-27,19659.900390625,-0.006004368496797154,0.006004368496797154,3.605244104533012e-05,10.510000228881836
2023-07-28,19646.05078125,-0.0007047080421790248,0.0007047080421790248,4.966134247117941e-07,10.140000343322754
2023-07-31,19753.80078125,0.005469577389253641,0.005469577389253641,2.9916276817034677e-05,10.40999984741211
2023-08-01,19733.55078125,-0.0010256449710540406,0.0010256449710540406,1.0519476066484437e-06,10.279999732971191
2023-08-02,19526.55078125,-0.010545154493387934,0.010545154493387934,0.00011120028328941973,11.279999732971191
2023-08-03,19381.650390625,-0.007448355676119346,0.007448355676119346,5.547800227797928e-05,11.1899995803833
2023-08-04,19517.0,0.006959118337332752,0.006959118337332752,4.842932803300097e-05,10.569999694824219
2023-08-07,19597.30078125,0.004105960861445235,0.004105960861445235,1.68589145957201e-05,11.100000381469727
2023-08-08,19570.849609375,-0.0013506471779916257,0.0013506471779916257,1.8242477994167424e-06,11.329999923706055
2023-08-09,19632.55078125,0.0031477485221408875,0.0031477485221408875,9.90832075864014e-06,11.140000343322754
2023-08-10,19543.099609375,-0.004566679886024027,0.004566679886024027,2.0854565181416422e-05,11.399999618530273
2023-08-11,19428.30078125,-0.005891456761763215,0.005891456761763215,3.4709262775725505e-05,11.520000457763672
2023-08-14,19434.55078125,0.0003216439248586792,0.0003216439248586792,1.0345481439849567e-07,12.0
2023-08-16,19465.0,0.0015655309306883672,0.0015655309306883672,2.450887094941985e-06,12.130000114440918
2023-08-17,19365.25,-0.005137758290060533,0.005137758290060533,2.6396560247085733e-05,12.239999771118164
2023-08-18,19310.150390625,-0.0028493381372506382,0.0028493381372506382,8.118727820390937e-06,12.140000343322754
2023-08-21,19393.599609375,0.0043122099570484,0.0043122099570484,1.859515471366736e-05,11.960000038146973
2023-08-22,19396.44921875,0.00014692476375842436,0.00014692476375842436,2.158688620546881e-08,11.75
2023-08-23,19444.0,0.0024485198272942723,0.0024485198272942723,5.995249344653173e-06,11.729999542236328
2023-08-24,19386.69921875,-0.0029513155310064644,0.0029513155310064644,8.710263363559969e-06,11.699999809265137
2023-08-25,19265.80078125,-0.0062556798015631025,0.0062556798015631025,3.913352977968458e-05,12.079999923706055
2023-08-28,19306.05078125,0.0020870149074536447,0.0020870149074536447,4.355631223933745e-06,12.399999618530273
2023-08-29,19342.650390625,0.0018939637920959618,0.0018939637920959618,3.5870988457705157e-06,12.229999542236328
2023-08-30,19347.44921875,0.00024806491573087567,0.00024806491573087567,6.153620241656644e-08,11.800000190734863
2023-08-31,19253.80078125,-0.004852103039648143,0.004852103039648143,2.354290390736275e-05,12.0600004196167
2023-09-01,19435.30078125,0.009382556025202547,0.009382556025202547,8.803235756606462e-05,11.369999885559082
2023-09-04,19528.80078125,0.004799298621963187,0.004799298621963187,2.3033267262777747e-05,10.960000038146973
2023-09-05,19574.900390625,0.002357814188949651,0.002357814188949651,5.5592877496123e-06,10.819999694824219
2023-09-06,19611.05078125,0.0018450694598145603,0.0018450694598145603,3.4042813115403933e-06,10.680000305175781
2023-09-07,19727.05078125,0.005897607236551244,0.005897607236551244,3.47817711166216e-05,10.869999885559082
2023-09-08,19819.94921875,0.004698136818212182,0.004698136818212182,2.207248956264089e-05,10.779999732971191
2023-09-11,19996.349609375,0.008860770587058942,0.008860770587058942,7.851325539648887e-05,11.350000381469727
2023-09-12,19993.19921875,-0.00015756069892455075,0.00015756069892455075,2.4825373845592927e-08,11.6899995803833
2023-09-13,20070.0,0.003833986143147051,0.003833986143147051,1.4699449745843597e-05,11.829999923706055
2023-09-14,20103.099609375,0.0016478497893743786,0.0016478497893743786,2.715408928341184e-06,11.319999694824219
2023-09-15,20192.349609375,0.004429787863222843,0.004429787863222843,1.96230205131564e-05,10.899999618530273
2023-09-18,20133.30078125,-0.0029286010148227575,0.0029286010148227575,8.576703904020885e-06,10.84000015258789
2023-09-20,19901.400390625,-0.011585098803333688,0.011585098803333688,0.00013421451428300365,11.130000114440918
2023-09-21,19742.349609375,-0.00802404589005525,0.00802404589005525,6.438531244571256e-05,10.819999694824219
2023-09-22,19674.25,-0.0034553806166447805,0.0034553806166447805,1.1939655205884464e-05,10.65999984741211
2023-09-25,19674.55078125,1.5287950028248088e-05,1.5287950028248088e-05,2.3372141606621073e-10,10.899999618530273
2023-09-26,19664.69921875,-0.0005008515772894238,0.0005008515772894238,2.508523024733037e-07,11.1899995803833
2023-09-27,19716.44921875,0.002628162551917123,0.002628162551917123,6.907238399299524e-06,11.59000015258789
2023-09-28,19523.55078125,-0.009831803841213342,0.009831803841213342,9.666436677209743e-05,12.819999694824219
2023-09-29,19638.30078125,0.005860311697675281,0.005860311697675281,3.434325319390974e-05,11.449999809265137
2023-10-03,19528.75,-0.005594042173129665,0.005594042173129665,3.129330783475326e-05,11.789999961853027
2023-10-04,19436.099609375,-0.004755597219883326,0.004755597219883326,2.2615704917762023e-05,11.65999984741211
2023-10-05,19545.75,0.005625729970019748,0.005625729970019748,3.16488376955784e-05,10.9399995803833
2023-10-06,19653.5,0.005497568008546022,0.005497568008546022,3.0223254008588673e-05,10.300000190734863
2023-10-09,19512.349609375,-0.007207861089913015,0.007207861089913015,5.1953261491482034e-05,11.399999618530273
2023-10-10,19689.849609375,0.0090556762901256,0.0090556762901256,8.200527307154294e-05,11.270000457763672
2023-10-11,19811.349609375,0.00615173136873013,0.00615173136873013,3.7843798833018285e-05,10.989999771118164
2023-10-12,19794.0,-0.0008761245971014768,0.0008761245971014768,7.675943096462251e-07,10.619999885559082
2023-10-13,19751.05078125,-0.002172167428733089,0.002172167428733089,4.7183113384489195e-06,10.619999885559082
2023-10-16,19731.75,-0.0009776805295215437,0.0009776805295215437,9.55859217805526e-07,11.069999694824219
2023-10-17,19811.5,0.004033563661320618,0.004033563661320618,1.6269635809926185e-05,10.699999809265137
2023-10-18,19671.099609375,-0.007112043473065063,0.007112043473065063,5.0581162362767364e-05,10.970000267028809
2023-10-19,19624.69921875,-0.002361596586600212,0.002361596586600212,5.577138437841773e-06,10.899999618530273
2023-10-20,19542.650390625,-0.004189660467809165,0.004189660467809165,1.7553254835522912e-05,10.819999694824219
2023-10-23,19281.75,-0.01344022395196905,0.01344022395196905,0.00018063961987908254,10.90999984741211
2023-10-25,19122.150390625,-0.008311683270009834,0.008311683270009834,6.908407878096137e-05,11.3100004196167
2023-10-26,18857.25,-0.013949914095014037,0.013949914095014037,0.0001946001032582713,11.729999542236328
2023-10-27,19047.25,0.010025278863763394,0.010025278863763394,0.00010050621629622106,10.90999984741211
2023-10-30,19140.900390625,0.004904693073893485,0.004904693073893485,2.4056014149098724e-05,11.489999771118164
2023-10-31,19079.599609375,-0.003207746304394414,0.003207746304394414,1.0289636353356019e-05,11.829999923706055
2023-11-01,18989.150390625,-0.004751896973195711,0.004751896973195711,2.258052484386656e-05,12.050000190734863
2023-11-02,19133.25,0.007559875254064636,0.007559875254064636,5.715171385701885e-05,11.079999923706055
2023-11-03,19230.599609375,0.005075080802081226,0.005075080802081226,2.575644514765342e-05,10.880000114440918
2023-11-06,19411.75,0.009375812778954773,0.009375812778954773,8.790586526601162e-05,11.109999656677246
2023-11-07,19406.69921875,-0.0002602258142791332,0.0002602258142791332,6.771747441723793e-08,11.1899995803833
2023-11-08,19443.5,0.0018944969651071763,0.0018944969651071763,3.589118750800302e-06,11.039999961853027
2023-11-09,19395.30078125,-0.0024820150223140987,0.0024820150223140987,6.160398570992856e-06,10.979999542236328
2023-11-10,19425.349609375,0.0015480850435944918,0.0015480850435944918,2.3965673022009597e-06,11.109999656677246
2023-11-13,19443.55078125,0.0009365417093074231,0.0009365417093074231,8.771103732724697e-07,11.1899995803833
2023-11-15,19675.44921875,0.011856190289938534,0.011856190289938534,0.00014056924819123279,11.140000343322754
2023-11-16,19765.19921875,0.004551150068331243,0.004551150068331243,2.0712966944471477e-05,11.649999618530273
2023-11-17,19731.80078125,-0.0016911889743673853,0.0016911889743673853,2.860120147021809e-06,11.829999923706055
2023-11-20,19694.0,-0.0019175662679732529,0.0019175662679732529,3.677060392068869e-06,12.149999618530273
2023-11-21,19783.400390625,0.004529201141300913,0.004529201141300913,2.051366297836149e-05,12.229999542236328
2023-11-22,19811.849609375,0.0014370018446946907,0.0014370018446946907,2.064974301655944e-06,11.869999885559082
2023-11-23,19802.0,-0.0004972811112830416,0.0004972811112830416,2.4728850363889684e-07,11.319999694824219
2023-11-24,19794.69921875,-0.0003687570669664962,0.0003687570669664962,1.3598177443773295e-07,11.329999923706055
2023-11-28,19889.69921875,0.004787784883390938,0.004787784883390938,2.2922884089626782e-05,12.180000305175781
2023-11-29,20096.599609375,0.010348656573869122,0.010348656573869122,0.00010709469288388459,12.710000038146973
2023-11-30,20133.150390625,0.0018171025823992028,0.0018171025823992028,3.3018617949618514e-06,12.6899995803833
2023-12-01,20267.900390625,0.00667064331563437,0.00667064331563437,4.44974822444175e-05,12.380000114440918
2023-12-04,20686.80078125,0.020457480483773903,0.020457480483773903,0.00041850850774399013,12.989999771118164
2023-12-05,20855.099609375,0.008102650447744338,0.008102650447744338,6.565294427833151e-05,13.460000038146973
2023-12-06,20937.69921875,0.003952820545223537,0.003952820545223537,1.5624790262741298e-05,13.739999771118164
2023-12-07,20901.150390625,-0.0017471243957791426,0.0017471243957791426,3.052443654326634e-06,12.670000076293945
2023-12-08,20969.400390625,0.0032600507599202964,0.0032600507599202964,1.0627930957256902e-05,12.470000267028809
2023-12-11,20997.099609375,0.001320063516009915,0.001320063516009915,1.7425676863004588e-06,12.760000228881836
2023-12-12,20906.400390625,-0.004328963470418101,0.004328963470418101,1.873992472821433e-05,12.710000038146973
2023-12-13,20926.349609375,0.0009537608817135473,0.0009537608817135473,9.096598194870033e-07,12.069999694824219
2023-12-14,21182.69921875,0.012175662163725103,0.012175662163725103,0.00014824674912516705,12.319999694824219
2023-12-15,21456.650390625,0.012849864921501506,0.012849864921501506,0.00016511902850083491,13.130000114440918
2023-12-18,21418.650390625,-0.0017725827811074615,0.0017725827811074615,3.1420497158786626e-06,13.899999618530273
2023-12-19,21453.099609375,0.001607082806947435,0.001607082806947435,2.5827151483860464e-06,13.869999885559082
2023-12-20,21150.150390625,-0.014222122733049722,0.014222122733049722,0.0002022687750339297,14.449999809265137
2023-12-21,21255.05078125,0.004947534816775346,0.004947534816775346,2.4478100763204257e-05,13.760000228881836
2023-12-22,21349.400390625,0.004429103580375731,0.004429103580375731,1.961695852569712e-05,13.710000038146973
2023-12-26,21441.349609375,0.004297627887901326,0.004297627887901326,1.8469605462867216e-05,14.680000305175781
2023-12-27,21654.75,0.009903547502138933,0.009903547502138933,9.80802531271223e-05,15.5600004196167
2023-12-28,21778.69921875,0.0057075621422148105,0.0057075621422148105,3.257626560724371e-05,15.140000343322754
2023-12-29,21731.400390625,-0.0021741548367498844,0.0021741548367498844,4.726949254162916e-06,14.5
2024-01-01,21741.900390625,0.0004830551173010514,0.0004830551173010514,2.333422463507325e-07,
2024-01-02,21665.80078125,-0.0035062758581720864,0.0035062758581720864,1.22939703936004e-05,14.579999923706055
2024-01-03,21517.349609375,-0.006875448193459907,0.006875448193459907,4.72717878609511e-05,14.100000381469727
2024-01-04,21658.599609375,0.006543017882762483,0.006543017882762483,4.2811083014149646e-05,13.329999923706055
2024-01-05,21710.80078125,0.0024072823978970102,0.0024072823978970102,5.7950085432247794e-06,12.630000114440918
2024-01-08,21513.0,-0.009152465005292239,0.009152465005292239,8.376761567309906e-05,13.460000038146973
2024-01-09,21544.849609375,0.001479387172036867,0.001479387172036867,2.1885864047872387e-06,13.260000228881836
2024-01-10,21618.69921875,0.003421854015216792,0.003421854015216792,1.170908490145528e-05,12.970000267028809
2024-01-11,21647.19921875,0.001317434984659037,0.001317434984659037,1.735634938803557e-06,12.770000457763672
2024-01-12,21894.55078125,0.011361703346499745,0.011361703346499745,0.0001290883029338635,13.100000381469727
2024-01-15,22097.44921875,0.009224398809286917,0.009224398809286917,8.508953339277389e-05,13.789999961853027
2024-01-16,22032.30078125,-0.002952587985615914,0.002952587985615914,8.717775812803441e-06,13.569999694824219
2024-01-17,21571.94921875,-0.021115770473744744,0.021115770473744744,0.0004458757626998703,15.079999923706055
2024-01-18,21462.25,-0.0050982455047793645,0.0050982455047793645,2.5992107227002997e-05,14.069999694824219
2024-01-19,21622.400390625,0.007434254509367264,0.007434254509367264,5.52681401100475e-05,13.880000114440918
2024-01-23,21238.80078125,-0.017900098054810153,0.017900098054810153,0.00032041351037181824,14.850000381469727
2024-01-24,21453.94921875,0.010079006802925212,0.010079006802925212,0.00010158637813341271,14.380000114440918
2024-01-25,21352.599609375,-0.004735247364061254,0.004735247364061254,2.2422567598849052e-05,13.869999885559082
2024-01-29,21737.599609375,0.01786996821930258,0.01786996821930258,0.0003193357641588842,15.680000305175781
2024-01-30,21522.099609375,-0.009963166019046519,0.009963166019046519,9.926467712308325e-05,16.100000381469727
2024-01-31,21725.69921875,0.009415559590485083,0.009415559590485083,8.865276240197562e-05,16.049999237060547
2024-02-01,21697.44921875,-0.00130114950214822,0.00130114950214822,1.692990026940561e-06,14.460000038146973
2024-02-02,21853.80078125,0.007180149098767169,0.007180149098767169,5.155454108052699e-05,14.699999809265137
2024-02-05,21771.69921875,-0.0037639297855089193,0.0037639297855089193,1.416716743024122e-05,15.619999885559082
2024-02-06,21929.400390625,0.007217294659854949,0.007217294659854949,5.2089342207170765e-05,15.789999961853027
2024-02-07,21930.5,5.014190025218764e-05,5.014190025218764e-05,2.5142101609003353e-09,15.510000228881836
2024-02-08,21717.94921875,-0.009739290405751649,0.009739290405751649,9.485377760756611e-05,15.829999923706055
2024-02-09,21782.5,0.0029678235415700974,0.0029678235415700974,8.807976573897675e-06,15.449999809265137
2024-02-12,21616.05078125,-0.007670764664605448,0.007670764664605448,5.884063053975953e-05,16.059999465942383
2024-02-13,21743.25,0.005867234081485647,0.005867234081485647,3.4424435766946725e-05,15.8100004196167
2024-02-14,21840.05078125,0.004442111482625561,0.004442111482625561,1.9732354424073864e-05,15.4399995803833
2024-02-15,21910.75,0.003231907943473083,0.003231907943473083,1.0445228955084413e-05,15.229999542236328
2024-02-16,22040.69921875,0.005913324803860001,0.005913324803860001,3.496741023594592e-05,15.220000267028809
2024-02-19,22122.25,0.0036931806134258504,0.0036931806134258504,1.363958304338454e-05,
2024-02-20,22196.94921875,0.003370967472487328,0.003370967472487328,1.1363421700567603e-05,16.06999969482422
2024-02-21,22055.05078125,-0.006413220819374543,0.006413220819374543,4.1129401278059086e-05,15.930000305175781
2024-02-22,22217.44921875,0.007336344949249518,0.007336344949249518,5.382195721437892e-05,15.199999809265137
2024-02-23,22212.69921875,-0.000213818777795819,0.000213818777795819,4.571846973809782e-08,14.970000267028809
2024-02-26,22122.05078125,-0.004089278221713085,0.004089278221713085,1.6722196374576936e-05,15.600000381469727
2024-02-27,22198.349609375,0.003443060208267885,0.003443060208267885,1.1854663597757692e-05,15.729999542236328
2024-02-28,21951.150390625,-0.011198396451173726,0.011198396451173726,0.0001254040830776603,16.329999923706055
2024-02-29,21982.80078125,0.0014408171929075416,0.0014408171929075416,2.0759541833779677e-06,15.569999694824219
2024-03-01,22338.75,0.0160624736924449,0.0160624736924449,0.0002580030611204845,15.239999771118164
2024-03-04,22405.599609375,0.0029880715530739466,0.0029880715530739466,8.928571606289746e-06,14.920000076293945
2024-03-05,22356.30078125,-0.0022027147028049303,0.0022027147028049303,4.851952061953012e-06,14.380000114440918
2024-03-06,22474.05078125,0.0052531495595052715,0.0052531495595052715,2.7595580294530428e-05,14.300000190734863
2024-03-07,22493.55078125,0.0008672911404987264,0.0008672911404987264,7.521939223875817e-07,13.609999656677246
2024-03-11,22332.650390625,-0.007178885448103384,0.007178885448103384,5.153639627699052e-05,14.0
2024-03-12,22335.69921875,0.00013650954899359894,0.00013650954899359894,1.8634856966435792e-08,13.640000343322754
2024-03-13,21997.69921875,-0.015248393356596964,0.015248393356596964,0.00023251349995751045,14.430000305175781
2024-03-14,22146.650390625,0.006748394232673185,0.006748394232673185,4.55408247195767e-05,13.619999885559082
2024-03-15,22023.349609375,-0.005583024746448362,0.005583024746448362,3.1170165319454796e-05,13.6899995803833
2024-03-18,22055.69921875,0.001467800056624233,0.001467800056624233,2.1544370062261017e-06,13.899999618530273
2024-03-19,21817.44921875,-0.010860963960358783,0.010860963960358783,0.00011796053814821234,14.109999656677246
2024-03-20,21839.099609375,0.0009918508439663014,0.0009918508439663014,9.837680966766644e-07,13.470000267028809
2024-03-21,22011.94921875,0.007883528864675105,0.007883528864675105,6.215002736016554e-05,12.510000228881836
2024-03-22,22096.75,0.0038450866714008036,0.0038450866714008036,1.4784691510584111e-05,12.220000267028809
2024-03-26,22004.69921875,-0.004174507484794188,0.004174507484794188,1.74265127406027e-05,12.819999694824219
2024-03-27,22123.650390625,0.005391158338500764,0.005391158338500764,2.9064588230786317e-05,12.699999809265137
2024-03-28,22326.900390625,0.009145057280234776,0.009145057280234776,8.363207265877508e-05,12.829999923706055
2024-04-01,22462.0,0.006032745520934439,0.006032745520934439,3.639401852035453e-05,12.079999923706055
2024-04-02,22453.30078125,-0.00038736104211539534,0.00038736104211539534,1.5004857694872507e-07,11.649999618530273
2024-04-03,22434.650390625,-0.0008309754048160305,0.0008309754048160305,6.905201234091658e-07,11.369999885559082
2024-04-04,22514.650390625,0.0035595696965144527,0.0035595696965144527,1.2670536424343993e-05,11.220000267028809
2024-04-05,22513.69921875,-4.22476898839797e-05,4.22476898839797e-05,1.7848673005329207e-09,11.34000015258789
2024-04-08,22666.30078125,0.006755296273493474,0.006755296273493474,4.563402774267481e-05,11.609999656677246
2024-04-09,22642.75,-0.0010395619844089984,0.0010395619844089984,1.0806891194283745e-06,11.359999656677246
2024-04-10,22753.80078125,0.004892486360835239,0.004892486360835239,2.393642279095884e-05,11.109999656677246
2024-04-12,22519.400390625,-0.01035502147176367,0.01035502147176367,0.00010722646968068666,11.529999732971191
2024-04-15,22272.5,-0.011024443666037696,0.011024443666037696,0.00012153835814563866,12.470000267028809
2024-04-16,22147.900390625,-0.005610032105390299,0.005610032105390299,3.147246022350991e-05,12.619999885559082
2024-04-18,21995.849609375,-0.006888920065700564,0.006888920065700564,4.745721967161186e-05,13.039999961853027
2024-04-19,22147.0,0.006848265696137249,0.006848265696137249,4.6898743044890195e-05,13.460000038146973
2024-04-22,22336.400390625,0.008515605079627573,0.008515605079627573,7.251552987217892e-05,12.699999809265137
2024-04-23,22368.0,0.0014137138340638612,0.0014137138340638612,1.9985868046235427e-06,10.199999809265137
2024-04-24,22402.400390625,0.001536747364098986,0.001536747364098986,2.3615924610651813e-06,10.279999732971191
2024-04-25,22570.349609375,0.007468967297299811,0.007468967297299811,5.5785472488134035e-05,10.729999542236328
2024-04-26,22419.94921875,-0.006685928069119567,0.006685928069119567,4.4701634145440895e-05,10.930000305175781
2024-04-29,22643.400390625,0.009917283345523465,0.009917283345523465,9.835250895539708e-05,12.239999771118164
2024-04-30,22604.849609375,-0.0017039682453004383,0.0017039682453004383,2.9035077809922547e-06,12.869999885559082
2024-05-02,22648.19921875,0.0019158763335262374,0.0019158763335262374,3.6705821253659385e-06,13.449999809265137
2024-05-03,22475.849609375,-0.0076389620148829334,0.0076389620148829334,5.835374066482433e-05,14.619999885559082
2024-05-06,22442.69921875,-0.0014760226012829026,0.0014760226012829026,2.1786427194979464e-06,16.600000381469727
2024-05-07,22302.5,-0.0062665796554610105,0.0062665796554610105,3.927002057823784e-05,17.010000228881836
2024-05-08,22302.5,0.0,0.0,0.0,17.079999923706055
2024-05-09,21957.5,-0.015590012996666094,0.015590012996666094,0.0002430485052362177,18.200000762939453
2024-05-10,22055.19921875,0.004439599522660019,0.004439599522660019,1.9710043921603072e-05,18.469999313354492
2024-05-13,22104.05078125,0.002212518664983643,0.002212518664983643,4.895238842901002e-06,20.600000381469727
2024-05-14,22217.849609375,0.005135117275633606,0.005135117275633606,2.636942943451071e-05,20.200000762939453
2024-05-15,22200.55078125,-0.0007789037357247285,0.0007789037357247285,6.066910295259377e-07,20.270000457763672
2024-05-16,22403.849609375,0.00911570311987133,0.00911570311987133,8.309604336963188e-05,20.0
2024-05-17,22466.099609375,0.0027746873362616406,0.0027746873362616406,7.698889814010719e-06,19.799999237060547
2024-05-21,22529.05078125,0.002798133238882937,0.002798133238882937,7.829549622541514e-06,21.809999465942383
2024-05-22,22597.80078125,0.0030469687473969323,0.0030469687473969323,9.28401854761363e-06,21.469999313354492
2024-05-23,22967.650390625,0.01623413013834582,0.01623413013834582,0.00026354698134874806,21.3799991607666
2024-05-24,22957.099609375,-0.00045948127907615604,0.00045948127907615604,2.111230458214604e-07,21.709999084472656
2024-05-27,22932.44921875,-0.0010743358183047916,0.0010743358183047916,1.1541974504926263e-06,23.190000534057617
2024-05-28,22888.150390625,-0.00193357757447097,0.00193357757447097,3.73872223649704e-06,24.200000762939453
2024-05-29,22704.69921875,-0.0080474093408375,0.0080474093408375,6.476079709899866e-05,24.18000030517578
2024-05-30,22488.650390625,-0.00956116224385675,0.00956116224385675,9.141582345335186e-05,24.18000030517578
2024-05-31,22530.69921875,0.0018680341105537352,0.0018680341105537352,3.4895514381922844e-06,24.600000381469727
2024-06-03,23263.900390625,0.03202403067452011,0.03202403067452011,0.0010255385406426048,20.940000534057617
2024-06-04,21884.5,-0.06112419596275757,0.06112419596275757,0.0037361673320935886,26.75
2024-06-05,22620.349609375,0.03307130264902321,0.03307130264902321,0.0010937110589032894,18.889999389648438
2024-06-06,22821.400390625,0.008848783029735371,0.008848783029735371,7.83009611073327e-05,16.799999237060547
2024-06-07,23290.150390625,0.02033183181806326,0.02033183181806326,0.0004133833850780096,16.8799991607666
2024-06-10,23259.19921875,-0.0013298220789751808,0.0013298220789751808,1.768426761729872e-06,16.399999618530273
2024-06-11,23264.849609375,0.00024290193115634738,0.00024290193115634738,5.900134815948292e-08,14.770000457763672
2024-06-12,23322.94921875,0.002494199810096445,0.002494199810096445,6.221032692685143e-06,14.390000343322754
2024-06-13,23398.900390625,0.0032512085635553246,0.0032512085635553246,1.0570357123735478e-05,13.489999771118164
2024-06-14,23465.599609375,0.0028464728647632507,0.0028464728647632507,8.102407769833507e-06,12.819999694824219
2024-06-18,23557.900390625,0.0039257349959185015,0.0039257349959185015,1.5411395258179236e-05,12.970000267028809
2024-06-19,23516.0,-0.0017801967265448713,0.0017801967265448713,3.1691003852010753e-06,13.710000038146973
2024-06-20,23567.0,0.0021663878659495613,0.0021663878659495613,4.6932363857334945e-06,13.350000381469727
2024-06-21,23501.099609375,-0.0028002164622532473,0.0028002164622532473,7.841212235474092e-06,13.180000305175781
2024-06-24,23537.849609375,0.0015625352218749532,0.0015625352218749532,2.4415163195998093e-06,14.0600004196167
2024-06-25,23721.30078125,0.007763664467508334,0.007763664467508334,6.027448596405146e-05,14.3100004196167
2024-06-26,23868.80078125,0.006198787876631016,0.006198787876631016,3.842497113946766e-05,14.050000190734863
2024-06-27,24044.5,0.007334080659762657,0.007334080659762657,5.3788739123904646e-05,14.149999618530273
2024-06-28,24010.599609375,-0.0014108969297394127,0.0014108969297394127,1.9906301463481012e-06,13.800000190734863
2024-07-01,24141.94921875,0.00545557559691747,0.00545557559691747,2.976330509368141e-05,13.829999923706055
2024-07-02,24123.849609375,-0.0007499973340487516,0.0007499973340487516,5.624960010802348e-07,13.640000343322754
2024-07-03,24286.5,0.006719678910168409,0.006719678910168409,4.51540846557621e-05,13.210000038146973
2024-07-04,24302.150390625,0.0006441994597673961,0.0006441994597673961,4.1499294396460495e-07,12.859999656677246
2024-07-05,24323.849609375,0.0008924945580705119,0.0008924945580705119,7.965465361854782e-07,12.699999809265137
2024-07-08,24320.55078125,-0.0001356303337513403,0.0001356303337513403,1.8395587433499963e-08,13.600000381469727
2024-07-09,24433.19921875,0.00462112711188291,0.00462112711188291,2.1354815784179286e-05,14.279999732971191
2024-07-10,24324.44921875,-0.004460845993233708,0.004460845993233708,1.9899146975349223e-05,14.430000305175781
2024-07-11,24315.94921875,-0.0003495037195243165,0.0003495037195243165,1.221528499613321e-07,14.0
2024-07-12,24502.150390625,0.007628403248955412,0.007628403248955412,5.819253612867348e-05,13.729999542236328
2024-07-15,24586.69921875,0.0034447298074261035,0.0034447298074261035,1.186616344616988e-05,14.1899995803833
2024-07-16,24613.0,0.0010691440871768358,0.0010691440871768358,1.1430690791451896e-06,14.220000267028809
2024-07-18,24800.849609375,0.007603152387120198,0.007603152387120198,5.7807926221771566e-05,14.510000228881836
2024-07-19,24530.900390625,-0.010944347737899481,0.010944347737899481,0.0001197787474080655,14.829999923706055
2024-07-22,24509.25,-0.0008829659721330775,0.0008829659721330775,7.796289079449105e-07,15.4399995803833
2024-07-23,24479.05078125,-0.0012329157000276177,0.0012329157000276177,1.5200811233745907e-06,12.75
2024-07-24,24413.5,-0.00268142363114976,0.00268142363114976,7.190032689688365e-06,11.760000228881836
2024-07-25,24406.099609375,-0.0003031729363163769,0.0003031729363163769,9.191382931469393e-08,12.619999885559082
2024-07-26,24834.849609375,0.01741480789992859,0.01741480789992859,0.00030327553419141526,12.25
2024-07-29,24836.099609375,5.0331230625744864e-05,5.0331230625744864e-05,2.5332327763019178e-09,12.949999809265137
2024-07-30,24857.30078125,0.0008532792280141148,0.0008532792280141148,7.280854409603638e-07,12.880000114440918
2024-07-31,24951.150390625,0.0037684255675633532,0.0037684255675633532,1.420103125826518e-05,13.25
2024-08-01,25010.900390625,0.002391816490734086,0.002391816490734086,5.720786125347518e-06,12.930000305175781
2024-08-02,24717.69921875,-0.011792190883304469,0.011792190883304469,0.00013905576582828904,14.319999694824219
2024-08-05,24055.599609375,-0.02715175314145156,0.02715175314145156,0.0007372176986543246,20.3700008392334
2024-08-06,23992.55078125,-0.0026244033870099497,0.0026244033870099497,6.887493137749296e-06,18.739999771118164
2024-08-07,24297.5,0.012630066341245293,0.012630066341245293,0.00015951857578425725,16.170000076293945
2024-08-08,24117.0,-0.007456478381555143,0.007456478381555143,5.559906985459921e-05,16.600000381469727
2024-08-09,24367.5,0.010333291215294636,0.010333291215294636,0.00010677690734008529,15.34000015258789
2024-08-12,24347.0,-0.0008416385761983504,0.0008416385761983504,7.083554929451866e-07,15.869999885559082
2024-08-13,24139.0,-0.00857984886239657,0.00857984886239657,7.361380650156772e-05,16.170000076293945
2024-08-14,24143.75,0.0001967576418212346,0.0001967576418212346,3.8713569615053245e-08,15.4399995803833
2024-08-16,24541.150390625,0.016325768935141063,0.016325768935141063,0.00026653073132361696,14.399999618530273
2024-08-19,24572.650390625,0.0012827353541420893,0.0012827353541420893,1.6454099887660312e-06,14.319999694824219
2024-08-20,24698.849609375,0.0051226163083365125,0.0051226163083365125,2.62411978424352e-05,13.819999694824219
2024-08-21,24770.19921875,0.0028846181820890576,0.0028846181820890576,8.32102205643878e-06,13.329999923706055
2024-08-22,24811.5,0.0016659691560852782,0.0016659691560852782,2.775453229027494e-06,13.0
2024-08-23,24823.150390625,0.0004694458708691634,0.0004694458708691634,2.2037942567610723e-07,13.550000190734863
2024-08-26,25010.599609375,0.007523018148105455,0.007523018148105455,5.659580205672403e-05,13.800000190734863
2024-08-27,25017.75,0.0002858535502177548,0.0002858535502177548,8.171225217209446e-08,13.630000114440918
2024-08-28,25052.349609375,0.0013820469762269526,0.0013820469762269526,1.910053844498063e-06,13.949999809265137
2024-08-29,25151.94921875,0.003967777356455909,0.003967777356455909,1.574325715040424e-05,13.789999961853027
2024-08-30,25235.900390625,0.003332202116407902,0.003332202116407902,1.11035709445933e-05,13.390000343322754
2024-09-02,25278.69921875,0.0016945136137639853,0.0016945136137639853,2.8713763872314807e-06,14.0600004196167
2024-09-03,25279.849609375,4.550726442364936e-05,4.550726442364936e-05,2.070911115323943e-09,13.84000015258789
2024-09-04,25198.69921875,-0.003215245383183467,0.003215245383183467,1.0337802874082599e-05,14.380000114440918
2024-09-05,25145.099609375,-0.0021293438665674616,0.0021293438665674616,4.534105302088468e-06,14.210000038146973
2024-09-06,24852.150390625,-0.011718747382249265,0.011718747382249265,0.000137329040208974,15.220000267028809
2024-09-09,24936.400390625,0.003384315433638339,0.003384315433638339,1.1453590954362658e-05,14.239999771118164
2024-09-10,25041.099609375,0.0041898603137641086,0.0041898603137641086,1.7554929448855474e-05,13.359999656677246
2024-09-11,24918.44921875,-0.004909997784499106,0.004909997784499106,2.4108078243786125e-05,13.630000114440918
2024-09-12,25388.900390625,0.018703624424743968,0.018703624424743968,0.00034982556662187914,13.180000305175781
2024-09-13,25356.5,-0.0012769785942554214,0.0012769785942554214,1.630674330186552e-06,12.550000190734863
2024-09-16,25383.75,0.0010740980826790941,0.0010740980826790941,1.1536866912149062e-06,12.460000038146973
2024-09-17,25418.55078125,0.0013700476615561017,0.0013700476615561017,1.8770305949353425e-06,12.59000015258789
2024-09-18,25377.55078125,-0.0016142974615182065,0.0016142974615182065,2.6059562942641254e-06,13.369999885559082
2024-09-19,25415.80078125,0.0015061029073179838,0.0015061029073179838,2.2683459674316835e-06,12.470000267028809
2024-09-20,25790.94921875,0.014652566289984728,0.014652566289984728,0.0002146976988823968,12.789999961853027
2024-09-23,25939.05078125,0.005725960454112572,0.005725960454112572,3.278662312206105e-05,13.789999961853027
2024-09-24,25940.400390625,5.20286681844374e-05,5.20286681844374e-05,2.706982313046288e-09,13.390000343322754
2024-09-25,26004.150390625,0.0024545416621303915,0.0024545416621303915,6.024774771133825e-06,12.739999771118164
2024-09-26,26216.05078125,0.008115692736807522,0.008115692736807522,6.586446859827037e-05,12.0
2024-09-27,26178.94921875,-0.0014162255444679923,0.0014162255444679923,2.0056947928036613e-06,11.960000038146973
2024-09-30,25810.849609375,-0.014160691857076434,0.014160691857076434,0.00020052519387107082,12.789999961853027
2024-10-01,25796.900390625,-0.0005405862138807384,0.0005405862138807384,2.9223345463791147e-07,11.989999771118164
2024-10-03,25250.099609375,-0.02142424417261006,0.02142424417261006,0.00045899823836761613,13.170000076293945
2024-10-04,25014.599609375,-0.009370461848646757,0.009370461848646757,8.78055552569444e-05,14.130000114440918
2024-10-07,24795.75,-0.008787371273170997,0.008787371273170997,7.721789389255086e-05,15.079999923706055
2024-10-08,25013.150390625,0.008729434677965052,0.008729434677965052,7.62030297968588e-05,14.59000015258789
2024-10-09,24981.94921875,-0.0012481693673798233,0.0012481693673798233,1.5579267696653484e-06,14.119999885559082
2024-10-10,24998.44921875,0.0006602588660852999,0.0006602588660852999,4.3594177024424596e-07,13.5
2024-10-11,24964.25,-0.0013689902517646816,0.0013689902517646816,1.8741343094267263e-06,13.220000267028809
2024-10-14,25127.94921875,0.006535939888908111,0.006535939888908111,4.271851023142018e-05,13.0
2024-10-15,25057.349609375,-0.0028135592532655376,0.0028135592532655376,7.91611567163613e-06,13.0
2024-10-16,24971.30078125,-0.003439985380697183,0.003439985380697183,1.1833499419410343e-05,13.050000190734863
2024-10-17,24749.849609375,-0.008907784090014885,0.008907784090014885,7.934861739432231e-05,13.390000343322754
2024-10-18,24854.05078125,0.004201335956550517,0.004201335956550517,1.765122381980425e-05,13.039999961853027
2024-10-21,24781.099609375,-0.002939498473548445,0.002939498473548445,8.640651275993637e-06,13.760000228881836
2024-10-22,24472.099609375,-0.012547572909439223,0.012547572909439223,0.0001574415859176931,14.399999618530273
2024-10-23,24435.5,-0.0014966842167451323,0.0014966842167451323,2.24006364465399e-06,14.619999885559082
2024-10-24,24399.400390625,-0.0014784351216731097,0.0014784351216731097,2.1857704089965827e-06,13.970000267028809
2024-10-25,24180.80078125,-0.00899959570008371,0.00899959570008371,8.099272276496521e-05,14.630000114440918
2024-10-28,24339.150390625,0.006527218917237164,0.006527218917237164,4.26045867935387e-05,14.289999961853027
2024-10-29,24466.849609375,0.0052329430871703615,0.0052329430871703615,2.7383693353564072e-05,14.520000457763672
2024-10-30,24340.849609375,-0.00516313130612327,0.00516313130612327,2.665792488427018e-05,15.510000228881836
2024-10-31,24205.349609375,-0.00558232586918934,0.00558232586918934,3.1162362109820526e-05,15.550000190734863
2024-11-01,24304.349609375,0.004081663627652918,0.004081663627652918,1.6659977969304776e-05,15.899999618530273
2024-11-04,23995.349609375,-0.012795285302364113,0.012795285302364113,0.0001637193259688951,16.690000534057617
2024-11-05,24213.30078125,0.009042055940529129,0.009042055940529129,8.17587756316581e-05,16.1200008392334
2024-11-06,24484.05078125,0.011119815807918394,0.011119815807918394,0.0001236503036020318,14.869999885559082
2024-11-07,24199.349609375,-0.011696159889418445,0.011696159889418445,0.00013680015615884087,14.9399995803833
2024-11-08,24148.19921875,-0.0021159463488489003,0.0021159463488489003,4.477228951206993e-06,14.470000267028809
2024-11-11,24141.30078125,-0.00028571169910344984,0.00028571169910344984,8.163117500458026e-08,14.270000457763672
2024-11-12,23883.44921875,-0.010738381367723213,0.010738381367723213,0.00011531283439866507,14.59000015258789
2024-11-13,23559.05078125,-0.013675649189030194,0.013675649189030194,0.0001870233807414222,15.4399995803833
2024-11-14,23532.69921875,-0.0011191584619590343,0.0011191584619590343,1.2525156629745111e-06,14.779999732971191
2024-11-18,23453.80078125,-0.003358348106569627,0.003358348106569627,1.1278502004899799e-05,15.170000076293945
2024-11-19,23518.5,0.002754783503889256,0.002754783503889256,7.588832153300367e-06,15.65999984741211
2024-11-21,23349.900390625,-0.007194627306794726,0.007194627306794726,5.176266208367633e-05,15.989999771118164
2024-11-22,23907.25,0.02358904203763299,0.02358904203763299,0.0005564429042532164,16.100000381469727
2024-11-25,24221.900390625,0.013075438521712217,0.013075438521712217,0.00017096709253507577,15.300000190734863
2024-11-26,24194.5,-0.0011318641340202825,0.0011318641340202825,1.281116417881484e-06,15.3100004196167
2024-11-27,24274.900390625,0.0033175761911502914,0.0033175761911502914,1.1006311784087274e-05,14.630000114440918
2024-11-28,23914.150390625,-0.0149725605075969,0.0149725605075969,0.00022417756815365034,15.210000038146973
2024-11-29,24131.099609375,0.009031098528695802,0.009031098528695802,8.156074063501148e-05,14.430000305175781
2024-12-02,24276.05078125,0.005988850983542634,0.005988850983542634,3.586633610307958e-05,14.699999809265137
2024-12-03,24457.150390625,0.007432322879372628,0.007432322879372628,5.523942338324584e-05,14.369999885559082
2024-12-04,24467.44921875,0.0004210081782723239,0.0004210081782723239,1.7724788617218084e-07,14.449999809265137
2024-12-05,24708.400390625,0.009799651742121284,0.009799651742121284,9.603317426686071e-05,14.529999732971191
2024-12-06,24677.80078125,-0.0012391968835286232,0.0012391968835286232,1.5356089161470522e-06,14.140000343322754
2024-12-09,24619.0,-0.002385583169878571,0.002385583169878571,5.691007060407891e-06,14.109999656677246
2024-12-10,24610.05078125,-0.00036357470666444975,0.00036357470666444975,1.3218656732614067e-07,13.779999732971191
2024-12-11,24641.80078125,0.0012892918089711122,0.0012892918089711122,1.662273368680003e-06,13.270000457763672
2024-12-12,24548.69921875,-0.003785351792322941,0.003785351792322941,1.4328888191642502e-05,13.1899995803833
2024-12-13,24768.30078125,0.008905773422254015,0.008905773422254015,7.931280024852599e-05,13.050000190734863
2024-12-16,24668.25,-0.004047649614185296,0.004047649614185296,1.6383467399214376e-05,14.020000457763672
2024-12-17,24336.0,-0.01356025614827435,0.01356025614827435,0.00018388054680681232,14.489999771118164
2024-12-18,24198.849609375,-0.005651640286891943,0.005651640286891943,3.194103793242004e-05,14.369999885559082
2024-12-19,23951.69921875,-0.01026582529903898,0.01026582529903898,0.00010538716907038876,14.510000228881836
2024-12-20,23587.5,-0.015322359236337606,0.015322359236337606,0.00023477469256738036,15.069999694824219
2024-12-23,23753.44921875,0.007010839504245724,0.007010839504245724,4.915187055429243e-05,13.520000457763672
2024-12-24,23727.650390625,-0.0010866989549987555,0.0010866989549987555,1.1809146187953873e-06,13.180000305175781
2024-12-26,23750.19921875,0.0009498673594489271,0.0009498673594489271,9.022480005464772e-07,14.039999961853027
2024-12-27,23813.400390625,0.002657545248501766,0.002657545248501766,7.062546747834313e-06,13.239999771118164
2024-12-30,23644.900390625,-0.007101000468431965,0.007101000468431965,5.042420765267098e-05,13.970000267028809
